001a7b72-711e-49af-8996-ef08adcd74e3	0cc7e874-b0c1-40e6-ad47-f143af321c87	("(""(""""(widget)"""",widget)"",id)",c5c27e68-1a4b-42e7-9c8e-c8fa7fadaa3e)
00618a42-cb5f-4681-bac9-821d06d74f1c	7729adb8-aad9-4360-877c-b415db80db0a	("(""(""""(widget)"""",widget)"",id)",94438cca-7073-4440-85d4-7a28576d7ed1)
010270eb-0a2b-40aa-85c8-8e7cba17fded	d7c4ac14-7b1e-4f17-808e-5733cf68f77f	("(""(""""(widget)"""",widget)"",id)",ac294312-bd44-4f99-bfff-1313e97df9a7)
02cf26fd-478b-431b-a208-eda7741b0537	5a3a9935-a8e7-4178-bb25-e66b59b6b1c8	("(""(""""(widget)"""",widget)"",id)",1335cdfd-24db-44dc-ac91-3b4e4c5267ca)
066a0dac-0dbc-4f9a-96cb-a1656f92357c	7729adb8-aad9-4360-877c-b415db80db0a	("(""(""""(widget)"""",widget)"",id)",d41c9132-6ecf-44e3-b1e9-fd83ef58dbce)
06cf459b-8415-4eb9-831e-648542525ba5	28b9ee84-8d56-4232-a167-c7446682133e	("(""(""""(widget)"""",widget)"",id)",d41c9132-6ecf-44e3-b1e9-fd83ef58dbce)
093cc33f-9339-4669-9a30-16dab170f359	28b9ee84-8d56-4232-a167-c7446682133e	("(""(""""(widget)"""",widget)"",id)",1335cdfd-24db-44dc-ac91-3b4e4c5267ca)
09b38eb9-5b34-4bc8-acaf-908b318ac001	94fb4c6e-c7cf-4629-ad37-6306c8e51c2c	("(""(""""(endpoint)"""",resource)"",id)",66511858-1f9f-4214-9868-68af32699d1b)
0a40803e-f33d-425d-9e32-dab36b4f5eab	5a3a9935-a8e7-4178-bb25-e66b59b6b1c8	("(""(""""(widget)"""",widget)"",id)",6173195d-17b4-46a8-8915-b93ca3c54df8)
0aab79be-b76f-497f-b5ba-5a1c589b64dc	288b53fa-1828-4e3d-9556-e19558a1586c	("(""(""""(endpoint)"""",resource)"",id)",66511858-1f9f-4214-9868-68af32699d1b)
0ba07b5c-0819-4a78-afb5-db1f2ad35237	1f3549fe-f031-4664-9388-4b95e10694e2	("(""(""""(widget)"""",widget)"",id)",8c212247-ec13-4d86-a905-85875a0365c5)
10801e12-88eb-41e3-9f60-4c96e26d3deb	1f3549fe-f031-4664-9388-4b95e10694e2	("(""(""""(widget)"""",widget_dependency_js)"",id)",c6af5741-02c6-4d51-ba6e-c622750137ed)
11fa4b1b-9551-4112-b1f4-b63dd79f8342	0cc7e874-b0c1-40e6-ad47-f143af321c87	("(""(""""(widget)"""",widget)"",id)",d41c9132-6ecf-44e3-b1e9-fd83ef58dbce)
12102643-8b70-4fe8-9d4e-875b07007396	1cd345ce-c41e-4c1d-9e1c-72790dbea8dc	("(""(""""(widget)"""",widget)"",id)",6173195d-17b4-46a8-8915-b93ca3c54df8)
129a1f23-bd32-41ae-972b-378dfecfc513	5a3a9935-a8e7-4178-bb25-e66b59b6b1c8	("(""(""""(endpoint)"""",template_route)"",id)",97428372-fe10-4937-957f-34a767d572e4)
1818dbb7-4c5d-4393-bce5-f47edf67f5a4	94fb4c6e-c7cf-4629-ad37-6306c8e51c2c	("(""(""""(widget)"""",widget)"",id)",6173195d-17b4-46a8-8915-b93ca3c54df8)
185fb27b-a68b-4961-8561-e86953bc8fa4	94fb4c6e-c7cf-4629-ad37-6306c8e51c2c	("(""(""""(widget)"""",widget)"",id)",8c212247-ec13-4d86-a905-85875a0365c5)
19014a19-61bc-4c9a-bce9-8bb445f584fe	b146b042-ce24-430f-989c-e81940142ba3	("(""(""""(widget)"""",widget)"",id)",d41c9132-6ecf-44e3-b1e9-fd83ef58dbce)
1b73b0f0-59e0-469d-a320-db336eeb0204	3de004d5-aee6-4274-a874-11e1f011894c	("(""(""""(widget)"""",widget)"",id)",1335cdfd-24db-44dc-ac91-3b4e4c5267ca)
1ba93b6d-c2dd-498e-98f2-86c7d4cf1187	1578cee6-baee-42cc-a9fb-5ed3b14acd45	("(""(""""(widget)"""",widget)"",id)",d41c9132-6ecf-44e3-b1e9-fd83ef58dbce)
1cf85174-f768-48fe-9b1c-2cd9d0d9b7f0	fa8d38ca-4ffb-4a53-bd3d-8b7d45bdeb8f	("(""(""""(widget)"""",widget)"",id)",3554e3d4-a96e-4a80-9458-6616cad959e9)
1d99b5fb-352f-4f90-bf74-5cdc0e4ee961	d7c4ac14-7b1e-4f17-808e-5733cf68f77f	("(""(""""(widget)"""",widget)"",id)",c5c27e68-1a4b-42e7-9c8e-c8fa7fadaa3e)
1f182a4d-c284-4b81-9f81-9ee456650558	0cc7e874-b0c1-40e6-ad47-f143af321c87	("(""(""""(widget)"""",widget)"",id)",8c212247-ec13-4d86-a905-85875a0365c5)
214596ef-cddd-4aed-8f14-a0531649ac39	288b53fa-1828-4e3d-9556-e19558a1586c	("(""(""""(widget)"""",widget)"",id)",c5c27e68-1a4b-42e7-9c8e-c8fa7fadaa3e)
2200a718-497a-4fd3-bf0f-50e691f6c05f	1f3549fe-f031-4664-9388-4b95e10694e2	("(""(""""(widget)"""",widget)"",id)",3554e3d4-a96e-4a80-9458-6616cad959e9)
24fdecd1-fcc5-4eae-8b6e-911fb81aca44	94fb4c6e-c7cf-4629-ad37-6306c8e51c2c	("(""(""""(widget)"""",widget)"",id)",d41c9132-6ecf-44e3-b1e9-fd83ef58dbce)
250985ef-aa0a-40ca-98f2-e31ae50ccd85	288b53fa-1828-4e3d-9556-e19558a1586c	("(""(""""(widget)"""",widget_route)"",id)",788fdcbd-d672-4ff7-9c30-e6f2cc1dcc34)
2526b443-a85b-4064-ba7c-36f41efbfeb7	1cd345ce-c41e-4c1d-9e1c-72790dbea8dc	("(""(""""(widget)"""",widget)"",id)",1335cdfd-24db-44dc-ac91-3b4e4c5267ca)
26450258-6f6c-4cf9-b31a-2a7616c4b5b3	b146b042-ce24-430f-989c-e81940142ba3	("(""(""""(widget)"""",widget_dependency_js)"",id)",c6af5741-02c6-4d51-ba6e-c622750137ed)
289cf583-03c1-4ea6-8fe1-9b12a1bfda7a	288b53fa-1828-4e3d-9556-e19558a1586c	("(""(""""(widget)"""",widget)"",id)",94438cca-7073-4440-85d4-7a28576d7ed1)
2994a372-9b36-491b-bfb9-7b33760c1297	94fb4c6e-c7cf-4629-ad37-6306c8e51c2c	("(""(""""(widget)"""",widget)"",id)",ac294312-bd44-4f99-bfff-1313e97df9a7)
2bdba970-710c-401d-803c-4ea2bcb2f1c2	288b53fa-1828-4e3d-9556-e19558a1586c	("(""(""""(widget)"""",widget)"",id)",8c212247-ec13-4d86-a905-85875a0365c5)
33fc5330-2328-454f-8d16-bab226148c38	1f3549fe-f031-4664-9388-4b95e10694e2	("(""(""""(widget)"""",widget)"",id)",94438cca-7073-4440-85d4-7a28576d7ed1)
36f20ebe-c9ca-49c4-9bb4-23b53c8c49b3	d4a3c851-6792-4013-91c9-f33340e0f709	("(""(""""(widget)"""",widget)"",id)",6173195d-17b4-46a8-8915-b93ca3c54df8)
3782f1c0-fba7-4d58-9cbb-052f7f176346	288b53fa-1828-4e3d-9556-e19558a1586c	("(""(""""(widget)"""",widget)"",id)",3554e3d4-a96e-4a80-9458-6616cad959e9)
38225a4b-6b6f-41f9-beb0-6c0f8f6b1e04	fa8d38ca-4ffb-4a53-bd3d-8b7d45bdeb8f	("(""(""""(endpoint)"""",resource)"",id)",66511858-1f9f-4214-9868-68af32699d1b)
39b00e57-1483-465b-aa51-245818cdefeb	288b53fa-1828-4e3d-9556-e19558a1586c	("(""(""""(widget)"""",widget)"",id)",1335cdfd-24db-44dc-ac91-3b4e4c5267ca)
3aaf751e-2343-4373-81c0-8a6cb92de235	1578cee6-baee-42cc-a9fb-5ed3b14acd45	("(""(""""(widget)"""",widget)"",id)",6173195d-17b4-46a8-8915-b93ca3c54df8)
3ad1ed99-9cb4-4d26-8577-79e1ec0ca59d	b146b042-ce24-430f-989c-e81940142ba3	("(""(""""(widget)"""",widget)"",id)",3554e3d4-a96e-4a80-9458-6616cad959e9)
3b40f8a5-d689-4bf4-92b9-ccb1d7da4f13	288b53fa-1828-4e3d-9556-e19558a1586c	("(""(""""(widget)"""",widget)"",id)",6173195d-17b4-46a8-8915-b93ca3c54df8)
3e9d3d43-172b-4441-a940-70335471ad33	d4a3c851-6792-4013-91c9-f33340e0f709	("(""(""""(endpoint)"""",resource)"",id)",66511858-1f9f-4214-9868-68af32699d1b)
3f87f181-8fac-44a4-88dc-b53ac4d41ca4	3de004d5-aee6-4274-a874-11e1f011894c	("(""(""""(widget)"""",widget)"",id)",8c212247-ec13-4d86-a905-85875a0365c5)
446ba953-cb6d-4a28-82ea-adb83d43c03c	d7c4ac14-7b1e-4f17-808e-5733cf68f77f	("(""(""""(widget)"""",widget)"",id)",6173195d-17b4-46a8-8915-b93ca3c54df8)
46904498-963e-41fd-8b3a-693572673fc0	5a3a9935-a8e7-4178-bb25-e66b59b6b1c8	("(""(""""(widget)"""",widget)"",id)",ac294312-bd44-4f99-bfff-1313e97df9a7)
49f83525-b361-4780-947b-e864ea037f9f	d7c4ac14-7b1e-4f17-808e-5733cf68f77f	("(""(""""(widget)"""",widget)"",id)",3554e3d4-a96e-4a80-9458-6616cad959e9)
4dd541d0-77c8-44f1-ba71-d78b20b94828	1f3549fe-f031-4664-9388-4b95e10694e2	("(""(""""(widget)"""",widget)"",id)",d41c9132-6ecf-44e3-b1e9-fd83ef58dbce)
4f421f1a-8a9e-478f-b7af-606afb197aff	0cc7e874-b0c1-40e6-ad47-f143af321c87	("(""(""""(widget)"""",widget_dependency_js)"",id)",c6af5741-02c6-4d51-ba6e-c622750137ed)
4f533223-2ed3-47b0-9cbf-50147bb14cca	3de004d5-aee6-4274-a874-11e1f011894c	("(""(""""(widget)"""",widget_route)"",id)",788fdcbd-d672-4ff7-9c30-e6f2cc1dcc34)
515411d4-8099-43da-9e0e-0e27ee4a5730	94fb4c6e-c7cf-4629-ad37-6306c8e51c2c	("(""(""""(widget)"""",widget_dependency_js)"",id)",c6af5741-02c6-4d51-ba6e-c622750137ed)
52eb7757-3cb2-42b3-9035-24db55bc3676	3de004d5-aee6-4274-a874-11e1f011894c	("(""(""""(widget)"""",widget)"",id)",ac294312-bd44-4f99-bfff-1313e97df9a7)
53928d81-802e-440e-a9d1-77f672f8b7b5	5a3a9935-a8e7-4178-bb25-e66b59b6b1c8	("(""(""""(endpoint)"""",resource)"",id)",66511858-1f9f-4214-9868-68af32699d1b)
53c7f405-dd81-4592-9b90-ddba0fa76ba4	d7c4ac14-7b1e-4f17-808e-5733cf68f77f	("(""(""""(endpoint)"""",resource)"",id)",66511858-1f9f-4214-9868-68af32699d1b)
54914178-e4de-4137-a218-d174193bd84f	1f3549fe-f031-4664-9388-4b95e10694e2	("(""(""""(widget)"""",widget)"",id)",1335cdfd-24db-44dc-ac91-3b4e4c5267ca)
5bb86b07-993b-4c17-b42e-e78d9349fcf5	1cd345ce-c41e-4c1d-9e1c-72790dbea8dc	("(""(""""(widget)"""",widget)"",id)",94438cca-7073-4440-85d4-7a28576d7ed1)
5cccab1d-5e5e-4729-99eb-cea34df50743	5a3a9935-a8e7-4178-bb25-e66b59b6b1c8	("(""(""""(widget)"""",widget)"",id)",8c212247-ec13-4d86-a905-85875a0365c5)
5d97d5ad-f0e0-483a-89b8-f0291e226796	28b9ee84-8d56-4232-a167-c7446682133e	("(""(""""(widget)"""",widget)"",id)",8c212247-ec13-4d86-a905-85875a0365c5)
5e200308-994a-4a14-8642-f668370bae78	d7c4ac14-7b1e-4f17-808e-5733cf68f77f	("(""(""""(widget)"""",widget_dependency_js)"",id)",c6af5741-02c6-4d51-ba6e-c622750137ed)
5e530d78-f9aa-4766-9efc-50391c6f1a96	d7c4ac14-7b1e-4f17-808e-5733cf68f77f	("(""(""""(widget)"""",widget)"",id)",d41c9132-6ecf-44e3-b1e9-fd83ef58dbce)
5eb61b50-22aa-4081-a692-fa1272806b41	1578cee6-baee-42cc-a9fb-5ed3b14acd45	("(""(""""(widget)"""",widget)"",id)",8c212247-ec13-4d86-a905-85875a0365c5)
6080400b-a780-4b75-b6f3-f14442771eb2	b146b042-ce24-430f-989c-e81940142ba3	("(""(""""(widget)"""",widget)"",id)",8c212247-ec13-4d86-a905-85875a0365c5)
6084392e-f7dd-41d0-bdc5-15b4e40055e9	d7c4ac14-7b1e-4f17-808e-5733cf68f77f	("(""(""""(widget)"""",widget)"",id)",1335cdfd-24db-44dc-ac91-3b4e4c5267ca)
62938c93-2892-4aeb-a6da-a7e90e988a49	fa8d38ca-4ffb-4a53-bd3d-8b7d45bdeb8f	("(""(""""(widget)"""",widget)"",id)",d41c9132-6ecf-44e3-b1e9-fd83ef58dbce)
643f39e1-acfb-4665-9f7c-a104217ffad3	288b53fa-1828-4e3d-9556-e19558a1586c	("(""(""""(widget)"""",widget)"",id)",ac294312-bd44-4f99-bfff-1313e97df9a7)
65f8ffa7-bdf9-4e1a-a7ee-5f262fc02ebc	b146b042-ce24-430f-989c-e81940142ba3	("(""(""""(widget)"""",widget)"",id)",1335cdfd-24db-44dc-ac91-3b4e4c5267ca)
6736bed8-be6a-4cb4-8695-15313c15015a	49b17915-459d-471e-8c6f-233b8fdd17ab	("(""(""""(widget)"""",widget)"",id)",94438cca-7073-4440-85d4-7a28576d7ed1)
690f4e95-b035-493c-bb59-2db4edebcce6	1f3549fe-f031-4664-9388-4b95e10694e2	("(""(""""(endpoint)"""",resource)"",id)",66511858-1f9f-4214-9868-68af32699d1b)
6add4db6-fdcc-4d4d-bf67-542331d8cd06	1578cee6-baee-42cc-a9fb-5ed3b14acd45	("(""(""""(widget)"""",widget)"",id)",94438cca-7073-4440-85d4-7a28576d7ed1)
6b098c2b-465c-4106-9d30-08644248ae5c	0cc7e874-b0c1-40e6-ad47-f143af321c87	("(""(""""(widget)"""",widget)"",id)",1335cdfd-24db-44dc-ac91-3b4e4c5267ca)
6e7c08c4-25f6-4edb-a989-7641da9e2d9d	d4a3c851-6792-4013-91c9-f33340e0f709	("(""(""""(widget)"""",widget)"",id)",8c212247-ec13-4d86-a905-85875a0365c5)
6ec122d6-3728-4782-b886-231f09b1aa6e	49b17915-459d-471e-8c6f-233b8fdd17ab	("(""(""""(widget)"""",widget)"",id)",d41c9132-6ecf-44e3-b1e9-fd83ef58dbce)
7c37d89c-8829-422b-86a1-4eddd7a010d6	5a3a9935-a8e7-4178-bb25-e66b59b6b1c8	("(""(""""(widget)"""",widget_dependency_js)"",id)",c6af5741-02c6-4d51-ba6e-c622750137ed)
7e54bda9-f846-48d0-9d35-3d5b89cc21cc	3de004d5-aee6-4274-a874-11e1f011894c	("(""(""""(widget)"""",widget)"",id)",94438cca-7073-4440-85d4-7a28576d7ed1)
7f3577d0-e92f-491e-a2e4-22fb2230a892	5a3a9935-a8e7-4178-bb25-e66b59b6b1c8	("(""(""""(widget)"""",widget)"",id)",c5c27e68-1a4b-42e7-9c8e-c8fa7fadaa3e)
85b2f3e2-cd97-4b18-8bd8-e130eaa811b8	7729adb8-aad9-4360-877c-b415db80db0a	("(""(""""(widget)"""",widget)"",id)",6173195d-17b4-46a8-8915-b93ca3c54df8)
8b54ac22-9184-43c6-bbad-9354d2fe29f3	d4a3c851-6792-4013-91c9-f33340e0f709	("(""(""""(widget)"""",widget)"",id)",ac294312-bd44-4f99-bfff-1313e97df9a7)
8b69f4a4-e1d0-4bbb-b77e-1b66cef69b01	28b9ee84-8d56-4232-a167-c7446682133e	("(""(""""(widget)"""",widget)"",id)",94438cca-7073-4440-85d4-7a28576d7ed1)
9121a58f-b589-47c2-abff-570335d80408	0cc7e874-b0c1-40e6-ad47-f143af321c87	("(""(""""(widget)"""",widget)"",id)",94438cca-7073-4440-85d4-7a28576d7ed1)
915a6b28-8a26-42e3-a2f4-82fb6efba9a6	0cc7e874-b0c1-40e6-ad47-f143af321c87	("(""(""""(endpoint)"""",resource)"",id)",66511858-1f9f-4214-9868-68af32699d1b)
917ed4a9-b449-441e-9eaf-e049ca112272	49b17915-459d-471e-8c6f-233b8fdd17ab	("(""(""""(endpoint)"""",resource)"",id)",66511858-1f9f-4214-9868-68af32699d1b)
934c8e24-2ac9-452a-ac07-e70caafe20e6	28b9ee84-8d56-4232-a167-c7446682133e	("(""(""""(widget)"""",widget)"",id)",ac294312-bd44-4f99-bfff-1313e97df9a7)
94e5c6ad-6b55-4514-b80b-aec124af201f	1578cee6-baee-42cc-a9fb-5ed3b14acd45	("(""(""""(endpoint)"""",resource)"",id)",66511858-1f9f-4214-9868-68af32699d1b)
97289f4b-c93b-428a-843c-96c460f21a95	d4a3c851-6792-4013-91c9-f33340e0f709	("(""(""""(widget)"""",widget)"",id)",3554e3d4-a96e-4a80-9458-6616cad959e9)
9b4f0c73-88f7-4ba6-8ca8-95088769ec5a	1cd345ce-c41e-4c1d-9e1c-72790dbea8dc	("(""(""""(widget)"""",widget)"",id)",8c212247-ec13-4d86-a905-85875a0365c5)
9d0c8f5a-2244-4be5-8b70-1de6f0671598	b146b042-ce24-430f-989c-e81940142ba3	("(""(""""(widget)"""",widget)"",id)",ac294312-bd44-4f99-bfff-1313e97df9a7)
9f748928-b5be-49d7-b9f3-e7bd968d8626	b146b042-ce24-430f-989c-e81940142ba3	("(""(""""(endpoint)"""",resource)"",id)",66511858-1f9f-4214-9868-68af32699d1b)
9f9688fc-1437-4992-bcfd-73cad9e98296	d4a3c851-6792-4013-91c9-f33340e0f709	("(""(""""(widget)"""",widget)"",id)",1335cdfd-24db-44dc-ac91-3b4e4c5267ca)
9fa432bf-dc97-4428-aaa2-7aa4f667f1ff	28b9ee84-8d56-4232-a167-c7446682133e	("(""(""""(widget)"""",widget)"",id)",3554e3d4-a96e-4a80-9458-6616cad959e9)
a073afd2-f09d-41a8-bc22-d0016e24fd38	94fb4c6e-c7cf-4629-ad37-6306c8e51c2c	("(""(""""(widget)"""",widget)"",id)",c5c27e68-1a4b-42e7-9c8e-c8fa7fadaa3e)
a2fe5949-3f1a-4f3b-b19b-ef3586812038	94fb4c6e-c7cf-4629-ad37-6306c8e51c2c	("(""(""""(widget)"""",widget)"",id)",94438cca-7073-4440-85d4-7a28576d7ed1)
a6ab77d8-361b-4680-b57f-c7d610655281	28b9ee84-8d56-4232-a167-c7446682133e	("(""(""""(widget)"""",widget_dependency_js)"",id)",c6af5741-02c6-4d51-ba6e-c622750137ed)
a7271642-9f98-4872-92d9-0dc5e6042624	1f3549fe-f031-4664-9388-4b95e10694e2	("(""(""""(widget)"""",widget)"",id)",c5c27e68-1a4b-42e7-9c8e-c8fa7fadaa3e)
a96dc918-d787-4b0e-8a9e-45321f88144b	0cc7e874-b0c1-40e6-ad47-f143af321c87	("(""(""""(widget)"""",widget)"",id)",3554e3d4-a96e-4a80-9458-6616cad959e9)
aa8d9546-7033-412c-b46c-5832b8499847	d7c4ac14-7b1e-4f17-808e-5733cf68f77f	("(""(""""(widget)"""",widget)"",id)",8c212247-ec13-4d86-a905-85875a0365c5)
adb4a5d5-2f15-4289-8142-ec462a306c33	49b17915-459d-471e-8c6f-233b8fdd17ab	("(""(""""(widget)"""",widget)"",id)",1335cdfd-24db-44dc-ac91-3b4e4c5267ca)
b439e634-e47d-4b11-978c-9a6c4fadcbf0	1f3549fe-f031-4664-9388-4b95e10694e2	("(""(""""(endpoint)"""",template_route)"",id)",97428372-fe10-4937-957f-34a767d572e4)
b513791d-16d0-46cd-bfea-e61cd26ea677	3de004d5-aee6-4274-a874-11e1f011894c	("(""(""""(widget)"""",widget_dependency_js)"",id)",c6af5741-02c6-4d51-ba6e-c622750137ed)
b560f7cb-f88c-4af5-ac8c-9e72330174a6	fa8d38ca-4ffb-4a53-bd3d-8b7d45bdeb8f	("(""(""""(widget)"""",widget)"",id)",1335cdfd-24db-44dc-ac91-3b4e4c5267ca)
b6eafc62-f97d-475b-aea3-99799a3f6819	1f3549fe-f031-4664-9388-4b95e10694e2	("(""(""""(widget)"""",widget)"",id)",6173195d-17b4-46a8-8915-b93ca3c54df8)
b8c7569b-f1b4-4ed8-817a-912ac63ae098	5a3a9935-a8e7-4178-bb25-e66b59b6b1c8	("(""(""""(widget)"""",widget)"",id)",d41c9132-6ecf-44e3-b1e9-fd83ef58dbce)
be79df98-7684-4252-9b62-aa4f708fd9e7	3de004d5-aee6-4274-a874-11e1f011894c	("(""(""""(widget)"""",widget)"",id)",d41c9132-6ecf-44e3-b1e9-fd83ef58dbce)
be9a0311-7d6e-4dcf-bf26-2ea76bcf2fbb	1cd345ce-c41e-4c1d-9e1c-72790dbea8dc	("(""(""""(endpoint)"""",resource)"",id)",66511858-1f9f-4214-9868-68af32699d1b)
c4393961-b62f-4d6b-893a-f42ae54c6ab8	49b17915-459d-471e-8c6f-233b8fdd17ab	("(""(""""(widget)"""",widget)"",id)",3554e3d4-a96e-4a80-9458-6616cad959e9)
c4b91cb5-004a-4b34-b2ce-7a42e2d28ab3	7729adb8-aad9-4360-877c-b415db80db0a	("(""(""""(endpoint)"""",resource)"",id)",66511858-1f9f-4214-9868-68af32699d1b)
c55bf0d4-a5b3-45fe-a5f2-0f648f6bac7f	3de004d5-aee6-4274-a874-11e1f011894c	("(""(""""(widget)"""",widget)"",id)",3554e3d4-a96e-4a80-9458-6616cad959e9)
c57836d5-d0e1-46ad-89de-718b81980471	b146b042-ce24-430f-989c-e81940142ba3	("(""(""""(widget)"""",widget)"",id)",94438cca-7073-4440-85d4-7a28576d7ed1)
c83f594e-aa17-4ffd-b37c-7938c761059b	7729adb8-aad9-4360-877c-b415db80db0a	("(""(""""(widget)"""",widget)"",id)",3554e3d4-a96e-4a80-9458-6616cad959e9)
c8be159c-c1a7-466d-91d5-26ed79273966	b146b042-ce24-430f-989c-e81940142ba3	("(""(""""(widget)"""",widget)"",id)",c5c27e68-1a4b-42e7-9c8e-c8fa7fadaa3e)
ca27aaaf-1cfc-4f2d-b368-d19275c5e7bf	1f3549fe-f031-4664-9388-4b95e10694e2	("(""(""""(widget)"""",widget)"",id)",ac294312-bd44-4f99-bfff-1313e97df9a7)
cab828ec-669b-4204-ab6e-82e07b5b3f77	1cd345ce-c41e-4c1d-9e1c-72790dbea8dc	("(""(""""(widget)"""",widget)"",id)",ac294312-bd44-4f99-bfff-1313e97df9a7)
cbd9319d-020d-48a2-8630-5542e2e46cf8	49b17915-459d-471e-8c6f-233b8fdd17ab	("(""(""""(widget)"""",widget)"",id)",8c212247-ec13-4d86-a905-85875a0365c5)
cdc106ba-33e8-49bb-966d-9dd78d04ba3f	1cd345ce-c41e-4c1d-9e1c-72790dbea8dc	("(""(""""(widget)"""",widget)"",id)",3554e3d4-a96e-4a80-9458-6616cad959e9)
ced6f9d4-c182-4a6b-a3e0-3ca1e7f77784	1cd345ce-c41e-4c1d-9e1c-72790dbea8dc	("(""(""""(widget)"""",widget)"",id)",d41c9132-6ecf-44e3-b1e9-fd83ef58dbce)
d0913a75-fa07-4ab4-881e-ba3aa67b9137	1cd345ce-c41e-4c1d-9e1c-72790dbea8dc	("(""(""""(widget)"""",widget_dependency_js)"",id)",c6af5741-02c6-4d51-ba6e-c622750137ed)
d1f07d53-0e4a-4bfb-9c91-5d1abd3bc9d5	288b53fa-1828-4e3d-9556-e19558a1586c	("(""(""""(widget)"""",widget)"",id)",d41c9132-6ecf-44e3-b1e9-fd83ef58dbce)
d536ea72-f259-49b8-86c6-b87f8183c85a	fa8d38ca-4ffb-4a53-bd3d-8b7d45bdeb8f	("(""(""""(widget)"""",widget)"",id)",94438cca-7073-4440-85d4-7a28576d7ed1)
d6b078c0-dd08-4c06-a1b2-5720b36b70bb	d7c4ac14-7b1e-4f17-808e-5733cf68f77f	("(""(""""(widget)"""",widget_route)"",id)",788fdcbd-d672-4ff7-9c30-e6f2cc1dcc34)
d8e27aed-fd44-4903-992c-ed2946548e7f	5a3a9935-a8e7-4178-bb25-e66b59b6b1c8	("(""(""""(widget)"""",widget)"",id)",94438cca-7073-4440-85d4-7a28576d7ed1)
d9cd10b4-c373-4044-b5e4-88f20a02e018	fa8d38ca-4ffb-4a53-bd3d-8b7d45bdeb8f	("(""(""""(widget)"""",widget)"",id)",6173195d-17b4-46a8-8915-b93ca3c54df8)
d9f3ddf8-732b-4032-863b-8f56ca1bff31	3de004d5-aee6-4274-a874-11e1f011894c	("(""(""""(endpoint)"""",resource)"",id)",66511858-1f9f-4214-9868-68af32699d1b)
da1b5ae4-f19e-40c0-af8c-92f77c8f2b91	b146b042-ce24-430f-989c-e81940142ba3	("(""(""""(widget)"""",widget)"",id)",6173195d-17b4-46a8-8915-b93ca3c54df8)
dad19cb4-fe60-4e4f-86d4-0b0b90bc5efc	0cc7e874-b0c1-40e6-ad47-f143af321c87	("(""(""""(widget)"""",widget)"",id)",ac294312-bd44-4f99-bfff-1313e97df9a7)
db2b2a8a-f315-49fe-9b43-9f83cfe631e9	0cc7e874-b0c1-40e6-ad47-f143af321c87	("(""(""""(widget)"""",widget)"",id)",6173195d-17b4-46a8-8915-b93ca3c54df8)
db820f2b-1e14-41c4-82f6-b11443560047	28b9ee84-8d56-4232-a167-c7446682133e	("(""(""""(widget)"""",widget)"",id)",6173195d-17b4-46a8-8915-b93ca3c54df8)
dda2cba6-02af-4f38-ac1c-e732c426058a	d7c4ac14-7b1e-4f17-808e-5733cf68f77f	("(""(""""(widget)"""",widget)"",id)",94438cca-7073-4440-85d4-7a28576d7ed1)
e1a63fac-ca2d-42b0-8752-7182fca5400f	94fb4c6e-c7cf-4629-ad37-6306c8e51c2c	("(""(""""(widget)"""",widget)"",id)",1335cdfd-24db-44dc-ac91-3b4e4c5267ca)
e4079525-5d86-40f0-84cd-2dce27a0bf9d	3de004d5-aee6-4274-a874-11e1f011894c	("(""(""""(widget)"""",widget)"",id)",6173195d-17b4-46a8-8915-b93ca3c54df8)
e40fd967-3a69-4dab-9963-9c36509e8918	d4a3c851-6792-4013-91c9-f33340e0f709	("(""(""""(widget)"""",widget)"",id)",94438cca-7073-4440-85d4-7a28576d7ed1)
e5ba8abf-157b-4daf-aafd-a83f74f5466d	94fb4c6e-c7cf-4629-ad37-6306c8e51c2c	("(""(""""(widget)"""",widget)"",id)",3554e3d4-a96e-4a80-9458-6616cad959e9)
e6225980-984c-4c11-a225-784708fdeab5	1578cee6-baee-42cc-a9fb-5ed3b14acd45	("(""(""""(widget)"""",widget)"",id)",1335cdfd-24db-44dc-ac91-3b4e4c5267ca)
e9b9ca4d-0f1f-4996-bb0d-d7a1ed058594	49b17915-459d-471e-8c6f-233b8fdd17ab	("(""(""""(widget)"""",widget)"",id)",6173195d-17b4-46a8-8915-b93ca3c54df8)
ea47e921-120e-4b98-9cbf-3f325a56e431	28b9ee84-8d56-4232-a167-c7446682133e	("(""(""""(endpoint)"""",resource)"",id)",66511858-1f9f-4214-9868-68af32699d1b)
ec9ba88a-42c4-4198-a632-4e583c87f12a	d4a3c851-6792-4013-91c9-f33340e0f709	("(""(""""(widget)"""",widget)"",id)",d41c9132-6ecf-44e3-b1e9-fd83ef58dbce)
ede20fca-1bb7-404b-b72a-161fe86b9756	7729adb8-aad9-4360-877c-b415db80db0a	("(""(""""(widget)"""",widget)"",id)",1335cdfd-24db-44dc-ac91-3b4e4c5267ca)
eeb090bc-6f3d-4df7-9fbf-b82605c5a42a	5a3a9935-a8e7-4178-bb25-e66b59b6b1c8	("(""(""""(widget)"""",widget)"",id)",3554e3d4-a96e-4a80-9458-6616cad959e9)
f46907dc-a401-469c-863d-5ea92b0a1e16	7729adb8-aad9-4360-877c-b415db80db0a	("(""(""""(widget)"""",widget)"",id)",8c212247-ec13-4d86-a905-85875a0365c5)
f4eb296f-3f8a-4570-996e-44bac72ccddf	1578cee6-baee-42cc-a9fb-5ed3b14acd45	("(""(""""(widget)"""",widget)"",id)",3554e3d4-a96e-4a80-9458-6616cad959e9)
f71e59ed-d3c5-49cc-a24b-f514d8f64213	3de004d5-aee6-4274-a874-11e1f011894c	("(""(""""(widget)"""",widget)"",id)",c5c27e68-1a4b-42e7-9c8e-c8fa7fadaa3e)
fb8b68f2-047b-4385-b72d-e6ec29f9b948	fa8d38ca-4ffb-4a53-bd3d-8b7d45bdeb8f	("(""(""""(widget)"""",widget)"",id)",8c212247-ec13-4d86-a905-85875a0365c5)
fe0af3b5-13f6-4400-9e0a-10003fabe3de	288b53fa-1828-4e3d-9556-e19558a1586c	("(""(""""(widget)"""",widget_dependency_js)"",id)",c6af5741-02c6-4d51-ba6e-c622750137ed)
