00287bb1-0784-4de9-a81d-2ef68afc80c8	d69e3239-919e-4297-b9a4-04a21eba7a75	("(""(""""(""""""""(widget)"""""""",widget)"""",id)"",6abf86bc-fc91-4b55-a4e5-c3d7240eb5b6)","(""(""""(widget)"""",widget)"",pre_js)")	\\xe4b08665b2511bc86ca7cf1116f4a4df34ec5c7f0a19329e166cd8a00e862382
00bc171b-e89f-4ac6-a23c-020d6285af6b	8c1e46d2-7650-4002-96aa-67a7adf02f24	("(""(""""(""""""""(widget)"""""""",widget)"""",id)"",63570765-a5e5-4b56-83c1-36a8226fb5e8)","(""(""""(widget)"""",widget)"",css)")	\\x0ba9b693da6b2dbb83cee744e953ac5cb5f3d2cb93a4a0550b607a7fdcca02c2
02a045c8-ed27-4fed-8a6b-4b9c13703bf5	0662c03e-9bc2-4c4d-ade0-c42900e57257	("(""(""""(""""""""(widget)"""""""",widget)"""",id)"",803885e8-27f0-490c-9ff2-b107508bbcf4)","(""(""""(widget)"""",widget)"",post_js)")	\\xc432e47dcdc9c9a8b3a4db456ed22e6a0e831ffe20b3d8525373596e5b55b89a
034be365-d3b7-4625-86be-7db33a95aad1	0d9d1f11-7aea-464a-884d-4e44817d8682	("(""(""""(""""""""(widget)"""""""",widget)"""",id)"",8d203ff9-cc1d-4b91-a1b1-c767a92a6ef8)","(""(""""(widget)"""",widget)"",name)")	\\x68deeb2c96be0e650b9f857625f625653adea6edc50ab5582eb008a1077b7235
039ffaf8-837a-4da6-8594-544037a7d9ec	95b647f7-a565-4d4d-8fb4-45731a6e9612	("(""(""""(""""""""(widget)"""""""",widget)"""",id)"",803885e8-27f0-490c-9ff2-b107508bbcf4)","(""(""""(widget)"""",widget)"",id)")	\\xdd655e4f87900e0a4d995ba62eeaf342c3f7e5fe5e36aa3df2ec59a5e2c8cc33
048756ad-52a4-4d2a-bb8c-5723ea5efa2c	0213e50e-d029-4963-a261-4c09f76890a6	("(""(""""(""""""""(widget)"""""""",widget)"""",id)"",fb70b455-8e8e-4ec6-be67-c1309ba724ba)","(""(""""(widget)"""",widget)"",pre_js)")	\\xe4b08665b2511bc86ca7cf1116f4a4df34ec5c7f0a19329e166cd8a00e862382
05a58c25-3767-4681-b62f-787535d5b948	c395632c-144e-468b-b9bd-0dbac256d68d	("(""(""""(""""""""(widget)"""""""",widget)"""",id)"",63570765-a5e5-4b56-83c1-36a8226fb5e8)","(""(""""(widget)"""",widget)"",css)")	\\x0ba9b693da6b2dbb83cee744e953ac5cb5f3d2cb93a4a0550b607a7fdcca02c2
064d3a9f-a316-44d1-90d8-ce31f532833f	35733e63-8b61-4712-be68-35b6c5e1997c	("(""(""""(""""""""(widget)"""""""",widget)"""",id)"",803885e8-27f0-490c-9ff2-b107508bbcf4)","(""(""""(widget)"""",widget)"",css)")	\\xbdec371e6a09dfd9dbe97f6f9f81796349df24965462a3cfc011fb612d89b74f
08843a6d-ab85-41c8-811a-09e8cfd44d0d	14b77c36-6e7c-45ce-aabc-7f1a253ad0bc	("(""(""""(""""""""(widget)"""""""",widget)"""",id)"",63570765-a5e5-4b56-83c1-36a8226fb5e8)","(""(""""(widget)"""",widget)"",name)")	\\x2a97516c354b68848cdbd8f54a226a0a55b21ed138e207ad6c5cbb9c00aa5aea
093d55ad-7bda-4fa4-a5a4-0b661e1f2bbf	c395632c-144e-468b-b9bd-0dbac256d68d	("(""(""""(""""""""(widget)"""""""",widget)"""",id)"",63570765-a5e5-4b56-83c1-36a8226fb5e8)","(""(""""(widget)"""",widget)"",pre_js)")	\\xe4b08665b2511bc86ca7cf1116f4a4df34ec5c7f0a19329e166cd8a00e862382
096cdaf3-10b2-49bb-b2f5-3a8eaa2d9ae3	295b639e-bce0-4ac8-91c8-20ac1290587b	("(""(""""(""""""""(widget)"""""""",widget)"""",id)"",63570765-a5e5-4b56-83c1-36a8226fb5e8)","(""(""""(widget)"""",widget)"",post_js)")	\\x16a4912faede1db1efd012395b9ee9556d213d52046a4db1e63696aa5d1a44fb
0bae5515-48f4-4005-85b4-9a99be7bf0da	6d35616e-46e7-42ab-a7ac-54cbc2415259	("(""(""""(""""""""(widget)"""""""",widget)"""",id)"",63570765-a5e5-4b56-83c1-36a8226fb5e8)","(""(""""(widget)"""",widget)"",html)")	\\x20514b37ca7a64c8fc45ce0ea7734be798d06d6052773251eca5b7f2f8662dcc
0db27ca6-20ad-4a29-a5fa-f891c80bfb77	462e4d08-eacf-4285-a5e9-67cabf8ab4d8	("(""(""""(""""""""(widget)"""""""",widget)"""",id)"",63570765-a5e5-4b56-83c1-36a8226fb5e8)","(""(""""(widget)"""",widget)"",pre_js)")	\\xe4b08665b2511bc86ca7cf1116f4a4df34ec5c7f0a19329e166cd8a00e862382
0f37f15f-b0bb-4050-bcc1-8d8d6c0ff2e4	5a097eae-a26a-44a2-9dca-82af7da8016e	("(""(""""(""""""""(endpoint)"""""""",resource)"""",id)"",044749ed-a948-46a4-bae9-2e5dfb6f8641)","(""(""""(endpoint)"""",resource)"",content)")	\\x6fafa0c1c0992d71de61afae0251711c27b469c76e3d430dfa80550402818bc8
1059cba8-23d4-4082-917d-e1ba7960f9f1	462e4d08-eacf-4285-a5e9-67cabf8ab4d8	("(""(""""(""""""""(widget)"""""""",widget)"""",id)"",63570765-a5e5-4b56-83c1-36a8226fb5e8)","(""(""""(widget)"""",widget)"",id)")	\\x25516858cb9d4fb8efc308ff46c02de8f50b737ef11de41e760ce977635177b0
10c14937-bba2-4fc7-8ee7-1a2c92197721	08bcec7c-f708-4109-b2db-720a51693537	("(""(""""(""""""""(widget)"""""""",widget)"""",id)"",803885e8-27f0-490c-9ff2-b107508bbcf4)","(""(""""(widget)"""",widget)"",name)")	\\xe7a0ac8750f8729ce07cbfcb9604bd52e1ce3041968e276262eb17c7f3454238
119a4fbb-551b-494e-8ccd-2ac0e64a405e	0cf184a5-74b3-4a18-abce-6da927cd518d	("(""(""""(""""""""(widget)"""""""",widget)"""",id)"",803885e8-27f0-490c-9ff2-b107508bbcf4)","(""(""""(widget)"""",widget)"",css)")	\\xc87dee0b0c135389378c9ca5184843ccd1f597678c8fe71adb05d3c7016290a7
1216e9dc-6bb3-4e1e-919c-fbd009f169a3	0213e50e-d029-4963-a261-4c09f76890a6	("(""(""""(""""""""(widget)"""""""",widget)"""",id)"",fb70b455-8e8e-4ec6-be67-c1309ba724ba)","(""(""""(widget)"""",widget)"",post_js)")	\\x063c73e703d34edfba2f8d35b0f9b73428b585fe1d9b8d33a38a964a0daa34c2
12a67a75-5bed-4c31-a89b-bf2adbbcc1ce	353344bb-55ac-42b2-aa14-bf8b607d86e4	("(""(""""(""""""""(widget)"""""""",widget)"""",id)"",17f14dbb-602b-43d2-8495-3e8a875a7c64)","(""(""""(widget)"""",widget)"",post_js)")	\\x19ebfd502dd8f40c58400f30be1e56f50f087930437be1e2c860256b3597099f
12b13322-3afc-4e09-ac6b-69dbf0c94125	76021c3c-9b85-4164-a012-f5b7c097d1fc	("(""(""""(""""""""(widget)"""""""",widget)"""",id)"",63570765-a5e5-4b56-83c1-36a8226fb5e8)","(""(""""(widget)"""",widget)"",pre_js)")	\\xe4b08665b2511bc86ca7cf1116f4a4df34ec5c7f0a19329e166cd8a00e862382
146ea4e9-f6d6-452d-9ffe-1bcb053c83ed	6d1a8205-3dfd-4d20-af13-b7ab0cff34f6	("(""(""""(""""""""(widget)"""""""",widget)"""",id)"",17f14dbb-602b-43d2-8495-3e8a875a7c64)","(""(""""(widget)"""",widget)"",html)")	\\x0ff774b8773c3f0c76fe4a943cf91cf372441388bc765575081fc02cb192ff0a
15af7304-0c32-4ae5-866f-4fdc2de36dbc	353344bb-55ac-42b2-aa14-bf8b607d86e4	("(""(""""(""""""""(widget)"""""""",widget)"""",id)"",17f14dbb-602b-43d2-8495-3e8a875a7c64)","(""(""""(widget)"""",widget)"",css)")	\\xbdec371e6a09dfd9dbe97f6f9f81796349df24965462a3cfc011fb612d89b74f
17391cb0-f31c-4075-b6a9-3124d1c10b17	353344bb-55ac-42b2-aa14-bf8b607d86e4	("(""(""""(""""""""(widget)"""""""",widget)"""",id)"",17f14dbb-602b-43d2-8495-3e8a875a7c64)","(""(""""(widget)"""",widget)"",id)")	\\x90dd17c06a3eee13c0c4a4a0f7676359fe19ce2d5e32d86cd86ea5392447d153
17c8b58e-9f06-4a6c-a232-3b44b45cd516	76021c3c-9b85-4164-a012-f5b7c097d1fc	("(""(""""(""""""""(widget)"""""""",widget)"""",id)"",63570765-a5e5-4b56-83c1-36a8226fb5e8)","(""(""""(widget)"""",widget)"",id)")	\\x25516858cb9d4fb8efc308ff46c02de8f50b737ef11de41e760ce977635177b0
198bbace-bd27-41ed-9857-a6d6ff8d43f6	0213e50e-d029-4963-a261-4c09f76890a6	("(""(""""(""""""""(widget)"""""""",widget)"""",id)"",fb70b455-8e8e-4ec6-be67-c1309ba724ba)","(""(""""(widget)"""",widget)"",id)")	\\x47a72964e926f4e5620e094c5bfd3173344c2072e745d7bd4471733afc42318d
19c362ea-3e8e-4ce1-96bf-edfc3e92b52d	1fe65f83-9c93-4cc7-b059-8c97ab9267f3	("(""(""""(""""""""(widget)"""""""",widget)"""",id)"",803885e8-27f0-490c-9ff2-b107508bbcf4)","(""(""""(widget)"""",widget)"",id)")	\\xdd655e4f87900e0a4d995ba62eeaf342c3f7e5fe5e36aa3df2ec59a5e2c8cc33
1a1af8b0-a776-4c1f-b3ce-d09955b03cf3	462e4d08-eacf-4285-a5e9-67cabf8ab4d8	("(""(""""(""""""""(widget)"""""""",widget)"""",id)"",63570765-a5e5-4b56-83c1-36a8226fb5e8)","(""(""""(widget)"""",widget)"",post_js)")	\\x0b39744edaf7790987a728d228da2a164bc26b68941794d4e1ac966b1fae9863
1b814fcf-8519-4df7-b700-7ce8f3d47534	99255028-8ad1-413c-bbc6-79f6a057b130	("(""(""""(""""""""(widget)"""""""",widget)"""",id)"",6abf86bc-fc91-4b55-a4e5-c3d7240eb5b6)","(""(""""(widget)"""",widget)"",html)")	\\xa8ae5aa90a94d908fc7ab35b18702a301e9378f83386f49d4b1dc63c0502a34f
1d49618f-16d4-40ea-9b56-0e861ab859f1	c42a8ea0-e3ec-4275-85a2-a3d19de5e5f8	("(""(""""(""""""""(widget)"""""""",widget)"""",id)"",63570765-a5e5-4b56-83c1-36a8226fb5e8)","(""(""""(widget)"""",widget)"",pre_js)")	\\xe4b08665b2511bc86ca7cf1116f4a4df34ec5c7f0a19329e166cd8a00e862382
1e4a4b3c-e7c1-427f-96a9-6bb419d01666	c395632c-144e-468b-b9bd-0dbac256d68d	("(""(""""(""""""""(widget)"""""""",widget)"""",id)"",63570765-a5e5-4b56-83c1-36a8226fb5e8)","(""(""""(widget)"""",widget)"",name)")	\\x2a97516c354b68848cdbd8f54a226a0a55b21ed138e207ad6c5cbb9c00aa5aea
1ec1b712-68da-418d-8535-2792c32f77dd	4a5caf51-ad83-4541-a89c-902e935ac700	("(""(""""(""""""""(endpoint)"""""""",resource)"""",id)"",044749ed-a948-46a4-bae9-2e5dfb6f8641)","(""(""""(endpoint)"""",resource)"",id)")	\\xbbdae27ec05c662b728a59eb833204445dac291bfd60b5784b4c25a68d20d351
1f271781-3ddb-4c80-b4ba-765791199767	923d133d-c6be-4a1e-8cee-2d2371f7a0ae	("(""(""""(""""""""(widget)"""""""",widget)"""",id)"",fb70b455-8e8e-4ec6-be67-c1309ba724ba)","(""(""""(widget)"""",widget)"",css)")	\\xee6a1995c1321be1505f52eaceecec8c5171f743a2da2c9816cb5535df8a0a3f
1f34565b-5eea-419e-9345-ecdaa2ab4402	f7ccdd3c-996e-4191-81b9-f2cac1fd4af4	("(""(""""(""""""""(widget)"""""""",widget)"""",id)"",fb70b455-8e8e-4ec6-be67-c1309ba724ba)","(""(""""(widget)"""",widget)"",css)")	\\xee6a1995c1321be1505f52eaceecec8c5171f743a2da2c9816cb5535df8a0a3f
1f57a4b0-cd2a-4a21-88ae-dc0f80a75461	14673b92-06a4-4f89-8541-a8589931aef4	("(""(""""(""""""""(endpoint)"""""""",resource)"""",id)"",044749ed-a948-46a4-bae9-2e5dfb6f8641)","(""(""""(endpoint)"""",resource)"",active)")	\\xb5bea41b6c623f7c09f1bf24dcae58ebab3c0cdd90ad966bc43a45b44867e12b
1f705bd0-4325-420c-ac44-e562565a5acd	295b639e-bce0-4ac8-91c8-20ac1290587b	("(""(""""(""""""""(widget)"""""""",widget)"""",id)"",63570765-a5e5-4b56-83c1-36a8226fb5e8)","(""(""""(widget)"""",widget)"",name)")	\\x2a97516c354b68848cdbd8f54a226a0a55b21ed138e207ad6c5cbb9c00aa5aea
200b2482-d2a8-4390-a864-c76e368369df	20ea956b-3b12-4978-94d9-43cb9ff5e5fb	("(""(""""(""""""""(endpoint)"""""""",resource)"""",id)"",044749ed-a948-46a4-bae9-2e5dfb6f8641)","(""(""""(endpoint)"""",resource)"",content)")	\\x0f4ced74408f66e036d81ee9c48942d522180340a7ef057682da880950492160
20342b20-531e-4b5d-9342-5f537c185ccb	cd2f252b-2e6c-4226-ae4e-acb67faad5da	("(""(""""(""""""""(widget)"""""""",widget)"""",id)"",8d203ff9-cc1d-4b91-a1b1-c767a92a6ef8)","(""(""""(widget)"""",widget)"",html)")	\\x2dbeae9cd6d4e8adde40d4c9a0fbefb7e3a119042aae831dab9102b901020545
20da8b60-ed48-42fa-aeb8-148f30a565a8	c42a8ea0-e3ec-4275-85a2-a3d19de5e5f8	("(""(""""(""""""""(widget)"""""""",widget)"""",id)"",63570765-a5e5-4b56-83c1-36a8226fb5e8)","(""(""""(widget)"""",widget)"",html)")	\\x7fd9fa0b8d9bbc18425687d7d66b023f8abb772f2f7a0fbf615ac899687ff045
24edf9c7-e10c-47f5-a428-6c734c6882ba	1fe65f83-9c93-4cc7-b059-8c97ab9267f3	("(""(""""(""""""""(widget)"""""""",widget)"""",id)"",803885e8-27f0-490c-9ff2-b107508bbcf4)","(""(""""(widget)"""",widget)"",pre_js)")	\\xe4b08665b2511bc86ca7cf1116f4a4df34ec5c7f0a19329e166cd8a00e862382
253a8674-47b9-42ac-a614-e1c777934941	3322fab7-5885-4aa5-8b70-04ab03e78ec0	("(""(""""(""""""""(widget)"""""""",widget)"""",id)"",8d203ff9-cc1d-4b91-a1b1-c767a92a6ef8)","(""(""""(widget)"""",widget)"",css)")	\\xf7e96fa6ec83c004651f304fd801f767048fe2c5eb87d1e5f541c67b465bdac8
258d6828-3c40-496f-801e-21c85d36d03a	0d9d1f11-7aea-464a-884d-4e44817d8682	("(""(""""(""""""""(widget)"""""""",widget)"""",id)"",8d203ff9-cc1d-4b91-a1b1-c767a92a6ef8)","(""(""""(widget)"""",widget)"",html)")	\\xdb808775165b459e0e27e76bcca52e062c0e7b2d7fbbf8c984392a4bb2f5aa4e
25ecbf04-51a2-4853-8620-620eea0b28ab	dfed1a69-4a36-4de8-9ecd-92bcc0a7fbd4	("(""(""""(""""""""(widget)"""""""",widget)"""",id)"",8d203ff9-cc1d-4b91-a1b1-c767a92a6ef8)","(""(""""(widget)"""",widget)"",id)")	\\x4f0a5102f35eebe48f4d4b6aebad05362a79acc85f7f7b8216fd29170c61c7a9
2882263c-7c27-49fa-89ed-34affe0ede19	6d35616e-46e7-42ab-a7ac-54cbc2415259	("(""(""""(""""""""(widget)"""""""",widget)"""",id)"",63570765-a5e5-4b56-83c1-36a8226fb5e8)","(""(""""(widget)"""",widget)"",pre_js)")	\\xe4b08665b2511bc86ca7cf1116f4a4df34ec5c7f0a19329e166cd8a00e862382
2a0b0fb3-8e1b-4478-95e5-cd57cf99bfa6	c2d23e5c-0a80-4be4-9c1e-fee9169232fb	("(""(""""(""""""""(endpoint)"""""""",resource)"""",id)"",044749ed-a948-46a4-bae9-2e5dfb6f8641)","(""(""""(endpoint)"""",resource)"",active)")	\\xb5bea41b6c623f7c09f1bf24dcae58ebab3c0cdd90ad966bc43a45b44867e12b
2a49e857-3b95-4c89-9298-f1dbf7833062	22f21324-61cf-49c3-8273-0d4b9668f4a5	("(""(""""(""""""""(widget)"""""""",widget)"""",id)"",fb70b455-8e8e-4ec6-be67-c1309ba724ba)","(""(""""(widget)"""",widget)"",id)")	\\x47a72964e926f4e5620e094c5bfd3173344c2072e745d7bd4471733afc42318d
2b452eae-58ac-4d49-9b0b-32fb96272615	1fe65f83-9c93-4cc7-b059-8c97ab9267f3	("(""(""""(""""""""(widget)"""""""",widget)"""",id)"",803885e8-27f0-490c-9ff2-b107508bbcf4)","(""(""""(widget)"""",widget)"",post_js)")	\\x2cabbf1ff53ffd7dbb65035b9f35281dc09f1920714ff6d38e21b90f4ef9fd5a
2b75bb61-7ab0-422b-aefd-948034d508e7	0662c03e-9bc2-4c4d-ade0-c42900e57257	("(""(""""(""""""""(widget)"""""""",widget)"""",id)"",803885e8-27f0-490c-9ff2-b107508bbcf4)","(""(""""(widget)"""",widget)"",html)")	\\x5668008aaca85b7747c7fd7c4f2d6f1113f409d8d717e83a78f63da8b800a2ea
2c2db63a-ce94-490d-85ea-703e7f8d23ab	8c1e46d2-7650-4002-96aa-67a7adf02f24	("(""(""""(""""""""(widget)"""""""",widget)"""",id)"",63570765-a5e5-4b56-83c1-36a8226fb5e8)","(""(""""(widget)"""",widget)"",id)")	\\x25516858cb9d4fb8efc308ff46c02de8f50b737ef11de41e760ce977635177b0
2c3206f7-a578-495e-af8b-879eb7a17b49	5a097eae-a26a-44a2-9dca-82af7da8016e	("(""(""""(""""""""(endpoint)"""""""",resource)"""",id)"",044749ed-a948-46a4-bae9-2e5dfb6f8641)","(""(""""(endpoint)"""",resource)"",active)")	\\xb5bea41b6c623f7c09f1bf24dcae58ebab3c0cdd90ad966bc43a45b44867e12b
2d5a5782-21a8-4eb3-a9b8-e15b017cdd8f	922c5f31-6444-4cc9-a2f8-02b4280d7841	("(""(""""(""""""""(endpoint)"""""""",resource)"""",id)"",044749ed-a948-46a4-bae9-2e5dfb6f8641)","(""(""""(endpoint)"""",resource)"",active)")	\\xb5bea41b6c623f7c09f1bf24dcae58ebab3c0cdd90ad966bc43a45b44867e12b
2dd73895-ab5e-4579-b1f5-2ed36dae1752	beeb20e0-74cf-4f7a-a181-b89a70c60189	("(""(""""(""""""""(widget)"""""""",widget)"""",id)"",17f14dbb-602b-43d2-8495-3e8a875a7c64)","(""(""""(widget)"""",widget)"",post_js)")	\\x19ebfd502dd8f40c58400f30be1e56f50f087930437be1e2c860256b3597099f
2e1e3ae6-8da4-4b18-99d8-94df6d8491e6	1a04a119-0186-4ae5-9c84-fa2b94116ff7	("(""(""""(""""""""(endpoint)"""""""",resource)"""",id)"",044749ed-a948-46a4-bae9-2e5dfb6f8641)","(""(""""(endpoint)"""",resource)"",path)")	\\x9975532265a3844d0f9c40a8561a8e2ea294af3a16ca7301594e065bde2fb6f0
2ff0a419-8895-4176-9e4e-9a8b77178df5	0cf184a5-74b3-4a18-abce-6da927cd518d	("(""(""""(""""""""(widget)"""""""",widget)"""",id)"",803885e8-27f0-490c-9ff2-b107508bbcf4)","(""(""""(widget)"""",widget)"",id)")	\\xdd655e4f87900e0a4d995ba62eeaf342c3f7e5fe5e36aa3df2ec59a5e2c8cc33
31a7af2b-55ce-4fc4-bb87-350e46826169	70b1b946-b0d9-4b5f-8a03-cbe6ebb9485a	("(""(""""(""""""""(widget)"""""""",widget)"""",id)"",6abf86bc-fc91-4b55-a4e5-c3d7240eb5b6)","(""(""""(widget)"""",widget)"",post_js)")	\\xc3b54fcdebc2b00bb9fd7581c08a1bb8a46c06d08e9a36c91376fa32c0a07d0b
32716800-04dc-4a8d-9e86-b5fa665458f0	3322fab7-5885-4aa5-8b70-04ab03e78ec0	("(""(""""(""""""""(widget)"""""""",widget)"""",id)"",8d203ff9-cc1d-4b91-a1b1-c767a92a6ef8)","(""(""""(widget)"""",widget)"",id)")	\\x4f0a5102f35eebe48f4d4b6aebad05362a79acc85f7f7b8216fd29170c61c7a9
328493b0-b497-43bb-9e5b-ee67ad7f5375	1a04a119-0186-4ae5-9c84-fa2b94116ff7	("(""(""""(""""""""(endpoint)"""""""",resource)"""",id)"",044749ed-a948-46a4-bae9-2e5dfb6f8641)","(""(""""(endpoint)"""",resource)"",mimetype_id)")	\\xdd2741e2734916143a6dbf1d1939cbc04396f10356faf54aba282066cec41b5f
346a0dae-f5bc-4364-bb76-e607e0a81e5a	0d9d1f11-7aea-464a-884d-4e44817d8682	("(""(""""(""""""""(widget)"""""""",widget)"""",id)"",8d203ff9-cc1d-4b91-a1b1-c767a92a6ef8)","(""(""""(widget)"""",widget)"",css)")	\\xf7e96fa6ec83c004651f304fd801f767048fe2c5eb87d1e5f541c67b465bdac8
347963d6-8b15-48a2-8c18-ea92049be40a	923d133d-c6be-4a1e-8cee-2d2371f7a0ae	("(""(""""(""""""""(widget)"""""""",widget)"""",id)"",fb70b455-8e8e-4ec6-be67-c1309ba724ba)","(""(""""(widget)"""",widget)"",post_js)")	\\x7df98f933ea61ae77405a386f2041ce2ab1152049d1c096962c62a69906414e7
34c2ab7a-edd6-4707-9e85-4d4c076fae07	70b1b946-b0d9-4b5f-8a03-cbe6ebb9485a	("(""(""""(""""""""(widget)"""""""",widget)"""",id)"",6abf86bc-fc91-4b55-a4e5-c3d7240eb5b6)","(""(""""(widget)"""",widget)"",html)")	\\xa8ae5aa90a94d908fc7ab35b18702a301e9378f83386f49d4b1dc63c0502a34f
34f728a1-c249-446c-b6bc-cf22d4fa9af2	3322fab7-5885-4aa5-8b70-04ab03e78ec0	("(""(""""(""""""""(widget)"""""""",widget)"""",id)"",8d203ff9-cc1d-4b91-a1b1-c767a92a6ef8)","(""(""""(widget)"""",widget)"",html)")	\\x2dbeae9cd6d4e8adde40d4c9a0fbefb7e3a119042aae831dab9102b901020545
35425d56-746d-456f-8282-f4e9a9f48fcc	5a097eae-a26a-44a2-9dca-82af7da8016e	("(""(""""(""""""""(endpoint)"""""""",resource)"""",id)"",044749ed-a948-46a4-bae9-2e5dfb6f8641)","(""(""""(endpoint)"""",resource)"",mimetype_id)")	\\xdd2741e2734916143a6dbf1d1939cbc04396f10356faf54aba282066cec41b5f
361878c8-67be-45b4-b6ad-a742c5cd25cd	02c98b68-3fa7-484a-8551-b5020be5bcb4	("(""(""""(""""""""(widget)"""""""",widget)"""",id)"",fb70b455-8e8e-4ec6-be67-c1309ba724ba)","(""(""""(widget)"""",widget)"",css)")	\\xee6a1995c1321be1505f52eaceecec8c5171f743a2da2c9816cb5535df8a0a3f
3634a781-f34b-4cb3-9642-fa8a81597174	95b647f7-a565-4d4d-8fb4-45731a6e9612	("(""(""""(""""""""(widget)"""""""",widget)"""",id)"",803885e8-27f0-490c-9ff2-b107508bbcf4)","(""(""""(widget)"""",widget)"",css)")	\\xb5bb0f0dceea64d45dd8592dac655e099ca8d15c2a19607db871ce960890e518
3656aa8d-5c6f-476e-83e5-d56b5d46adac	0e229ff4-2ce3-402f-b555-30bba384f948	("(""(""""(""""""""(widget)"""""""",widget)"""",id)"",8d203ff9-cc1d-4b91-a1b1-c767a92a6ef8)","(""(""""(widget)"""",widget)"",post_js)")	\\x12cb2ab093b11812bca0b82a03d9470cb44f59cbad583e57d6ee89786fa82c9c
36b5b8bf-f4cb-4cea-8002-96a9a61b427e	6d35616e-46e7-42ab-a7ac-54cbc2415259	("(""(""""(""""""""(widget)"""""""",widget)"""",id)"",63570765-a5e5-4b56-83c1-36a8226fb5e8)","(""(""""(widget)"""",widget)"",name)")	\\x2a97516c354b68848cdbd8f54a226a0a55b21ed138e207ad6c5cbb9c00aa5aea
378a48cc-da54-4ba4-8f22-6159fe8f18ca	22f21324-61cf-49c3-8273-0d4b9668f4a5	("(""(""""(""""""""(widget)"""""""",widget)"""",id)"",fb70b455-8e8e-4ec6-be67-c1309ba724ba)","(""(""""(widget)"""",widget)"",pre_js)")	\\xe4b08665b2511bc86ca7cf1116f4a4df34ec5c7f0a19329e166cd8a00e862382
37ff9157-e839-4047-9369-fd1032b0fc43	3322fab7-5885-4aa5-8b70-04ab03e78ec0	("(""(""""(""""""""(widget)"""""""",widget)"""",id)"",8d203ff9-cc1d-4b91-a1b1-c767a92a6ef8)","(""(""""(widget)"""",widget)"",post_js)")	\\x12cb2ab093b11812bca0b82a03d9470cb44f59cbad583e57d6ee89786fa82c9c
3a00d3d5-d743-42b6-84f4-8ec7a3dbee82	0213e50e-d029-4963-a261-4c09f76890a6	("(""(""""(""""""""(widget)"""""""",widget)"""",id)"",fb70b455-8e8e-4ec6-be67-c1309ba724ba)","(""(""""(widget)"""",widget)"",html)")	\\x4c9c617da941c53a81775efb020a3c817278d89722910f20e4c95f91a0bd112f
3a3a4ca2-9990-4dac-99ec-ea014c3f6b4e	6d1a8205-3dfd-4d20-af13-b7ab0cff34f6	("(""(""""(""""""""(widget)"""""""",widget)"""",id)"",17f14dbb-602b-43d2-8495-3e8a875a7c64)","(""(""""(widget)"""",widget)"",id)")	\\x90dd17c06a3eee13c0c4a4a0f7676359fe19ce2d5e32d86cd86ea5392447d153
3aa2daaf-242b-4ee0-aeee-aa90db11f377	dd4a4f35-9297-4e31-b6df-1e984e3bcfd3	("(""(""""(""""""""(widget)"""""""",widget)"""",id)"",8d203ff9-cc1d-4b91-a1b1-c767a92a6ef8)","(""(""""(widget)"""",widget)"",name)")	\\x68deeb2c96be0e650b9f857625f625653adea6edc50ab5582eb008a1077b7235
3b5df37f-8092-4d5a-ba20-24943ecedf48	cd2f252b-2e6c-4226-ae4e-acb67faad5da	("(""(""""(""""""""(widget)"""""""",widget)"""",id)"",8d203ff9-cc1d-4b91-a1b1-c767a92a6ef8)","(""(""""(widget)"""",widget)"",pre_js)")	\\xe4b08665b2511bc86ca7cf1116f4a4df34ec5c7f0a19329e166cd8a00e862382
3e4ff1d6-ed84-4a57-a71b-36ed15f4194c	f7ccdd3c-996e-4191-81b9-f2cac1fd4af4	("(""(""""(""""""""(widget)"""""""",widget)"""",id)"",fb70b455-8e8e-4ec6-be67-c1309ba724ba)","(""(""""(widget)"""",widget)"",pre_js)")	\\xe4b08665b2511bc86ca7cf1116f4a4df34ec5c7f0a19329e166cd8a00e862382
406eb992-5c8f-4c23-8e63-776939fc9bcb	7a0b5305-c849-43be-8d30-0698ed219eb6	("(""(""""(""""""""(widget)"""""""",widget)"""",id)"",17f14dbb-602b-43d2-8495-3e8a875a7c64)","(""(""""(widget)"""",widget)"",post_js)")	\\x19ebfd502dd8f40c58400f30be1e56f50f087930437be1e2c860256b3597099f
40f36705-93ac-4c21-b388-b94461fd8d88	0e229ff4-2ce3-402f-b555-30bba384f948	("(""(""""(""""""""(widget)"""""""",widget)"""",id)"",8d203ff9-cc1d-4b91-a1b1-c767a92a6ef8)","(""(""""(widget)"""",widget)"",name)")	\\x68deeb2c96be0e650b9f857625f625653adea6edc50ab5582eb008a1077b7235
415f92eb-ed3f-47e3-9b50-f546f9a53576	6d1a8205-3dfd-4d20-af13-b7ab0cff34f6	("(""(""""(""""""""(widget)"""""""",widget)"""",id)"",17f14dbb-602b-43d2-8495-3e8a875a7c64)","(""(""""(widget)"""",widget)"",pre_js)")	\\xe4b08665b2511bc86ca7cf1116f4a4df34ec5c7f0a19329e166cd8a00e862382
41b4fb1b-b71e-40e2-8a9d-ff5f7e4272d4	7a0b5305-c849-43be-8d30-0698ed219eb6	("(""(""""(""""""""(widget)"""""""",widget)"""",id)"",17f14dbb-602b-43d2-8495-3e8a875a7c64)","(""(""""(widget)"""",widget)"",html)")	\\x0ff774b8773c3f0c76fe4a943cf91cf372441388bc765575081fc02cb192ff0a
42180b05-e7e2-4e32-8740-8dcc3d96d5f6	6d1a8205-3dfd-4d20-af13-b7ab0cff34f6	("(""(""""(""""""""(widget)"""""""",widget)"""",id)"",17f14dbb-602b-43d2-8495-3e8a875a7c64)","(""(""""(widget)"""",widget)"",css)")	\\xbdec371e6a09dfd9dbe97f6f9f81796349df24965462a3cfc011fb612d89b74f
453b6964-bdde-462d-959d-c17f848225d8	20ea956b-3b12-4978-94d9-43cb9ff5e5fb	("(""(""""(""""""""(endpoint)"""""""",resource)"""",id)"",044749ed-a948-46a4-bae9-2e5dfb6f8641)","(""(""""(endpoint)"""",resource)"",active)")	\\xb5bea41b6c623f7c09f1bf24dcae58ebab3c0cdd90ad966bc43a45b44867e12b
4585a92d-66c5-4c12-935b-a32e38e1833a	08bcec7c-f708-4109-b2db-720a51693537	("(""(""""(""""""""(widget)"""""""",widget)"""",id)"",803885e8-27f0-490c-9ff2-b107508bbcf4)","(""(""""(widget)"""",widget)"",id)")	\\xdd655e4f87900e0a4d995ba62eeaf342c3f7e5fe5e36aa3df2ec59a5e2c8cc33
45ab2933-cbb8-4bd0-9c4a-bb256cc501f6	be220e73-fdc6-464a-b28d-630cf71d1b63	("(""(""""(""""""""(endpoint)"""""""",resource)"""",id)"",044749ed-a948-46a4-bae9-2e5dfb6f8641)","(""(""""(endpoint)"""",resource)"",id)")	\\xbbdae27ec05c662b728a59eb833204445dac291bfd60b5784b4c25a68d20d351
463a2aa9-6dac-4447-a012-45d1cd03e25e	8eebafa8-b0fd-4afd-9cdb-10f55fdce4b0	("(""(""""(""""""""(widget)"""""""",widget)"""",id)"",fb70b455-8e8e-4ec6-be67-c1309ba724ba)","(""(""""(widget)"""",widget)"",css)")	\\xee6a1995c1321be1505f52eaceecec8c5171f743a2da2c9816cb5535df8a0a3f
48164695-d6ce-4558-be15-7dccadff37f7	08bcec7c-f708-4109-b2db-720a51693537	("(""(""""(""""""""(widget)"""""""",widget)"""",id)"",803885e8-27f0-490c-9ff2-b107508bbcf4)","(""(""""(widget)"""",widget)"",css)")	\\xb5bb0f0dceea64d45dd8592dac655e099ca8d15c2a19607db871ce960890e518
48317c15-c1ff-402d-85ef-d8272d802f50	22f21324-61cf-49c3-8273-0d4b9668f4a5	("(""(""""(""""""""(widget)"""""""",widget)"""",id)"",fb70b455-8e8e-4ec6-be67-c1309ba724ba)","(""(""""(widget)"""",widget)"",css)")	\\xee6a1995c1321be1505f52eaceecec8c5171f743a2da2c9816cb5535df8a0a3f
48338327-6a57-47a8-b9f3-4635dff77bf1	1a04a119-0186-4ae5-9c84-fa2b94116ff7	("(""(""""(""""""""(endpoint)"""""""",resource)"""",id)"",044749ed-a948-46a4-bae9-2e5dfb6f8641)","(""(""""(endpoint)"""",resource)"",active)")	\\xb5bea41b6c623f7c09f1bf24dcae58ebab3c0cdd90ad966bc43a45b44867e12b
48ac76c2-6f33-4a99-bda7-f67b9d45d2f4	0e229ff4-2ce3-402f-b555-30bba384f948	("(""(""""(""""""""(widget)"""""""",widget)"""",id)"",8d203ff9-cc1d-4b91-a1b1-c767a92a6ef8)","(""(""""(widget)"""",widget)"",id)")	\\x4f0a5102f35eebe48f4d4b6aebad05362a79acc85f7f7b8216fd29170c61c7a9
496fc9de-c0fb-47bb-8096-12492b20ef9c	02c98b68-3fa7-484a-8551-b5020be5bcb4	("(""(""""(""""""""(widget)"""""""",widget)"""",id)"",fb70b455-8e8e-4ec6-be67-c1309ba724ba)","(""(""""(widget)"""",widget)"",id)")	\\x47a72964e926f4e5620e094c5bfd3173344c2072e745d7bd4471733afc42318d
4a30baee-90e0-4e16-a092-a0b824336f47	20ea956b-3b12-4978-94d9-43cb9ff5e5fb	("(""(""""(""""""""(endpoint)"""""""",resource)"""",id)"",044749ed-a948-46a4-bae9-2e5dfb6f8641)","(""(""""(endpoint)"""",resource)"",mimetype_id)")	\\xdd2741e2734916143a6dbf1d1939cbc04396f10356faf54aba282066cec41b5f
4ae1058d-96ce-49d3-b810-bba0b62ded1d	072ef291-39a2-40b9-ade3-ad5cdab61a24	("(""(""""(""""""""(widget)"""""""",widget)"""",id)"",8d203ff9-cc1d-4b91-a1b1-c767a92a6ef8)","(""(""""(widget)"""",widget)"",post_js)")	\\x12cb2ab093b11812bca0b82a03d9470cb44f59cbad583e57d6ee89786fa82c9c
4b23abd3-80ad-4d40-96cd-81adb55cf7be	f9f9741b-f5fd-4da8-a0dd-597dd61cd304	("(""(""""(""""""""(widget)"""""""",widget)"""",id)"",803885e8-27f0-490c-9ff2-b107508bbcf4)","(""(""""(widget)"""",widget)"",pre_js)")	\\xe4b08665b2511bc86ca7cf1116f4a4df34ec5c7f0a19329e166cd8a00e862382
4b9451c8-6124-4324-a2c4-d0efa9ff8196	cd2f252b-2e6c-4226-ae4e-acb67faad5da	("(""(""""(""""""""(widget)"""""""",widget)"""",id)"",8d203ff9-cc1d-4b91-a1b1-c767a92a6ef8)","(""(""""(widget)"""",widget)"",post_js)")	\\x12cb2ab093b11812bca0b82a03d9470cb44f59cbad583e57d6ee89786fa82c9c
4cd19a2b-b582-46c5-ba4a-ac5ba9bf8b43	7a0b5305-c849-43be-8d30-0698ed219eb6	("(""(""""(""""""""(widget)"""""""",widget)"""",id)"",17f14dbb-602b-43d2-8495-3e8a875a7c64)","(""(""""(widget)"""",widget)"",id)")	\\x90dd17c06a3eee13c0c4a4a0f7676359fe19ce2d5e32d86cd86ea5392447d153
4e51c078-8157-4ad3-9057-1aacdce879b6	8eebafa8-b0fd-4afd-9cdb-10f55fdce4b0	("(""(""""(""""""""(widget)"""""""",widget)"""",id)"",fb70b455-8e8e-4ec6-be67-c1309ba724ba)","(""(""""(widget)"""",widget)"",name)")	\\x32d3fedad4cfedcc9ea856b5cad0607b18233a469570c39bfd1968a20075ebad
4e793e9b-666f-4e3c-a6bc-d144b876abb0	0e229ff4-2ce3-402f-b555-30bba384f948	("(""(""""(""""""""(widget)"""""""",widget)"""",id)"",8d203ff9-cc1d-4b91-a1b1-c767a92a6ef8)","(""(""""(widget)"""",widget)"",pre_js)")	\\xe4b08665b2511bc86ca7cf1116f4a4df34ec5c7f0a19329e166cd8a00e862382
4fd7bb84-31a8-4409-9ece-6ece8dc25e24	9c176983-69a6-4ea6-962c-a9556e8043bc	("(""(""""(""""""""(widget)"""""""",widget)"""",id)"",fb70b455-8e8e-4ec6-be67-c1309ba724ba)","(""(""""(widget)"""",widget)"",name)")	\\x32d3fedad4cfedcc9ea856b5cad0607b18233a469570c39bfd1968a20075ebad
50c954ec-d33e-4290-af93-df9945944e12	922c5f31-6444-4cc9-a2f8-02b4280d7841	("(""(""""(""""""""(endpoint)"""""""",resource)"""",id)"",044749ed-a948-46a4-bae9-2e5dfb6f8641)","(""(""""(endpoint)"""",resource)"",mimetype_id)")	\\xdd2741e2734916143a6dbf1d1939cbc04396f10356faf54aba282066cec41b5f
5216dc48-b5ec-45bd-b558-db86a8d4a9df	44b7fd70-2dcf-4c9c-b50e-1ea3ab3e0592	("(""(""""(""""""""(widget)"""""""",widget)"""",id)"",fb70b455-8e8e-4ec6-be67-c1309ba724ba)","(""(""""(widget)"""",widget)"",css)")	\\xee6a1995c1321be1505f52eaceecec8c5171f743a2da2c9816cb5535df8a0a3f
52f46801-5958-4f9e-a6fc-4ccd67c4a343	0d9d1f11-7aea-464a-884d-4e44817d8682	("(""(""""(""""""""(widget)"""""""",widget)"""",id)"",8d203ff9-cc1d-4b91-a1b1-c767a92a6ef8)","(""(""""(widget)"""",widget)"",id)")	\\x4f0a5102f35eebe48f4d4b6aebad05362a79acc85f7f7b8216fd29170c61c7a9
52f9e282-129f-46ae-867b-211b5875e43a	c2d23e5c-0a80-4be4-9c1e-fee9169232fb	("(""(""""(""""""""(endpoint)"""""""",resource)"""",id)"",044749ed-a948-46a4-bae9-2e5dfb6f8641)","(""(""""(endpoint)"""",resource)"",mimetype_id)")	\\xdd2741e2734916143a6dbf1d1939cbc04396f10356faf54aba282066cec41b5f
53a24cc2-5cfc-440e-a2ea-46d965f71fef	3322fab7-5885-4aa5-8b70-04ab03e78ec0	("(""(""""(""""""""(widget)"""""""",widget)"""",id)"",8d203ff9-cc1d-4b91-a1b1-c767a92a6ef8)","(""(""""(widget)"""",widget)"",pre_js)")	\\xe4b08665b2511bc86ca7cf1116f4a4df34ec5c7f0a19329e166cd8a00e862382
544da4e8-8dbf-46af-a50b-151a9b2953a1	14b77c36-6e7c-45ce-aabc-7f1a253ad0bc	("(""(""""(""""""""(widget)"""""""",widget)"""",id)"",63570765-a5e5-4b56-83c1-36a8226fb5e8)","(""(""""(widget)"""",widget)"",id)")	\\x25516858cb9d4fb8efc308ff46c02de8f50b737ef11de41e760ce977635177b0
5598e786-8e2c-4f69-9221-2e9261b03381	0cf184a5-74b3-4a18-abce-6da927cd518d	("(""(""""(""""""""(widget)"""""""",widget)"""",id)"",803885e8-27f0-490c-9ff2-b107508bbcf4)","(""(""""(widget)"""",widget)"",html)")	\\x66528b3a54dbd5841cd8c7e73a4cab6122e2376e20ad71af94ea1fbce5abf7ac
56b289da-d6b4-4cc4-9075-76d41f0763e5	923d133d-c6be-4a1e-8cee-2d2371f7a0ae	("(""(""""(""""""""(widget)"""""""",widget)"""",id)"",fb70b455-8e8e-4ec6-be67-c1309ba724ba)","(""(""""(widget)"""",widget)"",name)")	\\x32d3fedad4cfedcc9ea856b5cad0607b18233a469570c39bfd1968a20075ebad
57cfe87a-6798-4543-a572-61f549b0adbd	be220e73-fdc6-464a-b28d-630cf71d1b63	("(""(""""(""""""""(endpoint)"""""""",resource)"""",id)"",044749ed-a948-46a4-bae9-2e5dfb6f8641)","(""(""""(endpoint)"""",resource)"",active)")	\\xb5bea41b6c623f7c09f1bf24dcae58ebab3c0cdd90ad966bc43a45b44867e12b
5a175562-708c-42bb-947b-a76e3da97489	f9f9741b-f5fd-4da8-a0dd-597dd61cd304	("(""(""""(""""""""(widget)"""""""",widget)"""",id)"",803885e8-27f0-490c-9ff2-b107508bbcf4)","(""(""""(widget)"""",widget)"",post_js)")	\\x7cd8853f9fe11fd0217b28e11e36f75f216dd7f7708e361262be358d90da9b2b
5a799758-4f6b-4978-ad83-f5e098d3ca2b	6d35616e-46e7-42ab-a7ac-54cbc2415259	("(""(""""(""""""""(widget)"""""""",widget)"""",id)"",63570765-a5e5-4b56-83c1-36a8226fb5e8)","(""(""""(widget)"""",widget)"",id)")	\\x25516858cb9d4fb8efc308ff46c02de8f50b737ef11de41e760ce977635177b0
5b18105c-d3ac-429d-84ac-1a0494427170	f9f9741b-f5fd-4da8-a0dd-597dd61cd304	("(""(""""(""""""""(widget)"""""""",widget)"""",id)"",803885e8-27f0-490c-9ff2-b107508bbcf4)","(""(""""(widget)"""",widget)"",id)")	\\xdd655e4f87900e0a4d995ba62eeaf342c3f7e5fe5e36aa3df2ec59a5e2c8cc33
5b408207-15c6-4f9d-b54f-4c395a62a75a	14b77c36-6e7c-45ce-aabc-7f1a253ad0bc	("(""(""""(""""""""(widget)"""""""",widget)"""",id)"",63570765-a5e5-4b56-83c1-36a8226fb5e8)","(""(""""(widget)"""",widget)"",html)")	\\x6036d5fbe0feba41f7d9a3779d4afeaf5a188d79b5d5627f98d25660063afa3a
5b4f1203-4bd6-47cf-8ccf-4e28a31088dc	76021c3c-9b85-4164-a012-f5b7c097d1fc	("(""(""""(""""""""(widget)"""""""",widget)"""",id)"",63570765-a5e5-4b56-83c1-36a8226fb5e8)","(""(""""(widget)"""",widget)"",post_js)")	\\x16a4912faede1db1efd012395b9ee9556d213d52046a4db1e63696aa5d1a44fb
5fdbd9f4-47df-46f4-8c5d-4d25057ee319	bbcc04d3-0d7c-402a-bb18-97efcaf7e0e0	("(""(""""(""""""""(widget)"""""""",widget)"""",id)"",6abf86bc-fc91-4b55-a4e5-c3d7240eb5b6)","(""(""""(widget)"""",widget)"",id)")	\\x37bee05b6bd8a0602213bca51d2e67334db8af7f1f2991d5d0820519c2fb691c
620008c0-3354-4d6d-9d48-9f1f1d81f555	dfed1a69-4a36-4de8-9ecd-92bcc0a7fbd4	("(""(""""(""""""""(widget)"""""""",widget)"""",id)"",8d203ff9-cc1d-4b91-a1b1-c767a92a6ef8)","(""(""""(widget)"""",widget)"",name)")	\\x68deeb2c96be0e650b9f857625f625653adea6edc50ab5582eb008a1077b7235
62572170-07bd-4ed2-8a79-7b42d1fed67b	8c1e46d2-7650-4002-96aa-67a7adf02f24	("(""(""""(""""""""(widget)"""""""",widget)"""",id)"",63570765-a5e5-4b56-83c1-36a8226fb5e8)","(""(""""(widget)"""",widget)"",pre_js)")	\\xe4b08665b2511bc86ca7cf1116f4a4df34ec5c7f0a19329e166cd8a00e862382
62bac757-973b-4ad6-b007-6afa12f10626	0662c03e-9bc2-4c4d-ade0-c42900e57257	("(""(""""(""""""""(widget)"""""""",widget)"""",id)"",803885e8-27f0-490c-9ff2-b107508bbcf4)","(""(""""(widget)"""",widget)"",id)")	\\xdd655e4f87900e0a4d995ba62eeaf342c3f7e5fe5e36aa3df2ec59a5e2c8cc33
6312321c-65b2-4b15-8608-8fe5a6a42481	99255028-8ad1-413c-bbc6-79f6a057b130	("(""(""""(""""""""(widget)"""""""",widget)"""",id)"",6abf86bc-fc91-4b55-a4e5-c3d7240eb5b6)","(""(""""(widget)"""",widget)"",pre_js)")	\\xe4b08665b2511bc86ca7cf1116f4a4df34ec5c7f0a19329e166cd8a00e862382
6314c49e-25a0-436e-a8fb-dbf51f5fd7f4	08bcec7c-f708-4109-b2db-720a51693537	("(""(""""(""""""""(widget)"""""""",widget)"""",id)"",803885e8-27f0-490c-9ff2-b107508bbcf4)","(""(""""(widget)"""",widget)"",post_js)")	\\xcf55ea0c75fc3485fe761f5e8a96c7ae3086ecb7e5dacd8f3c9ead40d9f30d88
63d8e743-6acc-40ff-bad5-f0655fdd2250	9c176983-69a6-4ea6-962c-a9556e8043bc	("(""(""""(""""""""(widget)"""""""",widget)"""",id)"",fb70b455-8e8e-4ec6-be67-c1309ba724ba)","(""(""""(widget)"""",widget)"",post_js)")	\\x063c73e703d34edfba2f8d35b0f9b73428b585fe1d9b8d33a38a964a0daa34c2
64fe3d3c-df83-4b3c-91a4-eb3d4e5a4bb8	0e229ff4-2ce3-402f-b555-30bba384f948	("(""(""""(""""""""(widget)"""""""",widget)"""",id)"",8d203ff9-cc1d-4b91-a1b1-c767a92a6ef8)","(""(""""(widget)"""",widget)"",html)")	\\xdb808775165b459e0e27e76bcca52e062c0e7b2d7fbbf8c984392a4bb2f5aa4e
653fb88b-3095-4d77-abbc-ea1359c00413	d69e3239-919e-4297-b9a4-04a21eba7a75	("(""(""""(""""""""(widget)"""""""",widget)"""",id)"",6abf86bc-fc91-4b55-a4e5-c3d7240eb5b6)","(""(""""(widget)"""",widget)"",id)")	\\x37bee05b6bd8a0602213bca51d2e67334db8af7f1f2991d5d0820519c2fb691c
6615767a-80e7-47e8-a491-caf9f808170c	bbcc04d3-0d7c-402a-bb18-97efcaf7e0e0	("(""(""""(""""""""(widget)"""""""",widget)"""",id)"",6abf86bc-fc91-4b55-a4e5-c3d7240eb5b6)","(""(""""(widget)"""",widget)"",post_js)")	\\xc3b54fcdebc2b00bb9fd7581c08a1bb8a46c06d08e9a36c91376fa32c0a07d0b
6763257f-2d3b-4fa0-9285-a6924f1da54f	14b77c36-6e7c-45ce-aabc-7f1a253ad0bc	("(""(""""(""""""""(widget)"""""""",widget)"""",id)"",63570765-a5e5-4b56-83c1-36a8226fb5e8)","(""(""""(widget)"""",widget)"",pre_js)")	\\xe4b08665b2511bc86ca7cf1116f4a4df34ec5c7f0a19329e166cd8a00e862382
693ba242-94b6-4cbc-a7e3-f184603ef937	c2d23e5c-0a80-4be4-9c1e-fee9169232fb	("(""(""""(""""""""(endpoint)"""""""",resource)"""",id)"",044749ed-a948-46a4-bae9-2e5dfb6f8641)","(""(""""(endpoint)"""",resource)"",content)")	\\x0f4ced74408f66e036d81ee9c48942d522180340a7ef057682da880950492160
696f38ef-2dd7-44b4-a991-5b91a9456470	14b77c36-6e7c-45ce-aabc-7f1a253ad0bc	("(""(""""(""""""""(widget)"""""""",widget)"""",id)"",63570765-a5e5-4b56-83c1-36a8226fb5e8)","(""(""""(widget)"""",widget)"",css)")	\\x0ba9b693da6b2dbb83cee744e953ac5cb5f3d2cb93a4a0550b607a7fdcca02c2
6978707b-421f-4a65-a1ed-aaf997984177	8eebafa8-b0fd-4afd-9cdb-10f55fdce4b0	("(""(""""(""""""""(widget)"""""""",widget)"""",id)"",fb70b455-8e8e-4ec6-be67-c1309ba724ba)","(""(""""(widget)"""",widget)"",post_js)")	\\x063c73e703d34edfba2f8d35b0f9b73428b585fe1d9b8d33a38a964a0daa34c2
69fce556-3528-4010-a7b7-1e21f952b51e	c2d23e5c-0a80-4be4-9c1e-fee9169232fb	("(""(""""(""""""""(endpoint)"""""""",resource)"""",id)"",044749ed-a948-46a4-bae9-2e5dfb6f8641)","(""(""""(endpoint)"""",resource)"",path)")	\\x9975532265a3844d0f9c40a8561a8e2ea294af3a16ca7301594e065bde2fb6f0
6a216cbe-c287-41ac-ade6-403ceb8cf99d	7a0b5305-c849-43be-8d30-0698ed219eb6	("(""(""""(""""""""(widget)"""""""",widget)"""",id)"",17f14dbb-602b-43d2-8495-3e8a875a7c64)","(""(""""(widget)"""",widget)"",name)")	\\x3e91816f9800f55d9a804569780edd475b0b388a003e4f2db38151294640e53f
6ace3795-bc76-4aaf-936e-f22bac7fc666	44b7fd70-2dcf-4c9c-b50e-1ea3ab3e0592	("(""(""""(""""""""(widget)"""""""",widget)"""",id)"",fb70b455-8e8e-4ec6-be67-c1309ba724ba)","(""(""""(widget)"""",widget)"",id)")	\\x47a72964e926f4e5620e094c5bfd3173344c2072e745d7bd4471733afc42318d
6ba61348-1d4a-48a1-b7e9-d3d0a778a299	02c98b68-3fa7-484a-8551-b5020be5bcb4	("(""(""""(""""""""(widget)"""""""",widget)"""",id)"",fb70b455-8e8e-4ec6-be67-c1309ba724ba)","(""(""""(widget)"""",widget)"",pre_js)")	\\xe4b08665b2511bc86ca7cf1116f4a4df34ec5c7f0a19329e166cd8a00e862382
6ba6f54f-c406-4f26-bcbc-7ddef940c3ed	08bcec7c-f708-4109-b2db-720a51693537	("(""(""""(""""""""(widget)"""""""",widget)"""",id)"",803885e8-27f0-490c-9ff2-b107508bbcf4)","(""(""""(widget)"""",widget)"",html)")	\\xb3d004279e98261f04cb1e93aa9f1550cc8a4f3c1fcff71e6dce4263bf30671c
6e10f6d8-31df-401e-bc27-582a36bf480b	8eebafa8-b0fd-4afd-9cdb-10f55fdce4b0	("(""(""""(""""""""(widget)"""""""",widget)"""",id)"",fb70b455-8e8e-4ec6-be67-c1309ba724ba)","(""(""""(widget)"""",widget)"",id)")	\\x47a72964e926f4e5620e094c5bfd3173344c2072e745d7bd4471733afc42318d
6f245c22-39aa-4c51-bf05-220242b12c5b	35733e63-8b61-4712-be68-35b6c5e1997c	("(""(""""(""""""""(widget)"""""""",widget)"""",id)"",803885e8-27f0-490c-9ff2-b107508bbcf4)","(""(""""(widget)"""",widget)"",pre_js)")	\\xe4b08665b2511bc86ca7cf1116f4a4df34ec5c7f0a19329e166cd8a00e862382
6f44a682-50b9-4917-ae71-95b8100442a1	c395632c-144e-468b-b9bd-0dbac256d68d	("(""(""""(""""""""(widget)"""""""",widget)"""",id)"",63570765-a5e5-4b56-83c1-36a8226fb5e8)","(""(""""(widget)"""",widget)"",post_js)")	\\x0b39744edaf7790987a728d228da2a164bc26b68941794d4e1ac966b1fae9863
7070b229-f0c0-4b4b-bc28-8a37d0c97d8b	9c176983-69a6-4ea6-962c-a9556e8043bc	("(""(""""(""""""""(widget)"""""""",widget)"""",id)"",fb70b455-8e8e-4ec6-be67-c1309ba724ba)","(""(""""(widget)"""",widget)"",pre_js)")	\\xe4b08665b2511bc86ca7cf1116f4a4df34ec5c7f0a19329e166cd8a00e862382
71a8234a-1efa-4a55-8683-7ca469b817a9	7a0b5305-c849-43be-8d30-0698ed219eb6	("(""(""""(""""""""(widget)"""""""",widget)"""",id)"",17f14dbb-602b-43d2-8495-3e8a875a7c64)","(""(""""(widget)"""",widget)"",pre_js)")	\\xe4b08665b2511bc86ca7cf1116f4a4df34ec5c7f0a19329e166cd8a00e862382
75150fb3-98c5-4ba9-b2e0-6bccd2202330	76021c3c-9b85-4164-a012-f5b7c097d1fc	("(""(""""(""""""""(widget)"""""""",widget)"""",id)"",63570765-a5e5-4b56-83c1-36a8226fb5e8)","(""(""""(widget)"""",widget)"",html)")	\\x0b8a0591c6e63a207e40309e12e6d2f63faf610e2a908c47586bfc5ea3d10465
7613e6e8-bc33-4360-a1d3-2d818dc0d059	99255028-8ad1-413c-bbc6-79f6a057b130	("(""(""""(""""""""(widget)"""""""",widget)"""",id)"",6abf86bc-fc91-4b55-a4e5-c3d7240eb5b6)","(""(""""(widget)"""",widget)"",id)")	\\x37bee05b6bd8a0602213bca51d2e67334db8af7f1f2991d5d0820519c2fb691c
77fd3d1e-b464-4360-a9f3-69086bd7a836	f9f9741b-f5fd-4da8-a0dd-597dd61cd304	("(""(""""(""""""""(widget)"""""""",widget)"""",id)"",803885e8-27f0-490c-9ff2-b107508bbcf4)","(""(""""(widget)"""",widget)"",html)")	\\xb671de05cd241276211230c5b2c9ad22247014dcc76d5613650af7f1fdea83b5
786af671-3272-46a7-9f06-6f11df75f09e	923d133d-c6be-4a1e-8cee-2d2371f7a0ae	("(""(""""(""""""""(widget)"""""""",widget)"""",id)"",fb70b455-8e8e-4ec6-be67-c1309ba724ba)","(""(""""(widget)"""",widget)"",pre_js)")	\\xe4b08665b2511bc86ca7cf1116f4a4df34ec5c7f0a19329e166cd8a00e862382
79675ffb-0af7-4438-859e-9c8498a91489	0213e50e-d029-4963-a261-4c09f76890a6	("(""(""""(""""""""(widget)"""""""",widget)"""",id)"",fb70b455-8e8e-4ec6-be67-c1309ba724ba)","(""(""""(widget)"""",widget)"",css)")	\\xee6a1995c1321be1505f52eaceecec8c5171f743a2da2c9816cb5535df8a0a3f
7a35b3e1-eaab-486d-9543-5407090e2c82	14673b92-06a4-4f89-8541-a8589931aef4	("(""(""""(""""""""(endpoint)"""""""",resource)"""",id)"",044749ed-a948-46a4-bae9-2e5dfb6f8641)","(""(""""(endpoint)"""",resource)"",path)")	\\x9975532265a3844d0f9c40a8561a8e2ea294af3a16ca7301594e065bde2fb6f0
7aa4a780-00b1-4825-8674-e7c1c23f799f	9c176983-69a6-4ea6-962c-a9556e8043bc	("(""(""""(""""""""(widget)"""""""",widget)"""",id)"",fb70b455-8e8e-4ec6-be67-c1309ba724ba)","(""(""""(widget)"""",widget)"",id)")	\\x47a72964e926f4e5620e094c5bfd3173344c2072e745d7bd4471733afc42318d
7ab9b173-e48d-4fa3-8ae4-0eb92116b268	922c5f31-6444-4cc9-a2f8-02b4280d7841	("(""(""""(""""""""(endpoint)"""""""",resource)"""",id)"",044749ed-a948-46a4-bae9-2e5dfb6f8641)","(""(""""(endpoint)"""",resource)"",path)")	\\x9975532265a3844d0f9c40a8561a8e2ea294af3a16ca7301594e065bde2fb6f0
7b14e664-9caa-4d5c-8c8c-7e3fa99e659c	f9f9741b-f5fd-4da8-a0dd-597dd61cd304	("(""(""""(""""""""(widget)"""""""",widget)"""",id)"",803885e8-27f0-490c-9ff2-b107508bbcf4)","(""(""""(widget)"""",widget)"",name)")	\\xe7a0ac8750f8729ce07cbfcb9604bd52e1ce3041968e276262eb17c7f3454238
7f0a12da-63ca-4cb8-8618-e85d6fa1e988	99255028-8ad1-413c-bbc6-79f6a057b130	("(""(""""(""""""""(widget)"""""""",widget)"""",id)"",6abf86bc-fc91-4b55-a4e5-c3d7240eb5b6)","(""(""""(widget)"""",widget)"",post_js)")	\\xc3b54fcdebc2b00bb9fd7581c08a1bb8a46c06d08e9a36c91376fa32c0a07d0b
7f835583-47e3-4d21-ac0c-47a4d6cbfd94	1a04a119-0186-4ae5-9c84-fa2b94116ff7	("(""(""""(""""""""(endpoint)"""""""",resource)"""",id)"",044749ed-a948-46a4-bae9-2e5dfb6f8641)","(""(""""(endpoint)"""",resource)"",id)")	\\xbbdae27ec05c662b728a59eb833204445dac291bfd60b5784b4c25a68d20d351
80e11493-7015-43f0-8205-92a5944359ec	beeb20e0-74cf-4f7a-a181-b89a70c60189	("(""(""""(""""""""(widget)"""""""",widget)"""",id)"",17f14dbb-602b-43d2-8495-3e8a875a7c64)","(""(""""(widget)"""",widget)"",html)")	\\x0ff774b8773c3f0c76fe4a943cf91cf372441388bc765575081fc02cb192ff0a
81eb2fe6-eef7-4715-a71c-9af50c7cffdf	be220e73-fdc6-464a-b28d-630cf71d1b63	("(""(""""(""""""""(endpoint)"""""""",resource)"""",id)"",044749ed-a948-46a4-bae9-2e5dfb6f8641)","(""(""""(endpoint)"""",resource)"",path)")	\\x9975532265a3844d0f9c40a8561a8e2ea294af3a16ca7301594e065bde2fb6f0
842dcaac-a22c-4a29-9ea9-732df3dc8314	20ea956b-3b12-4978-94d9-43cb9ff5e5fb	("(""(""""(""""""""(endpoint)"""""""",resource)"""",id)"",044749ed-a948-46a4-bae9-2e5dfb6f8641)","(""(""""(endpoint)"""",resource)"",path)")	\\x9975532265a3844d0f9c40a8561a8e2ea294af3a16ca7301594e065bde2fb6f0
8446de4b-6d94-4753-8024-27be793c09f0	d69e3239-919e-4297-b9a4-04a21eba7a75	("(""(""""(""""""""(widget)"""""""",widget)"""",id)"",6abf86bc-fc91-4b55-a4e5-c3d7240eb5b6)","(""(""""(widget)"""",widget)"",css)")	\\xb37edff9aca9e6da9bd60a69c9bd458e4379e8621541ae11f943f6a53e54409f
85ef0fd7-a963-4fd3-9ff3-690457c4913e	295b639e-bce0-4ac8-91c8-20ac1290587b	("(""(""""(""""""""(widget)"""""""",widget)"""",id)"",63570765-a5e5-4b56-83c1-36a8226fb5e8)","(""(""""(widget)"""",widget)"",id)")	\\x25516858cb9d4fb8efc308ff46c02de8f50b737ef11de41e760ce977635177b0
87b89a5a-d479-4698-8a01-f3206ea9e0c7	d69e3239-919e-4297-b9a4-04a21eba7a75	("(""(""""(""""""""(widget)"""""""",widget)"""",id)"",6abf86bc-fc91-4b55-a4e5-c3d7240eb5b6)","(""(""""(widget)"""",widget)"",name)")	\\xa5ed0a2d756eeebcba85e1bc0ca1acb73d87e19042343ff96b5f4cf14cb9c8f7
88e74493-c1da-46f4-a117-b65a05f8c425	462e4d08-eacf-4285-a5e9-67cabf8ab4d8	("(""(""""(""""""""(widget)"""""""",widget)"""",id)"",63570765-a5e5-4b56-83c1-36a8226fb5e8)","(""(""""(widget)"""",widget)"",html)")	\\xdd5ceb17912e163651979e6bd001ea1298e699573b877895e81f3a326a3cdd84
8b60d57e-f107-4fdc-80ac-08f6d6feeefc	295b639e-bce0-4ac8-91c8-20ac1290587b	("(""(""""(""""""""(widget)"""""""",widget)"""",id)"",63570765-a5e5-4b56-83c1-36a8226fb5e8)","(""(""""(widget)"""",widget)"",pre_js)")	\\xe4b08665b2511bc86ca7cf1116f4a4df34ec5c7f0a19329e166cd8a00e862382
8c623f76-9875-48ae-be93-21150f5cd1c0	02c98b68-3fa7-484a-8551-b5020be5bcb4	("(""(""""(""""""""(widget)"""""""",widget)"""",id)"",fb70b455-8e8e-4ec6-be67-c1309ba724ba)","(""(""""(widget)"""",widget)"",name)")	\\x32d3fedad4cfedcc9ea856b5cad0607b18233a469570c39bfd1968a20075ebad
8d455e05-221a-4b89-90a3-c427253011ee	6d1a8205-3dfd-4d20-af13-b7ab0cff34f6	("(""(""""(""""""""(widget)"""""""",widget)"""",id)"",17f14dbb-602b-43d2-8495-3e8a875a7c64)","(""(""""(widget)"""",widget)"",name)")	\\x3e91816f9800f55d9a804569780edd475b0b388a003e4f2db38151294640e53f
8d82074f-9ad4-43ee-a896-ec7094c94e90	dfed1a69-4a36-4de8-9ecd-92bcc0a7fbd4	("(""(""""(""""""""(widget)"""""""",widget)"""",id)"",8d203ff9-cc1d-4b91-a1b1-c767a92a6ef8)","(""(""""(widget)"""",widget)"",html)")	\\x2dbeae9cd6d4e8adde40d4c9a0fbefb7e3a119042aae831dab9102b901020545
8dada672-14f4-426e-9418-e1100ff04775	bbcc04d3-0d7c-402a-bb18-97efcaf7e0e0	("(""(""""(""""""""(widget)"""""""",widget)"""",id)"",6abf86bc-fc91-4b55-a4e5-c3d7240eb5b6)","(""(""""(widget)"""",widget)"",css)")	\\xb37edff9aca9e6da9bd60a69c9bd458e4379e8621541ae11f943f6a53e54409f
8de456d7-03e2-4ea2-af3f-83698a4112d2	14b77c36-6e7c-45ce-aabc-7f1a253ad0bc	("(""(""""(""""""""(widget)"""""""",widget)"""",id)"",63570765-a5e5-4b56-83c1-36a8226fb5e8)","(""(""""(widget)"""",widget)"",post_js)")	\\x6cc1364676768b3d71795b4760f85acd6735465d0ccf783be401ece1ac8b53ea
8ea45c45-d146-447b-8f18-be92ed9ee9da	4a5caf51-ad83-4541-a89c-902e935ac700	("(""(""""(""""""""(endpoint)"""""""",resource)"""",id)"",044749ed-a948-46a4-bae9-2e5dfb6f8641)","(""(""""(endpoint)"""",resource)"",content)")	\\x0f4ced74408f66e036d81ee9c48942d522180340a7ef057682da880950492160
915cf43f-58cd-4daf-a8f3-ce4b5fb1a51c	22f21324-61cf-49c3-8273-0d4b9668f4a5	("(""(""""(""""""""(widget)"""""""",widget)"""",id)"",fb70b455-8e8e-4ec6-be67-c1309ba724ba)","(""(""""(widget)"""",widget)"",html)")	\\x4c9c617da941c53a81775efb020a3c817278d89722910f20e4c95f91a0bd112f
92fbdc19-a13f-41fb-b151-3955c699567c	c42a8ea0-e3ec-4275-85a2-a3d19de5e5f8	("(""(""""(""""""""(widget)"""""""",widget)"""",id)"",63570765-a5e5-4b56-83c1-36a8226fb5e8)","(""(""""(widget)"""",widget)"",css)")	\\x0ba9b693da6b2dbb83cee744e953ac5cb5f3d2cb93a4a0550b607a7fdcca02c2
966b0d30-69e5-489a-9ad3-652345f20c9f	44b7fd70-2dcf-4c9c-b50e-1ea3ab3e0592	("(""(""""(""""""""(widget)"""""""",widget)"""",id)"",fb70b455-8e8e-4ec6-be67-c1309ba724ba)","(""(""""(widget)"""",widget)"",name)")	\\x32d3fedad4cfedcc9ea856b5cad0607b18233a469570c39bfd1968a20075ebad
96d4105d-00e4-4168-9da7-a452f51bd22b	bbcc04d3-0d7c-402a-bb18-97efcaf7e0e0	("(""(""""(""""""""(widget)"""""""",widget)"""",id)"",6abf86bc-fc91-4b55-a4e5-c3d7240eb5b6)","(""(""""(widget)"""",widget)"",name)")	\\xa5ed0a2d756eeebcba85e1bc0ca1acb73d87e19042343ff96b5f4cf14cb9c8f7
97ca79ab-67cf-40cf-8bf0-172c76ee7ffb	dd4a4f35-9297-4e31-b6df-1e984e3bcfd3	("(""(""""(""""""""(widget)"""""""",widget)"""",id)"",8d203ff9-cc1d-4b91-a1b1-c767a92a6ef8)","(""(""""(widget)"""",widget)"",id)")	\\x4f0a5102f35eebe48f4d4b6aebad05362a79acc85f7f7b8216fd29170c61c7a9
983517fb-a6d1-403e-b35b-f1fcdbce87b5	f7ccdd3c-996e-4191-81b9-f2cac1fd4af4	("(""(""""(""""""""(widget)"""""""",widget)"""",id)"",fb70b455-8e8e-4ec6-be67-c1309ba724ba)","(""(""""(widget)"""",widget)"",id)")	\\x47a72964e926f4e5620e094c5bfd3173344c2072e745d7bd4471733afc42318d
993dd301-345a-4375-a0ac-a4bb94d823da	44b7fd70-2dcf-4c9c-b50e-1ea3ab3e0592	("(""(""""(""""""""(widget)"""""""",widget)"""",id)"",fb70b455-8e8e-4ec6-be67-c1309ba724ba)","(""(""""(widget)"""",widget)"",post_js)")	\\x063c73e703d34edfba2f8d35b0f9b73428b585fe1d9b8d33a38a964a0daa34c2
9c5b972f-34b3-471f-b786-5e97853b6557	353344bb-55ac-42b2-aa14-bf8b607d86e4	("(""(""""(""""""""(widget)"""""""",widget)"""",id)"",17f14dbb-602b-43d2-8495-3e8a875a7c64)","(""(""""(widget)"""",widget)"",pre_js)")	\\xe4b08665b2511bc86ca7cf1116f4a4df34ec5c7f0a19329e166cd8a00e862382
9c770b2a-d271-45e1-9f9b-d91659900322	35733e63-8b61-4712-be68-35b6c5e1997c	("(""(""""(""""""""(widget)"""""""",widget)"""",id)"",803885e8-27f0-490c-9ff2-b107508bbcf4)","(""(""""(widget)"""",widget)"",html)")	\\xb671de05cd241276211230c5b2c9ad22247014dcc76d5613650af7f1fdea83b5
9f1f9772-5033-40c5-89e9-a11fd5d25225	beeb20e0-74cf-4f7a-a181-b89a70c60189	("(""(""""(""""""""(widget)"""""""",widget)"""",id)"",17f14dbb-602b-43d2-8495-3e8a875a7c64)","(""(""""(widget)"""",widget)"",css)")	\\xbdec371e6a09dfd9dbe97f6f9f81796349df24965462a3cfc011fb612d89b74f
a139cfc2-6a0a-47ad-8cfb-6ead41e6ac3c	072ef291-39a2-40b9-ade3-ad5cdab61a24	("(""(""""(""""""""(widget)"""""""",widget)"""",id)"",8d203ff9-cc1d-4b91-a1b1-c767a92a6ef8)","(""(""""(widget)"""",widget)"",pre_js)")	\\xe4b08665b2511bc86ca7cf1116f4a4df34ec5c7f0a19329e166cd8a00e862382
a247d7f2-9960-40c8-845f-dff424595e0c	22f21324-61cf-49c3-8273-0d4b9668f4a5	("(""(""""(""""""""(widget)"""""""",widget)"""",id)"",fb70b455-8e8e-4ec6-be67-c1309ba724ba)","(""(""""(widget)"""",widget)"",post_js)")	\\x063c73e703d34edfba2f8d35b0f9b73428b585fe1d9b8d33a38a964a0daa34c2
a2fe3d90-1700-4a00-9071-9b73b7db82a1	76021c3c-9b85-4164-a012-f5b7c097d1fc	("(""(""""(""""""""(widget)"""""""",widget)"""",id)"",63570765-a5e5-4b56-83c1-36a8226fb5e8)","(""(""""(widget)"""",widget)"",css)")	\\x0ba9b693da6b2dbb83cee744e953ac5cb5f3d2cb93a4a0550b607a7fdcca02c2
a52a17e3-29ec-4e0c-b885-da1a968dfb09	462e4d08-eacf-4285-a5e9-67cabf8ab4d8	("(""(""""(""""""""(widget)"""""""",widget)"""",id)"",63570765-a5e5-4b56-83c1-36a8226fb5e8)","(""(""""(widget)"""",widget)"",css)")	\\x0ba9b693da6b2dbb83cee744e953ac5cb5f3d2cb93a4a0550b607a7fdcca02c2
a53a9eae-7f4e-40da-a0b0-688ee868d9ed	44b7fd70-2dcf-4c9c-b50e-1ea3ab3e0592	("(""(""""(""""""""(widget)"""""""",widget)"""",id)"",fb70b455-8e8e-4ec6-be67-c1309ba724ba)","(""(""""(widget)"""",widget)"",pre_js)")	\\xe4b08665b2511bc86ca7cf1116f4a4df34ec5c7f0a19329e166cd8a00e862382
a5beb6c8-b2c6-4fba-915f-d1144e8e6906	4a5caf51-ad83-4541-a89c-902e935ac700	("(""(""""(""""""""(endpoint)"""""""",resource)"""",id)"",044749ed-a948-46a4-bae9-2e5dfb6f8641)","(""(""""(endpoint)"""",resource)"",mimetype_id)")	\\xdd2741e2734916143a6dbf1d1939cbc04396f10356faf54aba282066cec41b5f
a63a109a-4728-473d-8bbc-8d022573819d	0cf184a5-74b3-4a18-abce-6da927cd518d	("(""(""""(""""""""(widget)"""""""",widget)"""",id)"",803885e8-27f0-490c-9ff2-b107508bbcf4)","(""(""""(widget)"""",widget)"",post_js)")	\\xc432e47dcdc9c9a8b3a4db456ed22e6a0e831ffe20b3d8525373596e5b55b89a
a83ada9b-9d77-40b7-bc54-a1e0c1cf044e	f7ccdd3c-996e-4191-81b9-f2cac1fd4af4	("(""(""""(""""""""(widget)"""""""",widget)"""",id)"",fb70b455-8e8e-4ec6-be67-c1309ba724ba)","(""(""""(widget)"""",widget)"",post_js)")	\\x063c73e703d34edfba2f8d35b0f9b73428b585fe1d9b8d33a38a964a0daa34c2
a8ccc1db-5f15-472f-ae8c-be1fc7ce0def	3322fab7-5885-4aa5-8b70-04ab03e78ec0	("(""(""""(""""""""(widget)"""""""",widget)"""",id)"",8d203ff9-cc1d-4b91-a1b1-c767a92a6ef8)","(""(""""(widget)"""",widget)"",name)")	\\x68deeb2c96be0e650b9f857625f625653adea6edc50ab5582eb008a1077b7235
a8f52644-005d-4d83-a439-617474898979	99255028-8ad1-413c-bbc6-79f6a057b130	("(""(""""(""""""""(widget)"""""""",widget)"""",id)"",6abf86bc-fc91-4b55-a4e5-c3d7240eb5b6)","(""(""""(widget)"""",widget)"",name)")	\\xa5ed0a2d756eeebcba85e1bc0ca1acb73d87e19042343ff96b5f4cf14cb9c8f7
a9f863e7-f05a-4b61-a015-250f9ac7efd7	c42a8ea0-e3ec-4275-85a2-a3d19de5e5f8	("(""(""""(""""""""(widget)"""""""",widget)"""",id)"",63570765-a5e5-4b56-83c1-36a8226fb5e8)","(""(""""(widget)"""",widget)"",id)")	\\x25516858cb9d4fb8efc308ff46c02de8f50b737ef11de41e760ce977635177b0
aa9853b0-7052-4398-855b-3da836d9ce97	dd4a4f35-9297-4e31-b6df-1e984e3bcfd3	("(""(""""(""""""""(widget)"""""""",widget)"""",id)"",8d203ff9-cc1d-4b91-a1b1-c767a92a6ef8)","(""(""""(widget)"""",widget)"",post_js)")	\\x12cb2ab093b11812bca0b82a03d9470cb44f59cbad583e57d6ee89786fa82c9c
ac0751eb-a4f4-4aab-a25a-894778d07740	072ef291-39a2-40b9-ade3-ad5cdab61a24	("(""(""""(""""""""(widget)"""""""",widget)"""",id)"",8d203ff9-cc1d-4b91-a1b1-c767a92a6ef8)","(""(""""(widget)"""",widget)"",css)")	\\xf7e96fa6ec83c004651f304fd801f767048fe2c5eb87d1e5f541c67b465bdac8
ac1afcfe-0d31-479d-88a1-2d2c7fb6f247	70b1b946-b0d9-4b5f-8a03-cbe6ebb9485a	("(""(""""(""""""""(widget)"""""""",widget)"""",id)"",6abf86bc-fc91-4b55-a4e5-c3d7240eb5b6)","(""(""""(widget)"""",widget)"",css)")	\\xb37edff9aca9e6da9bd60a69c9bd458e4379e8621541ae11f943f6a53e54409f
ad42944c-6aaa-4ce2-ac66-4a12bc3c4a9c	6d35616e-46e7-42ab-a7ac-54cbc2415259	("(""(""""(""""""""(widget)"""""""",widget)"""",id)"",63570765-a5e5-4b56-83c1-36a8226fb5e8)","(""(""""(widget)"""",widget)"",css)")	\\x0ba9b693da6b2dbb83cee744e953ac5cb5f3d2cb93a4a0550b607a7fdcca02c2
af728328-7d65-4e46-ae61-9b0d2119cbba	922c5f31-6444-4cc9-a2f8-02b4280d7841	("(""(""""(""""""""(endpoint)"""""""",resource)"""",id)"",044749ed-a948-46a4-bae9-2e5dfb6f8641)","(""(""""(endpoint)"""",resource)"",content)")	\\x0f4ced74408f66e036d81ee9c48942d522180340a7ef057682da880950492160
afa4451e-7bc9-4402-9fc7-3bab7a7e32dd	8eebafa8-b0fd-4afd-9cdb-10f55fdce4b0	("(""(""""(""""""""(widget)"""""""",widget)"""",id)"",fb70b455-8e8e-4ec6-be67-c1309ba724ba)","(""(""""(widget)"""",widget)"",html)")	\\x4c9c617da941c53a81775efb020a3c817278d89722910f20e4c95f91a0bd112f
b150cc2b-87ab-4b59-8534-62b9d8a1926d	5a097eae-a26a-44a2-9dca-82af7da8016e	("(""(""""(""""""""(endpoint)"""""""",resource)"""",id)"",044749ed-a948-46a4-bae9-2e5dfb6f8641)","(""(""""(endpoint)"""",resource)"",path)")	\\x9975532265a3844d0f9c40a8561a8e2ea294af3a16ca7301594e065bde2fb6f0
b1d08f96-3667-4bf4-8585-c67dcf9f8993	1fe65f83-9c93-4cc7-b059-8c97ab9267f3	("(""(""""(""""""""(widget)"""""""",widget)"""",id)"",803885e8-27f0-490c-9ff2-b107508bbcf4)","(""(""""(widget)"""",widget)"",html)")	\\x6aac99bc514b314575a35e989eb6c0ce293064e98beb99860c0d9ded97e16cce
b20b3814-ded1-40ec-896f-829e1fb6d4e6	08bcec7c-f708-4109-b2db-720a51693537	("(""(""""(""""""""(widget)"""""""",widget)"""",id)"",803885e8-27f0-490c-9ff2-b107508bbcf4)","(""(""""(widget)"""",widget)"",pre_js)")	\\xe4b08665b2511bc86ca7cf1116f4a4df34ec5c7f0a19329e166cd8a00e862382
b231730c-4ce7-46d5-bb87-853f83c32311	22f21324-61cf-49c3-8273-0d4b9668f4a5	("(""(""""(""""""""(widget)"""""""",widget)"""",id)"",fb70b455-8e8e-4ec6-be67-c1309ba724ba)","(""(""""(widget)"""",widget)"",name)")	\\x32d3fedad4cfedcc9ea856b5cad0607b18233a469570c39bfd1968a20075ebad
b313fd60-4082-4d8e-b7d7-5532ee6d64ec	295b639e-bce0-4ac8-91c8-20ac1290587b	("(""(""""(""""""""(widget)"""""""",widget)"""",id)"",63570765-a5e5-4b56-83c1-36a8226fb5e8)","(""(""""(widget)"""",widget)"",css)")	\\x0ba9b693da6b2dbb83cee744e953ac5cb5f3d2cb93a4a0550b607a7fdcca02c2
b5d6bdd0-7af9-469c-bf3f-6072fb8a00af	99255028-8ad1-413c-bbc6-79f6a057b130	("(""(""""(""""""""(widget)"""""""",widget)"""",id)"",6abf86bc-fc91-4b55-a4e5-c3d7240eb5b6)","(""(""""(widget)"""",widget)"",css)")	\\xb37edff9aca9e6da9bd60a69c9bd458e4379e8621541ae11f943f6a53e54409f
b625643b-b8ea-4aa0-b822-160483ea10ec	95b647f7-a565-4d4d-8fb4-45731a6e9612	("(""(""""(""""""""(widget)"""""""",widget)"""",id)"",803885e8-27f0-490c-9ff2-b107508bbcf4)","(""(""""(widget)"""",widget)"",html)")	\\xb3d004279e98261f04cb1e93aa9f1550cc8a4f3c1fcff71e6dce4263bf30671c
b6f45d0e-5d27-4fae-aab7-f052e6b7d9ae	02c98b68-3fa7-484a-8551-b5020be5bcb4	("(""(""""(""""""""(widget)"""""""",widget)"""",id)"",fb70b455-8e8e-4ec6-be67-c1309ba724ba)","(""(""""(widget)"""",widget)"",html)")	\\x4c9c617da941c53a81775efb020a3c817278d89722910f20e4c95f91a0bd112f
b7ad97d4-3326-4642-ac3e-07f9dbf8cae4	4a5caf51-ad83-4541-a89c-902e935ac700	("(""(""""(""""""""(endpoint)"""""""",resource)"""",id)"",044749ed-a948-46a4-bae9-2e5dfb6f8641)","(""(""""(endpoint)"""",resource)"",active)")	\\xb5bea41b6c623f7c09f1bf24dcae58ebab3c0cdd90ad966bc43a45b44867e12b
b7f88b5a-1583-4a4c-b03d-a9b11adb29f2	95b647f7-a565-4d4d-8fb4-45731a6e9612	("(""(""""(""""""""(widget)"""""""",widget)"""",id)"",803885e8-27f0-490c-9ff2-b107508bbcf4)","(""(""""(widget)"""",widget)"",name)")	\\xe7a0ac8750f8729ce07cbfcb9604bd52e1ce3041968e276262eb17c7f3454238
b87995cb-5a6f-4498-aa8f-9dfdf813c554	8c1e46d2-7650-4002-96aa-67a7adf02f24	("(""(""""(""""""""(widget)"""""""",widget)"""",id)"",63570765-a5e5-4b56-83c1-36a8226fb5e8)","(""(""""(widget)"""",widget)"",post_js)")	\\x087b78bad735ad62cfd5d24d4007096034a86a1c4c620d3129a35edf38631363
b8caf1a9-f6bf-484b-b74d-d65483f20039	072ef291-39a2-40b9-ade3-ad5cdab61a24	("(""(""""(""""""""(widget)"""""""",widget)"""",id)"",8d203ff9-cc1d-4b91-a1b1-c767a92a6ef8)","(""(""""(widget)"""",widget)"",id)")	\\x4f0a5102f35eebe48f4d4b6aebad05362a79acc85f7f7b8216fd29170c61c7a9
b8d64ab5-bba3-4f70-9b25-da899e98e342	70b1b946-b0d9-4b5f-8a03-cbe6ebb9485a	("(""(""""(""""""""(widget)"""""""",widget)"""",id)"",6abf86bc-fc91-4b55-a4e5-c3d7240eb5b6)","(""(""""(widget)"""",widget)"",pre_js)")	\\xe4b08665b2511bc86ca7cf1116f4a4df34ec5c7f0a19329e166cd8a00e862382
b911bacd-1048-4b97-a339-bd9b2e7a479b	70b1b946-b0d9-4b5f-8a03-cbe6ebb9485a	("(""(""""(""""""""(widget)"""""""",widget)"""",id)"",6abf86bc-fc91-4b55-a4e5-c3d7240eb5b6)","(""(""""(widget)"""",widget)"",id)")	\\x37bee05b6bd8a0602213bca51d2e67334db8af7f1f2991d5d0820519c2fb691c
b9d3148b-81a1-428f-b418-99df90e4eb01	8c1e46d2-7650-4002-96aa-67a7adf02f24	("(""(""""(""""""""(widget)"""""""",widget)"""",id)"",63570765-a5e5-4b56-83c1-36a8226fb5e8)","(""(""""(widget)"""",widget)"",name)")	\\x2a97516c354b68848cdbd8f54a226a0a55b21ed138e207ad6c5cbb9c00aa5aea
bda91abe-91f7-46a4-a163-d41d7c4913e6	353344bb-55ac-42b2-aa14-bf8b607d86e4	("(""(""""(""""""""(widget)"""""""",widget)"""",id)"",17f14dbb-602b-43d2-8495-3e8a875a7c64)","(""(""""(widget)"""",widget)"",html)")	\\x0ff774b8773c3f0c76fe4a943cf91cf372441388bc765575081fc02cb192ff0a
bdb92462-168e-4589-8c82-126970bd16ad	d69e3239-919e-4297-b9a4-04a21eba7a75	("(""(""""(""""""""(widget)"""""""",widget)"""",id)"",6abf86bc-fc91-4b55-a4e5-c3d7240eb5b6)","(""(""""(widget)"""",widget)"",post_js)")	\\xc3b54fcdebc2b00bb9fd7581c08a1bb8a46c06d08e9a36c91376fa32c0a07d0b
bdbe3a48-44c1-45f7-ae3c-663fdc2b9ddc	20ea956b-3b12-4978-94d9-43cb9ff5e5fb	("(""(""""(""""""""(endpoint)"""""""",resource)"""",id)"",044749ed-a948-46a4-bae9-2e5dfb6f8641)","(""(""""(endpoint)"""",resource)"",id)")	\\xbbdae27ec05c662b728a59eb833204445dac291bfd60b5784b4c25a68d20d351
be34a19a-1510-4593-a6c1-83a310ab4ee9	0d9d1f11-7aea-464a-884d-4e44817d8682	("(""(""""(""""""""(widget)"""""""",widget)"""",id)"",8d203ff9-cc1d-4b91-a1b1-c767a92a6ef8)","(""(""""(widget)"""",widget)"",pre_js)")	\\xe4b08665b2511bc86ca7cf1116f4a4df34ec5c7f0a19329e166cd8a00e862382
be62f031-1794-418f-acb1-28514afbc509	d69e3239-919e-4297-b9a4-04a21eba7a75	("(""(""""(""""""""(widget)"""""""",widget)"""",id)"",6abf86bc-fc91-4b55-a4e5-c3d7240eb5b6)","(""(""""(widget)"""",widget)"",html)")	\\xa8ae5aa90a94d908fc7ab35b18702a301e9378f83386f49d4b1dc63c0502a34f
be6d8663-7826-424b-bf60-9b6f31604571	6d35616e-46e7-42ab-a7ac-54cbc2415259	("(""(""""(""""""""(widget)"""""""",widget)"""",id)"",63570765-a5e5-4b56-83c1-36a8226fb5e8)","(""(""""(widget)"""",widget)"",post_js)")	\\xfe80a646c79da14e3596a2ea3a20c06ab25a2bce2c84e60364bffc8481b17610
bf013c21-25fe-4ef3-b269-6314ddcbec33	0cf184a5-74b3-4a18-abce-6da927cd518d	("(""(""""(""""""""(widget)"""""""",widget)"""",id)"",803885e8-27f0-490c-9ff2-b107508bbcf4)","(""(""""(widget)"""",widget)"",pre_js)")	\\xe4b08665b2511bc86ca7cf1116f4a4df34ec5c7f0a19329e166cd8a00e862382
bf19a39c-95f7-4bba-9433-03f610b806e8	dd4a4f35-9297-4e31-b6df-1e984e3bcfd3	("(""(""""(""""""""(widget)"""""""",widget)"""",id)"",8d203ff9-cc1d-4b91-a1b1-c767a92a6ef8)","(""(""""(widget)"""",widget)"",pre_js)")	\\xe4b08665b2511bc86ca7cf1116f4a4df34ec5c7f0a19329e166cd8a00e862382
bffe4f2a-ecbf-40a3-b58e-51bca74e37ff	bbcc04d3-0d7c-402a-bb18-97efcaf7e0e0	("(""(""""(""""""""(widget)"""""""",widget)"""",id)"",6abf86bc-fc91-4b55-a4e5-c3d7240eb5b6)","(""(""""(widget)"""",widget)"",pre_js)")	\\xe4b08665b2511bc86ca7cf1116f4a4df34ec5c7f0a19329e166cd8a00e862382
c1dcd588-b1b6-4926-a821-96953934d905	beeb20e0-74cf-4f7a-a181-b89a70c60189	("(""(""""(""""""""(widget)"""""""",widget)"""",id)"",17f14dbb-602b-43d2-8495-3e8a875a7c64)","(""(""""(widget)"""",widget)"",pre_js)")	\\xe4b08665b2511bc86ca7cf1116f4a4df34ec5c7f0a19329e166cd8a00e862382
c33ab6ec-1481-4cac-974e-8602c7832066	c2d23e5c-0a80-4be4-9c1e-fee9169232fb	("(""(""""(""""""""(endpoint)"""""""",resource)"""",id)"",044749ed-a948-46a4-bae9-2e5dfb6f8641)","(""(""""(endpoint)"""",resource)"",id)")	\\xbbdae27ec05c662b728a59eb833204445dac291bfd60b5784b4c25a68d20d351
c3aa7758-da96-4f71-afe6-ae1bd0bffc52	cd2f252b-2e6c-4226-ae4e-acb67faad5da	("(""(""""(""""""""(widget)"""""""",widget)"""",id)"",8d203ff9-cc1d-4b91-a1b1-c767a92a6ef8)","(""(""""(widget)"""",widget)"",name)")	\\x68deeb2c96be0e650b9f857625f625653adea6edc50ab5582eb008a1077b7235
c405b9c7-8f5b-460f-9a75-ff5271a853f9	cd2f252b-2e6c-4226-ae4e-acb67faad5da	("(""(""""(""""""""(widget)"""""""",widget)"""",id)"",8d203ff9-cc1d-4b91-a1b1-c767a92a6ef8)","(""(""""(widget)"""",widget)"",css)")	\\xf7e96fa6ec83c004651f304fd801f767048fe2c5eb87d1e5f541c67b465bdac8
c439fdc9-5732-4780-85fb-63fa23191d02	70b1b946-b0d9-4b5f-8a03-cbe6ebb9485a	("(""(""""(""""""""(widget)"""""""",widget)"""",id)"",6abf86bc-fc91-4b55-a4e5-c3d7240eb5b6)","(""(""""(widget)"""",widget)"",name)")	\\xa5ed0a2d756eeebcba85e1bc0ca1acb73d87e19042343ff96b5f4cf14cb9c8f7
c4d7d02e-992b-40b3-9ec9-59caf3f57ae2	35733e63-8b61-4712-be68-35b6c5e1997c	("(""(""""(""""""""(widget)"""""""",widget)"""",id)"",803885e8-27f0-490c-9ff2-b107508bbcf4)","(""(""""(widget)"""",widget)"",name)")	\\xe7a0ac8750f8729ce07cbfcb9604bd52e1ce3041968e276262eb17c7f3454238
c6869b9f-06af-4404-b0f5-5b43989a6ab7	f7ccdd3c-996e-4191-81b9-f2cac1fd4af4	("(""(""""(""""""""(widget)"""""""",widget)"""",id)"",fb70b455-8e8e-4ec6-be67-c1309ba724ba)","(""(""""(widget)"""",widget)"",name)")	\\x32d3fedad4cfedcc9ea856b5cad0607b18233a469570c39bfd1968a20075ebad
c74a7aed-9720-4bae-8cde-a8c18fb15b82	dfed1a69-4a36-4de8-9ecd-92bcc0a7fbd4	("(""(""""(""""""""(widget)"""""""",widget)"""",id)"",8d203ff9-cc1d-4b91-a1b1-c767a92a6ef8)","(""(""""(widget)"""",widget)"",post_js)")	\\x12cb2ab093b11812bca0b82a03d9470cb44f59cbad583e57d6ee89786fa82c9c
c874d91d-2139-4944-8b15-2489da717cf7	c395632c-144e-468b-b9bd-0dbac256d68d	("(""(""""(""""""""(widget)"""""""",widget)"""",id)"",63570765-a5e5-4b56-83c1-36a8226fb5e8)","(""(""""(widget)"""",widget)"",html)")	\\xdd5ceb17912e163651979e6bd001ea1298e699573b877895e81f3a326a3cdd84
c8b26f27-ccb6-47fe-a732-b62ab75d6fcb	8eebafa8-b0fd-4afd-9cdb-10f55fdce4b0	("(""(""""(""""""""(widget)"""""""",widget)"""",id)"",fb70b455-8e8e-4ec6-be67-c1309ba724ba)","(""(""""(widget)"""",widget)"",pre_js)")	\\xe4b08665b2511bc86ca7cf1116f4a4df34ec5c7f0a19329e166cd8a00e862382
c8e50af6-177a-49ee-9c04-cef7a3eab71f	9c176983-69a6-4ea6-962c-a9556e8043bc	("(""(""""(""""""""(widget)"""""""",widget)"""",id)"",fb70b455-8e8e-4ec6-be67-c1309ba724ba)","(""(""""(widget)"""",widget)"",html)")	\\x4c9c617da941c53a81775efb020a3c817278d89722910f20e4c95f91a0bd112f
cc3ad007-7588-4366-9803-1f0db138d71c	1fe65f83-9c93-4cc7-b059-8c97ab9267f3	("(""(""""(""""""""(widget)"""""""",widget)"""",id)"",803885e8-27f0-490c-9ff2-b107508bbcf4)","(""(""""(widget)"""",widget)"",name)")	\\xe7a0ac8750f8729ce07cbfcb9604bd52e1ce3041968e276262eb17c7f3454238
cd823114-4255-4068-9de7-e452a648771e	cd2f252b-2e6c-4226-ae4e-acb67faad5da	("(""(""""(""""""""(widget)"""""""",widget)"""",id)"",8d203ff9-cc1d-4b91-a1b1-c767a92a6ef8)","(""(""""(widget)"""",widget)"",id)")	\\x4f0a5102f35eebe48f4d4b6aebad05362a79acc85f7f7b8216fd29170c61c7a9
cdd9330a-1f37-4b2c-ae87-6c6dccdb3f52	bbcc04d3-0d7c-402a-bb18-97efcaf7e0e0	("(""(""""(""""""""(widget)"""""""",widget)"""",id)"",6abf86bc-fc91-4b55-a4e5-c3d7240eb5b6)","(""(""""(widget)"""",widget)"",html)")	\\xa8ae5aa90a94d908fc7ab35b18702a301e9378f83386f49d4b1dc63c0502a34f
cde5c53f-1190-4cac-ab29-f7e79c9caea7	f9f9741b-f5fd-4da8-a0dd-597dd61cd304	("(""(""""(""""""""(widget)"""""""",widget)"""",id)"",803885e8-27f0-490c-9ff2-b107508bbcf4)","(""(""""(widget)"""",widget)"",css)")	\\xbdec371e6a09dfd9dbe97f6f9f81796349df24965462a3cfc011fb612d89b74f
ce07a17a-8073-4e41-8368-8211bfdae981	353344bb-55ac-42b2-aa14-bf8b607d86e4	("(""(""""(""""""""(widget)"""""""",widget)"""",id)"",17f14dbb-602b-43d2-8495-3e8a875a7c64)","(""(""""(widget)"""",widget)"",name)")	\\x3e91816f9800f55d9a804569780edd475b0b388a003e4f2db38151294640e53f
ce764917-a0c7-479f-a374-ced3046844e6	7a0b5305-c849-43be-8d30-0698ed219eb6	("(""(""""(""""""""(widget)"""""""",widget)"""",id)"",17f14dbb-602b-43d2-8495-3e8a875a7c64)","(""(""""(widget)"""",widget)"",css)")	\\xbdec371e6a09dfd9dbe97f6f9f81796349df24965462a3cfc011fb612d89b74f
d395c97d-0ce1-4041-a77f-f494d73a5890	dfed1a69-4a36-4de8-9ecd-92bcc0a7fbd4	("(""(""""(""""""""(widget)"""""""",widget)"""",id)"",8d203ff9-cc1d-4b91-a1b1-c767a92a6ef8)","(""(""""(widget)"""",widget)"",css)")	\\xf7e96fa6ec83c004651f304fd801f767048fe2c5eb87d1e5f541c67b465bdac8
d4414797-d09b-4862-bfde-560c9bafce5c	35733e63-8b61-4712-be68-35b6c5e1997c	("(""(""""(""""""""(widget)"""""""",widget)"""",id)"",803885e8-27f0-490c-9ff2-b107508bbcf4)","(""(""""(widget)"""",widget)"",post_js)")	\\x5a7a9a542fce4a95e60a89dcc302ee8561c365f92772482b7a490bbc7b03887e
d5e45201-5d6d-4c33-858d-db806c9f0b40	beeb20e0-74cf-4f7a-a181-b89a70c60189	("(""(""""(""""""""(widget)"""""""",widget)"""",id)"",17f14dbb-602b-43d2-8495-3e8a875a7c64)","(""(""""(widget)"""",widget)"",name)")	\\x3e91816f9800f55d9a804569780edd475b0b388a003e4f2db38151294640e53f
d798f64f-de78-4f36-9c52-b328166ed764	0d9d1f11-7aea-464a-884d-4e44817d8682	("(""(""""(""""""""(widget)"""""""",widget)"""",id)"",8d203ff9-cc1d-4b91-a1b1-c767a92a6ef8)","(""(""""(widget)"""",widget)"",post_js)")	\\x12cb2ab093b11812bca0b82a03d9470cb44f59cbad583e57d6ee89786fa82c9c
d8d08370-e64d-4238-8ea0-2988046604df	295b639e-bce0-4ac8-91c8-20ac1290587b	("(""(""""(""""""""(widget)"""""""",widget)"""",id)"",63570765-a5e5-4b56-83c1-36a8226fb5e8)","(""(""""(widget)"""",widget)"",html)")	\\x0b8a0591c6e63a207e40309e12e6d2f63faf610e2a908c47586bfc5ea3d10465
d933b778-9447-472c-94f2-848fcf47af80	c395632c-144e-468b-b9bd-0dbac256d68d	("(""(""""(""""""""(widget)"""""""",widget)"""",id)"",63570765-a5e5-4b56-83c1-36a8226fb5e8)","(""(""""(widget)"""",widget)"",id)")	\\x25516858cb9d4fb8efc308ff46c02de8f50b737ef11de41e760ce977635177b0
d95db79b-cd0b-4335-a51f-70d05f2ce6c9	1fe65f83-9c93-4cc7-b059-8c97ab9267f3	("(""(""""(""""""""(widget)"""""""",widget)"""",id)"",803885e8-27f0-490c-9ff2-b107508bbcf4)","(""(""""(widget)"""",widget)"",css)")	\\xbdec371e6a09dfd9dbe97f6f9f81796349df24965462a3cfc011fb612d89b74f
dba96f68-4431-42d7-af48-41b86245d10a	0213e50e-d029-4963-a261-4c09f76890a6	("(""(""""(""""""""(widget)"""""""",widget)"""",id)"",fb70b455-8e8e-4ec6-be67-c1309ba724ba)","(""(""""(widget)"""",widget)"",name)")	\\x32d3fedad4cfedcc9ea856b5cad0607b18233a469570c39bfd1968a20075ebad
dccbe716-aa5d-4bba-a8fd-1e687e505c78	0e229ff4-2ce3-402f-b555-30bba384f948	("(""(""""(""""""""(widget)"""""""",widget)"""",id)"",8d203ff9-cc1d-4b91-a1b1-c767a92a6ef8)","(""(""""(widget)"""",widget)"",css)")	\\xf7e96fa6ec83c004651f304fd801f767048fe2c5eb87d1e5f541c67b465bdac8
de68885a-6776-4334-86ee-41d53e493f6b	76021c3c-9b85-4164-a012-f5b7c097d1fc	("(""(""""(""""""""(widget)"""""""",widget)"""",id)"",63570765-a5e5-4b56-83c1-36a8226fb5e8)","(""(""""(widget)"""",widget)"",name)")	\\x2a97516c354b68848cdbd8f54a226a0a55b21ed138e207ad6c5cbb9c00aa5aea
e2bd4273-8ebf-43b5-b00a-b5a1cd069c1f	0662c03e-9bc2-4c4d-ade0-c42900e57257	("(""(""""(""""""""(widget)"""""""",widget)"""",id)"",803885e8-27f0-490c-9ff2-b107508bbcf4)","(""(""""(widget)"""",widget)"",name)")	\\xe7a0ac8750f8729ce07cbfcb9604bd52e1ce3041968e276262eb17c7f3454238
e361041c-4f4c-4f16-a855-d4b1a1d97498	5a097eae-a26a-44a2-9dca-82af7da8016e	("(""(""""(""""""""(endpoint)"""""""",resource)"""",id)"",044749ed-a948-46a4-bae9-2e5dfb6f8641)","(""(""""(endpoint)"""",resource)"",id)")	\\xbbdae27ec05c662b728a59eb833204445dac291bfd60b5784b4c25a68d20d351
e3b0ddf9-3910-4852-aca9-0e4087f6c65d	35733e63-8b61-4712-be68-35b6c5e1997c	("(""(""""(""""""""(widget)"""""""",widget)"""",id)"",803885e8-27f0-490c-9ff2-b107508bbcf4)","(""(""""(widget)"""",widget)"",id)")	\\xdd655e4f87900e0a4d995ba62eeaf342c3f7e5fe5e36aa3df2ec59a5e2c8cc33
e44f28e5-aa2b-46d2-9b9a-27d7632317b0	f7ccdd3c-996e-4191-81b9-f2cac1fd4af4	("(""(""""(""""""""(widget)"""""""",widget)"""",id)"",fb70b455-8e8e-4ec6-be67-c1309ba724ba)","(""(""""(widget)"""",widget)"",html)")	\\x4c9c617da941c53a81775efb020a3c817278d89722910f20e4c95f91a0bd112f
e661731d-c62b-4510-a91c-d72277d96457	072ef291-39a2-40b9-ade3-ad5cdab61a24	("(""(""""(""""""""(widget)"""""""",widget)"""",id)"",8d203ff9-cc1d-4b91-a1b1-c767a92a6ef8)","(""(""""(widget)"""",widget)"",html)")	\\xdb808775165b459e0e27e76bcca52e062c0e7b2d7fbbf8c984392a4bb2f5aa4e
e7450b52-e049-4bd3-966d-e691476c6582	95b647f7-a565-4d4d-8fb4-45731a6e9612	("(""(""""(""""""""(widget)"""""""",widget)"""",id)"",803885e8-27f0-490c-9ff2-b107508bbcf4)","(""(""""(widget)"""",widget)"",post_js)")	\\xe9f33df1d19d524ca16bd5088d1e81403bf6c260000f8bb00c40684125578e21
e912ee58-f098-437c-b307-399fb1be5ee2	dfed1a69-4a36-4de8-9ecd-92bcc0a7fbd4	("(""(""""(""""""""(widget)"""""""",widget)"""",id)"",8d203ff9-cc1d-4b91-a1b1-c767a92a6ef8)","(""(""""(widget)"""",widget)"",pre_js)")	\\xe4b08665b2511bc86ca7cf1116f4a4df34ec5c7f0a19329e166cd8a00e862382
ea7ed110-bcb6-4e33-ae21-24aeb7cc6f4e	922c5f31-6444-4cc9-a2f8-02b4280d7841	("(""(""""(""""""""(endpoint)"""""""",resource)"""",id)"",044749ed-a948-46a4-bae9-2e5dfb6f8641)","(""(""""(endpoint)"""",resource)"",id)")	\\xbbdae27ec05c662b728a59eb833204445dac291bfd60b5784b4c25a68d20d351
eb41bc05-1952-41f1-a538-e7f64e030566	beeb20e0-74cf-4f7a-a181-b89a70c60189	("(""(""""(""""""""(widget)"""""""",widget)"""",id)"",17f14dbb-602b-43d2-8495-3e8a875a7c64)","(""(""""(widget)"""",widget)"",id)")	\\x90dd17c06a3eee13c0c4a4a0f7676359fe19ce2d5e32d86cd86ea5392447d153
eb7f21ae-0652-413b-9fca-91eeaaaade01	923d133d-c6be-4a1e-8cee-2d2371f7a0ae	("(""(""""(""""""""(widget)"""""""",widget)"""",id)"",fb70b455-8e8e-4ec6-be67-c1309ba724ba)","(""(""""(widget)"""",widget)"",id)")	\\x47a72964e926f4e5620e094c5bfd3173344c2072e745d7bd4471733afc42318d
ebf6350a-c2fd-4bff-aba3-3ef9931b162b	4a5caf51-ad83-4541-a89c-902e935ac700	("(""(""""(""""""""(endpoint)"""""""",resource)"""",id)"",044749ed-a948-46a4-bae9-2e5dfb6f8641)","(""(""""(endpoint)"""",resource)"",path)")	\\x9975532265a3844d0f9c40a8561a8e2ea294af3a16ca7301594e065bde2fb6f0
ed0fa58d-1fcc-49a1-a537-53fb44b66674	0662c03e-9bc2-4c4d-ade0-c42900e57257	("(""(""""(""""""""(widget)"""""""",widget)"""",id)"",803885e8-27f0-490c-9ff2-b107508bbcf4)","(""(""""(widget)"""",widget)"",pre_js)")	\\xe4b08665b2511bc86ca7cf1116f4a4df34ec5c7f0a19329e166cd8a00e862382
edb089aa-465b-4630-83a8-1da5c8adc34b	14673b92-06a4-4f89-8541-a8589931aef4	("(""(""""(""""""""(endpoint)"""""""",resource)"""",id)"",044749ed-a948-46a4-bae9-2e5dfb6f8641)","(""(""""(endpoint)"""",resource)"",mimetype_id)")	\\xdd2741e2734916143a6dbf1d1939cbc04396f10356faf54aba282066cec41b5f
ee2b6ea2-ea03-48e7-b1c6-c20534080ccd	0662c03e-9bc2-4c4d-ade0-c42900e57257	("(""(""""(""""""""(widget)"""""""",widget)"""",id)"",803885e8-27f0-490c-9ff2-b107508bbcf4)","(""(""""(widget)"""",widget)"",css)")	\\xc87dee0b0c135389378c9ca5184843ccd1f597678c8fe71adb05d3c7016290a7
ee7818b2-dd87-4205-95df-accee4f4fc63	14673b92-06a4-4f89-8541-a8589931aef4	("(""(""""(""""""""(endpoint)"""""""",resource)"""",id)"",044749ed-a948-46a4-bae9-2e5dfb6f8641)","(""(""""(endpoint)"""",resource)"",content)")	\\x0f4ced74408f66e036d81ee9c48942d522180340a7ef057682da880950492160
ee8d90e0-4c18-4ec0-abcd-e9c41e6e79d3	6d1a8205-3dfd-4d20-af13-b7ab0cff34f6	("(""(""""(""""""""(widget)"""""""",widget)"""",id)"",17f14dbb-602b-43d2-8495-3e8a875a7c64)","(""(""""(widget)"""",widget)"",post_js)")	\\x19ebfd502dd8f40c58400f30be1e56f50f087930437be1e2c860256b3597099f
ef2c152f-eed2-4234-8831-678a4823ab09	0cf184a5-74b3-4a18-abce-6da927cd518d	("(""(""""(""""""""(widget)"""""""",widget)"""",id)"",803885e8-27f0-490c-9ff2-b107508bbcf4)","(""(""""(widget)"""",widget)"",name)")	\\xe7a0ac8750f8729ce07cbfcb9604bd52e1ce3041968e276262eb17c7f3454238
f1035e3a-c0bb-4ec6-91d0-4775af4deeb6	44b7fd70-2dcf-4c9c-b50e-1ea3ab3e0592	("(""(""""(""""""""(widget)"""""""",widget)"""",id)"",fb70b455-8e8e-4ec6-be67-c1309ba724ba)","(""(""""(widget)"""",widget)"",html)")	\\x4c9c617da941c53a81775efb020a3c817278d89722910f20e4c95f91a0bd112f
f532d88c-04df-44d3-b7d8-4b25089534ca	8c1e46d2-7650-4002-96aa-67a7adf02f24	("(""(""""(""""""""(widget)"""""""",widget)"""",id)"",63570765-a5e5-4b56-83c1-36a8226fb5e8)","(""(""""(widget)"""",widget)"",html)")	\\x0b8a0591c6e63a207e40309e12e6d2f63faf610e2a908c47586bfc5ea3d10465
f56d259b-0270-46a3-9f6f-fac1bb109d4f	be220e73-fdc6-464a-b28d-630cf71d1b63	("(""(""""(""""""""(endpoint)"""""""",resource)"""",id)"",044749ed-a948-46a4-bae9-2e5dfb6f8641)","(""(""""(endpoint)"""",resource)"",mimetype_id)")	\\xdd2741e2734916143a6dbf1d1939cbc04396f10356faf54aba282066cec41b5f
f62a3c0c-4c26-4aab-9490-dd6c8e0249fd	95b647f7-a565-4d4d-8fb4-45731a6e9612	("(""(""""(""""""""(widget)"""""""",widget)"""",id)"",803885e8-27f0-490c-9ff2-b107508bbcf4)","(""(""""(widget)"""",widget)"",pre_js)")	\\xe4b08665b2511bc86ca7cf1116f4a4df34ec5c7f0a19329e166cd8a00e862382
f72f0d0a-6dea-484a-8368-37c237a4f245	14673b92-06a4-4f89-8541-a8589931aef4	("(""(""""(""""""""(endpoint)"""""""",resource)"""",id)"",044749ed-a948-46a4-bae9-2e5dfb6f8641)","(""(""""(endpoint)"""",resource)"",id)")	\\xbbdae27ec05c662b728a59eb833204445dac291bfd60b5784b4c25a68d20d351
f743a63b-2278-4c9e-9ec0-3933b5f4dda1	072ef291-39a2-40b9-ade3-ad5cdab61a24	("(""(""""(""""""""(widget)"""""""",widget)"""",id)"",8d203ff9-cc1d-4b91-a1b1-c767a92a6ef8)","(""(""""(widget)"""",widget)"",name)")	\\x68deeb2c96be0e650b9f857625f625653adea6edc50ab5582eb008a1077b7235
f7c5da56-a047-4b66-aa47-fc2b66462571	c42a8ea0-e3ec-4275-85a2-a3d19de5e5f8	("(""(""""(""""""""(widget)"""""""",widget)"""",id)"",63570765-a5e5-4b56-83c1-36a8226fb5e8)","(""(""""(widget)"""",widget)"",post_js)")	\\x249c939f216fe9e98f3a56abcf7d80e82a39f22d54260c682076007811dcf937
f8ed4238-12d7-48a3-a677-516489b47eb1	dd4a4f35-9297-4e31-b6df-1e984e3bcfd3	("(""(""""(""""""""(widget)"""""""",widget)"""",id)"",8d203ff9-cc1d-4b91-a1b1-c767a92a6ef8)","(""(""""(widget)"""",widget)"",html)")	\\x2dbeae9cd6d4e8adde40d4c9a0fbefb7e3a119042aae831dab9102b901020545
f9454861-593f-4691-9f2a-322b870fe06d	1a04a119-0186-4ae5-9c84-fa2b94116ff7	("(""(""""(""""""""(endpoint)"""""""",resource)"""",id)"",044749ed-a948-46a4-bae9-2e5dfb6f8641)","(""(""""(endpoint)"""",resource)"",content)")	\\x0f4ced74408f66e036d81ee9c48942d522180340a7ef057682da880950492160
fa137b2d-55c3-47d9-9b1c-3efe70b7fd2f	923d133d-c6be-4a1e-8cee-2d2371f7a0ae	("(""(""""(""""""""(widget)"""""""",widget)"""",id)"",fb70b455-8e8e-4ec6-be67-c1309ba724ba)","(""(""""(widget)"""",widget)"",html)")	\\x4c9c617da941c53a81775efb020a3c817278d89722910f20e4c95f91a0bd112f
fa7cc49d-6007-4f97-bb57-a77dff12b4f7	c42a8ea0-e3ec-4275-85a2-a3d19de5e5f8	("(""(""""(""""""""(widget)"""""""",widget)"""",id)"",63570765-a5e5-4b56-83c1-36a8226fb5e8)","(""(""""(widget)"""",widget)"",name)")	\\x2a97516c354b68848cdbd8f54a226a0a55b21ed138e207ad6c5cbb9c00aa5aea
fa7f58ac-5773-420f-93f6-76af7bc1cfaf	462e4d08-eacf-4285-a5e9-67cabf8ab4d8	("(""(""""(""""""""(widget)"""""""",widget)"""",id)"",63570765-a5e5-4b56-83c1-36a8226fb5e8)","(""(""""(widget)"""",widget)"",name)")	\\x2a97516c354b68848cdbd8f54a226a0a55b21ed138e207ad6c5cbb9c00aa5aea
fa804a49-5354-4510-910b-cfe4e8972ae1	be220e73-fdc6-464a-b28d-630cf71d1b63	("(""(""""(""""""""(endpoint)"""""""",resource)"""",id)"",044749ed-a948-46a4-bae9-2e5dfb6f8641)","(""(""""(endpoint)"""",resource)"",content)")	\\x0f4ced74408f66e036d81ee9c48942d522180340a7ef057682da880950492160
fb8fdba7-2ffe-48a2-8f8d-bbc04174a99a	dd4a4f35-9297-4e31-b6df-1e984e3bcfd3	("(""(""""(""""""""(widget)"""""""",widget)"""",id)"",8d203ff9-cc1d-4b91-a1b1-c767a92a6ef8)","(""(""""(widget)"""",widget)"",css)")	\\xf7e96fa6ec83c004651f304fd801f767048fe2c5eb87d1e5f541c67b465bdac8
fdd55c5e-89e0-4139-9456-316dd93b17af	9c176983-69a6-4ea6-962c-a9556e8043bc	("(""(""""(""""""""(widget)"""""""",widget)"""",id)"",fb70b455-8e8e-4ec6-be67-c1309ba724ba)","(""(""""(widget)"""",widget)"",css)")	\\xee6a1995c1321be1505f52eaceecec8c5171f743a2da2c9816cb5535df8a0a3f
fe771e0d-ee45-4dec-b1e0-f150539e1e34	02c98b68-3fa7-484a-8551-b5020be5bcb4	("(""(""""(""""""""(widget)"""""""",widget)"""",id)"",fb70b455-8e8e-4ec6-be67-c1309ba724ba)","(""(""""(widget)"""",widget)"",post_js)")	\\x7df98f933ea61ae77405a386f2041ce2ab1152049d1c096962c62a69906414e7
