006ed29d-ce28-4b95-81f0-f109cad75f99	9eb3c268-de0a-4ddb-bcb6-ce2e00d0b2af	("(""(""""(""""""""(widget)"""""""",widget)"""",id)"",f9799a64-34d8-4c6d-b087-6e353b0bd0b8)","(""(""""(widget)"""",widget)"",post_js)")	\\xbd1c1a745d221c68bc10d16cb33594262d7f56175979068c0e95facc4f092a79
00e7ae7e-d8cd-4387-918a-687f7b495ce1	6629c398-eac0-48d1-99fb-74bfe94d10c6	("(""(""""(""""""""(widget)"""""""",widget)"""",id)"",6dbe8572-b4e3-4223-90ed-32505cef7956)","(""(""""(widget)"""",widget)"",css)")	\\xc635ee07888cbd06603d9d6dbfbf49d0630b73f00249002fd7b71698fb18a283
02eccf6b-ff57-40d4-ac1f-a6039b34ac1d	6aff6176-d39d-4ca0-9220-ae2f35a85ec2	("(""(""""(""""""""(widget)"""""""",widget)"""",id)"",f9799a64-34d8-4c6d-b087-6e353b0bd0b8)","(""(""""(widget)"""",widget)"",post_js)")	\\xbd1c1a745d221c68bc10d16cb33594262d7f56175979068c0e95facc4f092a79
04d8d8a0-d599-4a4f-9c3c-eaa64f4588b1	8c67ccf3-204f-4b83-8a8d-24484b78a3b1	("(""(""""(""""""""(widget)"""""""",widget)"""",id)"",f2c609d1-c10f-43fb-b2cf-5fe5b231002b)","(""(""""(widget)"""",widget)"",name)")	\\xac3a3b785e7ada0bfe2a9192584ee6fa1e4f5e8337dae3f6f6e58f1c12d39530
07e93d21-5d5c-418d-8569-c81166ba158f	19261242-cdf4-4f5b-8a4f-7cd0d12d798d	("(""(""""(""""""""(widget)"""""""",widget)"""",id)"",e8d04d8d-df34-4d04-a424-83e19e92a034)","(""(""""(widget)"""",widget)"",id)")	\\x47ba1a0b4da299fb9727b4563ec94fd4e085ef420bec09e706587d3594e44acb
094fb606-c97d-44fd-8c47-de3893be330f	83d2c917-c8b9-4e7e-b941-87303859f497	("(""(""""(""""""""(widget)"""""""",widget)"""",id)"",f9808079-8736-4f98-bec8-d9506890a9e1)","(""(""""(widget)"""",widget)"",id)")	\\x77db89636c7790ea0b786f92a6e6e9ae2aaf735e7852f37d412e32d7a83b6869
0a3a910f-7e60-4a19-8702-ba2f92defee3	19261242-cdf4-4f5b-8a4f-7cd0d12d798d	("(""(""""(""""""""(widget)"""""""",widget)"""",id)"",e8d04d8d-df34-4d04-a424-83e19e92a034)","(""(""""(widget)"""",widget)"",name)")	\\x961ccefb712208694bc3ae97ab5d128a5f83c470a28b8fbff06188d02870c8a3
0a4bcb22-aa47-475c-8e80-a59b41936c12	286f55e1-5b1d-4f38-85ad-b999fe19eacc	("(""(""""(""""""""(widget)"""""""",widget)"""",id)"",f2c609d1-c10f-43fb-b2cf-5fe5b231002b)","(""(""""(widget)"""",widget)"",pre_js)")	\\xe4b08665b2511bc86ca7cf1116f4a4df34ec5c7f0a19329e166cd8a00e862382
0ab01174-f625-44de-ae7f-f036b681a0ee	66f1dfd4-d7bb-4ec9-ba4f-fd2e04506868	("(""(""""(""""""""(widget)"""""""",widget)"""",id)"",fe588d92-1c3f-41a9-aaa9-3e4618d09b3c)","(""(""""(widget)"""",widget)"",post_js)")	\\x5cdc9424f987e1008fd97e1de78ec39286b8e8fe2dfc7007f5867e628623b8bf
0b83c192-cc4d-4f90-ace5-b419c15a7c86	c4980f5f-cbdf-4daa-9469-3ef200c22722	("(""(""""(""""""""(widget)"""""""",widget)"""",id)"",6dbe8572-b4e3-4223-90ed-32505cef7956)","(""(""""(widget)"""",widget)"",id)")	\\x805bd4a37307e9193714980e503c1039d4d93f6e664ef24ffac3970ff7a2521a
0bae8958-970d-4628-9a1d-901ced5a2b4c	d06bae4b-afee-4739-b132-1a26eb0b3914	("(""(""""(""""""""(widget)"""""""",widget)"""",id)"",e9f22dba-aca1-41ec-b107-a9e886acc066)","(""(""""(widget)"""",widget)"",pre_js)")	\\xe4b08665b2511bc86ca7cf1116f4a4df34ec5c7f0a19329e166cd8a00e862382
0cea75df-80cb-43d7-bedb-a2e02c33c8e7	83d2c917-c8b9-4e7e-b941-87303859f497	("(""(""""(""""""""(widget)"""""""",widget)"""",id)"",f9808079-8736-4f98-bec8-d9506890a9e1)","(""(""""(widget)"""",widget)"",post_js)")	\\x4938388f0c68650a2120ab03dfbf8e39b08edca0d086b3c3fd02e84e501a5fab
0d1757d8-845e-4a44-a0fd-c42e96794ed4	be612e08-fa04-4a7d-84d5-2dc8ca32d69b	("(""(""""(""""""""(widget)"""""""",widget)"""",id)"",77a0359d-e933-41d2-9cef-fe559802e918)","(""(""""(widget)"""",widget)"",id)")	\\x282697df791874e7390a7ec4b24b9452bdfe8e4c6ac014c9c6a1915d06650dff
0d4994b5-0c12-42d3-a478-6852f1efb48a	286f55e1-5b1d-4f38-85ad-b999fe19eacc	("(""(""""(""""""""(widget)"""""""",widget)"""",id)"",f2c609d1-c10f-43fb-b2cf-5fe5b231002b)","(""(""""(widget)"""",widget)"",id)")	\\x93882bcd750c802b2a95d03d75f5c1bb89437b967bb63f892063fb79b8561e55
0e7562bf-66ad-4dd5-96b5-afaed5f780d4	a8ada96d-d97d-4bfd-b5b4-d38de55a7a8b	("(""(""""(""""""""(widget)"""""""",widget)"""",id)"",6dbe8572-b4e3-4223-90ed-32505cef7956)","(""(""""(widget)"""",widget)"",name)")	\\xdf0ad6e43880f09c90ebf95f19110178aba6890df0010ebda7485029e2b543b4
0ebc1a7a-194f-4d6b-8f3c-b00649f653ab	c4980f5f-cbdf-4daa-9469-3ef200c22722	("(""(""""(""""""""(widget)"""""""",widget)"""",id)"",6dbe8572-b4e3-4223-90ed-32505cef7956)","(""(""""(widget)"""",widget)"",pre_js)")	\\xe4b08665b2511bc86ca7cf1116f4a4df34ec5c7f0a19329e166cd8a00e862382
10e2ea76-f983-4b21-82b3-46d26c1d5c41	2e5d3217-d2cd-4fca-8d4c-f335686812cd	("(""(""""(""""""""(widget)"""""""",widget)"""",id)"",1560c9fe-536f-4266-9217-4d624d0a0072)","(""(""""(widget)"""",widget)"",name)")	\\x0d6e4079e36703ebd37c00722f5891d28b0e2811dc114b129215123adcce3605
10fd80de-b0e7-4dd5-a620-a02e4faf01eb	10b688df-ad23-477d-9f2f-263083601974	("(""(""""(""""""""(widget)"""""""",widget)"""",id)"",e8d04d8d-df34-4d04-a424-83e19e92a034)","(""(""""(widget)"""",widget)"",name)")	\\x961ccefb712208694bc3ae97ab5d128a5f83c470a28b8fbff06188d02870c8a3
11eaee30-8cf9-4b00-9c70-9b80d903888a	286f55e1-5b1d-4f38-85ad-b999fe19eacc	("(""(""""(""""""""(widget)"""""""",widget)"""",id)"",f2c609d1-c10f-43fb-b2cf-5fe5b231002b)","(""(""""(widget)"""",widget)"",name)")	\\xac3a3b785e7ada0bfe2a9192584ee6fa1e4f5e8337dae3f6f6e58f1c12d39530
11ff9ea7-efde-4b0e-8607-d1367b33ed6d	1b713253-be9e-407c-b4d2-eb60be9c93d6	("(""(""""(""""""""(widget)"""""""",widget)"""",id)"",f2c609d1-c10f-43fb-b2cf-5fe5b231002b)","(""(""""(widget)"""",widget)"",html)")	\\xa616b2c403a991db42708799e6783d736d4054ffa91e50337af5654809004771
12a10945-aec7-4c05-bde7-ebb7e19f0eea	54e75bab-4953-4a93-8573-8ad02f2f5496	("(""(""""(""""""""(widget)"""""""",widget)"""",id)"",f2c609d1-c10f-43fb-b2cf-5fe5b231002b)","(""(""""(widget)"""",widget)"",html)")	\\xa616b2c403a991db42708799e6783d736d4054ffa91e50337af5654809004771
132f3770-66f7-4b64-9d29-f730bd60ff6c	84ad399a-59c3-4a96-a6b4-e69ee26c892e	("(""(""""(""""""""(endpoint)"""""""",resource)"""",id)"",828c4939-89a9-4a03-a7df-e57d3f08101d)","(""(""""(endpoint)"""",resource)"",id)")	\\x8d87557f2f7ad72d9778258b199c846debec52eb96b6c7828623555e3060bd12
13f7a1bb-873f-48ae-8536-0ffcf3f6777b	8c2de2fe-1815-449b-973b-14569a057854	("(""(""""(""""""""(widget)"""""""",widget)"""",id)"",66cbc72e-0c7d-4ceb-bab4-f26a5e22f3ac)","(""(""""(widget)"""",widget)"",post_js)")	\\xbebc4bf3310d51e13290821d28caad3af4a28d6e508617adb20fe49fdd133732
162ca544-c838-4aff-b711-00d1ae8a36b4	7504ff61-7e38-42c6-9ee9-d9c89b5b18b4	("(""(""""(""""""""(endpoint)"""""""",resource)"""",id)"",540a5ab2-588e-43ba-83b2-5af0093c111e)","(""(""""(endpoint)"""",resource)"",path)")	\\xa2557b8d5a9637c813b7d4a0495197d3a82844eaf59d376fa3f58c297810bdd5
175b9ae6-d84e-41ea-9ac5-3d922e4d10ad	d06bae4b-afee-4739-b132-1a26eb0b3914	("(""(""""(""""""""(widget)"""""""",widget)"""",id)"",e9f22dba-aca1-41ec-b107-a9e886acc066)","(""(""""(widget)"""",widget)"",common_js)")	\\xe3b0c44298fc1c149afbf4c8996fb92427ae41e4649b934ca495991b7852b855
17888802-8549-4281-b8c2-7cec117c3943	29425bb7-7b89-4013-a7ce-6ffce41d4580	("(""(""""(""""""""(widget)"""""""",widget)"""",id)"",6dbe8572-b4e3-4223-90ed-32505cef7956)","(""(""""(widget)"""",widget)"",post_js)")	\\xca9bacda5ecbdba3d5ab14277123c36212f70ade226f5e4e551edba8937e3720
17bb094c-44c3-4ac9-ad5b-d0989d2eb4e8	5e1f0dcb-fbdd-4b62-a5b1-7c4ede2c8e33	("(""(""""(""""""""(endpoint)"""""""",resource)"""",id)"",540a5ab2-588e-43ba-83b2-5af0093c111e)","(""(""""(endpoint)"""",resource)"",id)")	\\x396bfb19ef1b73bc07938d42ceed204d60b3f3e1a525042c2336694aa58d9e22
181f9922-9317-43cb-bb52-d1e587f6c88f	55875f33-2326-4047-83b3-c42cda35b9dd	("(""(""""(""""""""(widget)"""""""",widget)"""",id)"",f9808079-8736-4f98-bec8-d9506890a9e1)","(""(""""(widget)"""",widget)"",post_js)")	\\x4938388f0c68650a2120ab03dfbf8e39b08edca0d086b3c3fd02e84e501a5fab
185c1c36-a7fc-4caa-96d5-9b7bb021d9d0	b4ce99ab-796b-455a-a28d-a6c66df69069	("(""(""""(""""""""(widget)"""""""",widget)"""",id)"",f9799a64-34d8-4c6d-b087-6e353b0bd0b8)","(""(""""(widget)"""",widget)"",name)")	\\x19e15726f188d8d9bba2862dca53feb1cefdc326f78703bf51a15b4df55d5464
18daa571-cb59-4bbc-ad0e-962369f275e9	57d46dff-8613-4251-abd4-c7f41ad997a1	("(""(""""(""""""""(widget)"""""""",widget)"""",id)"",fe588d92-1c3f-41a9-aaa9-3e4618d09b3c)","(""(""""(widget)"""",widget)"",pre_js)")	\\xe4b08665b2511bc86ca7cf1116f4a4df34ec5c7f0a19329e166cd8a00e862382
1973d6bb-bb73-4e26-9eda-802edf65f251	19261242-cdf4-4f5b-8a4f-7cd0d12d798d	("(""(""""(""""""""(widget)"""""""",widget)"""",id)"",e8d04d8d-df34-4d04-a424-83e19e92a034)","(""(""""(widget)"""",widget)"",post_js)")	\\x4938388f0c68650a2120ab03dfbf8e39b08edca0d086b3c3fd02e84e501a5fab
1a006073-b194-4b7e-b5d0-a4f0a9e5f171	b4ce99ab-796b-455a-a28d-a6c66df69069	("(""(""""(""""""""(widget)"""""""",widget)"""",id)"",f9799a64-34d8-4c6d-b087-6e353b0bd0b8)","(""(""""(widget)"""",widget)"",html)")	\\x4db9c16b7647d1c35406177c3c47533c4db26316611359d062b8618a9d3590e1
1b11c581-1739-49a8-a09f-6c74d9a71458	be612e08-fa04-4a7d-84d5-2dc8ca32d69b	("(""(""""(""""""""(widget)"""""""",widget)"""",id)"",77a0359d-e933-41d2-9cef-fe559802e918)","(""(""""(widget)"""",widget)"",name)")	\\x46a79f3a632b67333d33c4f7479dde4b655220ce5e7287773f356eca3576344b
1c7df14d-a05f-432b-8177-70ac40d21263	66f1dfd4-d7bb-4ec9-ba4f-fd2e04506868	("(""(""""(""""""""(widget)"""""""",widget)"""",id)"",fe588d92-1c3f-41a9-aaa9-3e4618d09b3c)","(""(""""(widget)"""",widget)"",id)")	\\x20f697bbffea3d6217a04acae2b581074dae76b967d2428f43eaf5581d2073f1
20876ef3-5f10-47d5-a4a5-43200512e856	7504ff61-7e38-42c6-9ee9-d9c89b5b18b4	("(""(""""(""""""""(endpoint)"""""""",resource)"""",id)"",540a5ab2-588e-43ba-83b2-5af0093c111e)","(""(""""(endpoint)"""",resource)"",id)")	\\x396bfb19ef1b73bc07938d42ceed204d60b3f3e1a525042c2336694aa58d9e22
2205c394-0c1c-4ee6-9956-8c9ec5bbff16	2c6757e9-61aa-4b42-965c-ca0ac0cddc74	("(""(""""(""""""""(widget)"""""""",widget)"""",id)"",e8d04d8d-df34-4d04-a424-83e19e92a034)","(""(""""(widget)"""",widget)"",name)")	\\x961ccefb712208694bc3ae97ab5d128a5f83c470a28b8fbff06188d02870c8a3
23abf4d0-e3a9-4a22-9311-7a9754d9d955	2e5d3217-d2cd-4fca-8d4c-f335686812cd	("(""(""""(""""""""(widget)"""""""",widget)"""",id)"",1560c9fe-536f-4266-9217-4d624d0a0072)","(""(""""(widget)"""",widget)"",id)")	\\x0d7fa313e76d0867eeda93c28727429ba034df7c249fbcf0d39cb17dd41291a7
262f990b-6f36-4c23-b712-6f63cd3274aa	3c737bf3-12d5-4ceb-95cd-dd8dfe32ee01	("(""(""""(""""""""(widget)"""""""",widget)"""",id)"",f9808079-8736-4f98-bec8-d9506890a9e1)","(""(""""(widget)"""",widget)"",pre_js)")	\\xe4b08665b2511bc86ca7cf1116f4a4df34ec5c7f0a19329e166cd8a00e862382
271b8486-bc6e-4da1-a222-63e9182450ed	fcb3399c-158d-404a-b826-6566472117df	("(""(""""(""""""""(widget)"""""""",widget)"""",id)"",3ea2ba14-7ba8-4ad1-a1a5-e7e227dc7a4e)","(""(""""(widget)"""",widget)"",common_js)")	\\xe3b0c44298fc1c149afbf4c8996fb92427ae41e4649b934ca495991b7852b855
295c1dbe-e7fe-4f26-a0c5-9bf0572d3d0b	1b713253-be9e-407c-b4d2-eb60be9c93d6	("(""(""""(""""""""(widget)"""""""",widget)"""",id)"",f2c609d1-c10f-43fb-b2cf-5fe5b231002b)","(""(""""(widget)"""",widget)"",name)")	\\xac3a3b785e7ada0bfe2a9192584ee6fa1e4f5e8337dae3f6f6e58f1c12d39530
29758809-f7ab-41dd-a706-d66ae14abf01	10b688df-ad23-477d-9f2f-263083601974	("(""(""""(""""""""(widget)"""""""",widget)"""",id)"",e8d04d8d-df34-4d04-a424-83e19e92a034)","(""(""""(widget)"""",widget)"",pre_js)")	\\xe4b08665b2511bc86ca7cf1116f4a4df34ec5c7f0a19329e166cd8a00e862382
29885d1d-b483-4472-bd39-6990fa798f39	6a24bf27-617f-4d96-b583-2330113e0d4e	("(""(""""(""""""""(widget)"""""""",widget)"""",id)"",66cbc72e-0c7d-4ceb-bab4-f26a5e22f3ac)","(""(""""(widget)"""",widget)"",html)")	\\xbf59fed50e3a6ec1028cf5af94dcb5530710f54db1d167932b189135eb42fdc6
2a331b0b-00ac-45f8-9a75-1fc66a1688b5	428a796d-fba0-4af4-bd60-8f77373a74b4	("(""(""""(""""""""(endpoint)"""""""",resource)"""",id)"",540a5ab2-588e-43ba-83b2-5af0093c111e)","(""(""""(endpoint)"""",resource)"",path)")	\\xa2557b8d5a9637c813b7d4a0495197d3a82844eaf59d376fa3f58c297810bdd5
2a55c47a-9927-4cf1-8c8c-e69c3c4107d1	8c2de2fe-1815-449b-973b-14569a057854	("(""(""""(""""""""(widget)"""""""",widget)"""",id)"",66cbc72e-0c7d-4ceb-bab4-f26a5e22f3ac)","(""(""""(widget)"""",widget)"",html)")	\\xbf59fed50e3a6ec1028cf5af94dcb5530710f54db1d167932b189135eb42fdc6
2d9be377-baf2-4388-8f4e-e0f7555823ed	54e75bab-4953-4a93-8573-8ad02f2f5496	("(""(""""(""""""""(widget)"""""""",widget)"""",id)"",f2c609d1-c10f-43fb-b2cf-5fe5b231002b)","(""(""""(widget)"""",widget)"",css)")	\\x0c0692ebe2773f0c113b864fd0c913c2a6a17c3a97f5c9ca545ff5e9d5acdf79
2f2da50c-e458-463a-b25a-85539db84b48	66f1dfd4-d7bb-4ec9-ba4f-fd2e04506868	("(""(""""(""""""""(widget)"""""""",widget)"""",id)"",fe588d92-1c3f-41a9-aaa9-3e4618d09b3c)","(""(""""(widget)"""",widget)"",name)")	\\x0ed12b09b9560da8b935748c857118405053d06da8caf7e9578d4e3369f53ad8
30a1392a-7623-496d-aa01-46e6b761843e	286f55e1-5b1d-4f38-85ad-b999fe19eacc	("(""(""""(""""""""(widget)"""""""",widget)"""",id)"",f2c609d1-c10f-43fb-b2cf-5fe5b231002b)","(""(""""(widget)"""",widget)"",post_js)")	\\x608dcfde5a99f03bb64ebd08e1f211a513f741160f74417ac5f70f3184a8b106
313b5ee1-b295-455f-9e0c-0c0516b06e79	6629c398-eac0-48d1-99fb-74bfe94d10c6	("(""(""""(""""""""(widget)"""""""",widget)"""",id)"",6dbe8572-b4e3-4223-90ed-32505cef7956)","(""(""""(widget)"""",widget)"",post_js)")	\\xca9bacda5ecbdba3d5ab14277123c36212f70ade226f5e4e551edba8937e3720
323081fb-3733-4f4f-8144-728c31877ff5	d06bae4b-afee-4739-b132-1a26eb0b3914	("(""(""""(""""""""(widget)"""""""",widget)"""",id)"",e9f22dba-aca1-41ec-b107-a9e886acc066)","(""(""""(widget)"""",widget)"",id)")	\\x7acb7a0bdbcfd3caea2585ee9118a79a81e28a15201ea5cd7956052625b1842a
343a2e9f-4208-4735-b39a-7f609a16afa7	1788bdeb-8d60-4090-89b8-3fc4003d2287	("(""(""""(""""""""(widget)"""""""",widget)"""",id)"",f9799a64-34d8-4c6d-b087-6e353b0bd0b8)","(""(""""(widget)"""",widget)"",pre_js)")	\\xe4b08665b2511bc86ca7cf1116f4a4df34ec5c7f0a19329e166cd8a00e862382
35433330-62d4-4247-8f64-8a6e0a9ae135	09db527c-3279-4a70-acfe-0e65fce8521c	("(""(""""(""""""""(widget)"""""""",widget)"""",id)"",1560c9fe-536f-4266-9217-4d624d0a0072)","(""(""""(widget)"""",widget)"",html)")	\\x045c9a50ce8b0aa2159b74c202b86a8861c7909a3a64ee6787e3a11d393521fb
359afc25-8563-436e-8fa5-777ebf2648cc	55875f33-2326-4047-83b3-c42cda35b9dd	("(""(""""(""""""""(widget)"""""""",widget)"""",id)"",f9808079-8736-4f98-bec8-d9506890a9e1)","(""(""""(widget)"""",widget)"",pre_js)")	\\xe4b08665b2511bc86ca7cf1116f4a4df34ec5c7f0a19329e166cd8a00e862382
36f0de1f-8529-4d4b-b2a2-1bf0ec06e911	7e169c58-2273-46fb-a514-075b5c291259	("(""(""""(""""""""(endpoint)"""""""",resource)"""",id)"",540a5ab2-588e-43ba-83b2-5af0093c111e)","(""(""""(endpoint)"""",resource)"",id)")	\\x396bfb19ef1b73bc07938d42ceed204d60b3f3e1a525042c2336694aa58d9e22
37abb11a-be79-4e2f-a72c-2165e09c684b	6aff6176-d39d-4ca0-9220-ae2f35a85ec2	("(""(""""(""""""""(widget)"""""""",widget)"""",id)"",f9799a64-34d8-4c6d-b087-6e353b0bd0b8)","(""(""""(widget)"""",widget)"",css)")	\\xe36d0833e83e9df0f866c4b00267575357c964e606dced3d839f41081c786b80
39a804b6-c9f4-4704-9ead-c1e67d0f4b6d	be612e08-fa04-4a7d-84d5-2dc8ca32d69b	("(""(""""(""""""""(widget)"""""""",widget)"""",id)"",77a0359d-e933-41d2-9cef-fe559802e918)","(""(""""(widget)"""",widget)"",server_js)")	\\xe3b0c44298fc1c149afbf4c8996fb92427ae41e4649b934ca495991b7852b855
39f3d956-527f-4a52-ae36-049f18d94ff3	fcb3399c-158d-404a-b826-6566472117df	("(""(""""(""""""""(widget)"""""""",widget)"""",id)"",3ea2ba14-7ba8-4ad1-a1a5-e7e227dc7a4e)","(""(""""(widget)"""",widget)"",pre_js)")	\\xe4b08665b2511bc86ca7cf1116f4a4df34ec5c7f0a19329e166cd8a00e862382
3b61fbe3-dd9e-4194-b99c-8111cee3d776	7e169c58-2273-46fb-a514-075b5c291259	("(""(""""(""""""""(endpoint)"""""""",resource)"""",id)"",540a5ab2-588e-43ba-83b2-5af0093c111e)","(""(""""(endpoint)"""",resource)"",mimetype_id)")	\\xdd2741e2734916143a6dbf1d1939cbc04396f10356faf54aba282066cec41b5f
3cb9af34-436d-4f07-9335-9d0a0b7bdf74	0e0d2ce3-dbcf-4fc1-b71d-c11d5a296be9	("(""(""""(""""""""(widget)"""""""",widget)"""",id)"",666c3ce8-6195-4094-9bd3-84e7efa1b3c9)","(""(""""(widget)"""",widget)"",pre_js)")	\\xe4b08665b2511bc86ca7cf1116f4a4df34ec5c7f0a19329e166cd8a00e862382
3ce714ed-1025-41d1-b5e5-620c244d1f23	0e0d2ce3-dbcf-4fc1-b71d-c11d5a296be9	("(""(""""(""""""""(widget)"""""""",widget)"""",id)"",666c3ce8-6195-4094-9bd3-84e7efa1b3c9)","(""(""""(widget)"""",widget)"",server_js)")	\\xe3b0c44298fc1c149afbf4c8996fb92427ae41e4649b934ca495991b7852b855
3d0ad012-71a8-418b-a888-6fd23205400d	50f92f8b-4c3c-43e0-8923-0af8340b8e12	("(""(""""(""""""""(widget)"""""""",widget)"""",id)"",e65b207e-34bf-4b8c-87af-26bac27fd154)","(""(""""(widget)"""",widget)"",name)")	\\x139d544b821b13ebea14f1b0fe18577222e415c2966e3a3511c4196055232202
3da01d0f-e71c-47e7-8fd1-a8e45abff7d6	2c6757e9-61aa-4b42-965c-ca0ac0cddc74	("(""(""""(""""""""(widget)"""""""",widget)"""",id)"",e8d04d8d-df34-4d04-a424-83e19e92a034)","(""(""""(widget)"""",widget)"",post_js)")	\\x4938388f0c68650a2120ab03dfbf8e39b08edca0d086b3c3fd02e84e501a5fab
3e0512e5-64b0-4b78-9be4-507cafdcbb73	2e5d3217-d2cd-4fca-8d4c-f335686812cd	("(""(""""(""""""""(widget)"""""""",widget)"""",id)"",1560c9fe-536f-4266-9217-4d624d0a0072)","(""(""""(widget)"""",widget)"",post_js)")	\\x7e6e6552ceddcb3eae2031a81ea978b62e8743ef2423d24a0f1999307f3ead15
408396ea-99f8-462f-bcf7-07ad02c77cce	7504ff61-7e38-42c6-9ee9-d9c89b5b18b4	("(""(""""(""""""""(endpoint)"""""""",resource)"""",id)"",540a5ab2-588e-43ba-83b2-5af0093c111e)","(""(""""(endpoint)"""",resource)"",content)")	\\x526be2b3236a0101683b017376e122b8a069ba93a2872d6b6509e44b980c5318
41cc260b-bf71-4a2e-b0be-db7cd58d752e	3c737bf3-12d5-4ceb-95cd-dd8dfe32ee01	("(""(""""(""""""""(widget)"""""""",widget)"""",id)"",f9808079-8736-4f98-bec8-d9506890a9e1)","(""(""""(widget)"""",widget)"",id)")	\\x77db89636c7790ea0b786f92a6e6e9ae2aaf735e7852f37d412e32d7a83b6869
43e718ef-b8b8-45b2-8482-4d35f8b779f2	9eb3c268-de0a-4ddb-bcb6-ce2e00d0b2af	("(""(""""(""""""""(widget)"""""""",widget)"""",id)"",f9799a64-34d8-4c6d-b087-6e353b0bd0b8)","(""(""""(widget)"""",widget)"",pre_js)")	\\xe4b08665b2511bc86ca7cf1116f4a4df34ec5c7f0a19329e166cd8a00e862382
44e4e38c-38d4-4499-ba35-dd4d5c73d413	8c67ccf3-204f-4b83-8a8d-24484b78a3b1	("(""(""""(""""""""(widget)"""""""",widget)"""",id)"",f2c609d1-c10f-43fb-b2cf-5fe5b231002b)","(""(""""(widget)"""",widget)"",id)")	\\x93882bcd750c802b2a95d03d75f5c1bb89437b967bb63f892063fb79b8561e55
44f8a51d-4897-416c-a53c-7556fb8495b1	86e5c422-2521-44ed-9d22-96d0fa77b2c6	("(""(""""(""""""""(widget)"""""""",widget)"""",id)"",fe588d92-1c3f-41a9-aaa9-3e4618d09b3c)","(""(""""(widget)"""",widget)"",html)")	\\x2fd2e6425303fca29515359e7425df005e0df85f144e55319b35f2923e16712b
45b2fbee-8d54-4d79-8e4d-0d74984aa8fa	4c1b4770-d16a-4c55-839f-1fc709585767	("(""(""""(""""""""(widget)"""""""",widget)"""",id)"",fe588d92-1c3f-41a9-aaa9-3e4618d09b3c)","(""(""""(widget)"""",widget)"",html)")	\\x2fd2e6425303fca29515359e7425df005e0df85f144e55319b35f2923e16712b
474a798b-b4d7-4b2b-9dac-9cc5c46c4899	3c737bf3-12d5-4ceb-95cd-dd8dfe32ee01	("(""(""""(""""""""(widget)"""""""",widget)"""",id)"",f9808079-8736-4f98-bec8-d9506890a9e1)","(""(""""(widget)"""",widget)"",html)")	\\x59c26002c15c05957da6fa0d2bf3ac5c03d43fed4857aca2ac1d69a33c766704
478ba45d-5a92-4f0d-9bac-96cccecbe24b	d06bae4b-afee-4739-b132-1a26eb0b3914	("(""(""""(""""""""(widget)"""""""",widget)"""",id)"",e9f22dba-aca1-41ec-b107-a9e886acc066)","(""(""""(widget)"""",widget)"",server_js)")	\\xe3b0c44298fc1c149afbf4c8996fb92427ae41e4649b934ca495991b7852b855
48789a7d-114b-45fd-8729-0113d037416d	a8ada96d-d97d-4bfd-b5b4-d38de55a7a8b	("(""(""""(""""""""(widget)"""""""",widget)"""",id)"",6dbe8572-b4e3-4223-90ed-32505cef7956)","(""(""""(widget)"""",widget)"",html)")	\\xc021e95fc8eede87d584653e871b8f89d17ebcbe5504a4337065f10dd4c3cef1
497791f3-78eb-47a6-a710-177d0d808a7a	d06bae4b-afee-4739-b132-1a26eb0b3914	("(""(""""(""""""""(widget)"""""""",widget)"""",id)"",e9f22dba-aca1-41ec-b107-a9e886acc066)","(""(""""(widget)"""",widget)"",post_js)")	\\x99df1da20278c9b91603ad1256e9bcf1d1d5a9eb3afbe52cffe4a7ca05c50b50
4c7defd6-4cb7-4dcf-9e7d-d1d7de20c1be	5e1f0dcb-fbdd-4b62-a5b1-7c4ede2c8e33	("(""(""""(""""""""(endpoint)"""""""",resource)"""",id)"",540a5ab2-588e-43ba-83b2-5af0093c111e)","(""(""""(endpoint)"""",resource)"",path)")	\\xa2557b8d5a9637c813b7d4a0495197d3a82844eaf59d376fa3f58c297810bdd5
4e4a4f7a-3e5b-4f01-99d2-f96604358592	e9cc0d19-d4e0-4a3d-af6c-3548b2ab4fc3	("(""(""""(""""""""(widget)"""""""",widget)"""",id)"",66cbc72e-0c7d-4ceb-bab4-f26a5e22f3ac)","(""(""""(widget)"""",widget)"",name)")	\\x4450a073ed507c4d5aac0e976dc4cc74d81eebaa3ca35d3e3d87f668bcac635d
4e6d4c0b-1134-4f48-9c9a-dc92a996a7ec	2e5d3217-d2cd-4fca-8d4c-f335686812cd	("(""(""""(""""""""(widget)"""""""",widget)"""",id)"",1560c9fe-536f-4266-9217-4d624d0a0072)","(""(""""(widget)"""",widget)"",html)")	\\xf65932148251342d77fd000684269d5ee139852a3d10582df0abf260addcc607
4f5cae43-0810-4b02-9268-f93c6555134b	8c67ccf3-204f-4b83-8a8d-24484b78a3b1	("(""(""""(""""""""(widget)"""""""",widget)"""",id)"",f2c609d1-c10f-43fb-b2cf-5fe5b231002b)","(""(""""(widget)"""",widget)"",html)")	\\xa616b2c403a991db42708799e6783d736d4054ffa91e50337af5654809004771
4fbb3ffe-91da-4f25-b7ed-6e1b2d44b73b	b4ce99ab-796b-455a-a28d-a6c66df69069	("(""(""""(""""""""(widget)"""""""",widget)"""",id)"",f9799a64-34d8-4c6d-b087-6e353b0bd0b8)","(""(""""(widget)"""",widget)"",post_js)")	\\xbd1c1a745d221c68bc10d16cb33594262d7f56175979068c0e95facc4f092a79
51eab50c-48cf-4072-9619-dcbb13c6ff49	8c67ccf3-204f-4b83-8a8d-24484b78a3b1	("(""(""""(""""""""(widget)"""""""",widget)"""",id)"",f2c609d1-c10f-43fb-b2cf-5fe5b231002b)","(""(""""(widget)"""",widget)"",css)")	\\x0c0692ebe2773f0c113b864fd0c913c2a6a17c3a97f5c9ca545ff5e9d5acdf79
54680749-e312-4f30-bb7b-9051640bd600	5e1f0dcb-fbdd-4b62-a5b1-7c4ede2c8e33	("(""(""""(""""""""(endpoint)"""""""",resource)"""",id)"",540a5ab2-588e-43ba-83b2-5af0093c111e)","(""(""""(endpoint)"""",resource)"",mimetype_id)")	\\xdd2741e2734916143a6dbf1d1939cbc04396f10356faf54aba282066cec41b5f
555d801d-ec50-47d7-a02f-74fe5c457c6d	86e5c422-2521-44ed-9d22-96d0fa77b2c6	("(""(""""(""""""""(widget)"""""""",widget)"""",id)"",fe588d92-1c3f-41a9-aaa9-3e4618d09b3c)","(""(""""(widget)"""",widget)"",id)")	\\x20f697bbffea3d6217a04acae2b581074dae76b967d2428f43eaf5581d2073f1
55c8e5f0-c246-4736-ae24-27ef47bc618d	69b3572e-50bb-45ca-a2fb-efcfcb82b97a	("(""(""""(""""""""(widget)"""""""",widget)"""",id)"",1560c9fe-536f-4266-9217-4d624d0a0072)","(""(""""(widget)"""",widget)"",html)")	\\x045c9a50ce8b0aa2159b74c202b86a8861c7909a3a64ee6787e3a11d393521fb
566eccd4-5878-4f79-823a-f4b103126687	6a24bf27-617f-4d96-b583-2330113e0d4e	("(""(""""(""""""""(widget)"""""""",widget)"""",id)"",66cbc72e-0c7d-4ceb-bab4-f26a5e22f3ac)","(""(""""(widget)"""",widget)"",id)")	\\x5feaba8cff52dfe7fa131c0da76684f5dda7e69c3ace5c2b2495c7fc0b963db3
569f953d-cc5f-4761-b892-c2ae263c356a	fcb3399c-158d-404a-b826-6566472117df	("(""(""""(""""""""(widget)"""""""",widget)"""",id)"",3ea2ba14-7ba8-4ad1-a1a5-e7e227dc7a4e)","(""(""""(widget)"""",widget)"",post_js)")	\\x4938388f0c68650a2120ab03dfbf8e39b08edca0d086b3c3fd02e84e501a5fab
579a4f4a-36e8-4bc8-b05a-d845d400fe30	8c67ccf3-204f-4b83-8a8d-24484b78a3b1	("(""(""""(""""""""(widget)"""""""",widget)"""",id)"",f2c609d1-c10f-43fb-b2cf-5fe5b231002b)","(""(""""(widget)"""",widget)"",post_js)")	\\x608dcfde5a99f03bb64ebd08e1f211a513f741160f74417ac5f70f3184a8b106
58b8055d-e60b-4e12-a027-6a12e499ffbf	9eb3c268-de0a-4ddb-bcb6-ce2e00d0b2af	("(""(""""(""""""""(widget)"""""""",widget)"""",id)"",f9799a64-34d8-4c6d-b087-6e353b0bd0b8)","(""(""""(widget)"""",widget)"",name)")	\\x19e15726f188d8d9bba2862dca53feb1cefdc326f78703bf51a15b4df55d5464
58be9a36-c0cc-4032-80bb-c14cffb66b37	50f92f8b-4c3c-43e0-8923-0af8340b8e12	("(""(""""(""""""""(widget)"""""""",widget)"""",id)"",e65b207e-34bf-4b8c-87af-26bac27fd154)","(""(""""(widget)"""",widget)"",server_js)")	\\xe3b0c44298fc1c149afbf4c8996fb92427ae41e4649b934ca495991b7852b855
58e09ebf-3874-4f6b-9815-7f42fb204198	09db527c-3279-4a70-acfe-0e65fce8521c	("(""(""""(""""""""(widget)"""""""",widget)"""",id)"",1560c9fe-536f-4266-9217-4d624d0a0072)","(""(""""(widget)"""",widget)"",css)")	\\x0ba9b693da6b2dbb83cee744e953ac5cb5f3d2cb93a4a0550b607a7fdcca02c2
590797ff-c821-4120-937f-42dfca36f38c	be612e08-fa04-4a7d-84d5-2dc8ca32d69b	("(""(""""(""""""""(widget)"""""""",widget)"""",id)"",77a0359d-e933-41d2-9cef-fe559802e918)","(""(""""(widget)"""",widget)"",pre_js)")	\\xe4b08665b2511bc86ca7cf1116f4a4df34ec5c7f0a19329e166cd8a00e862382
593ae461-fdc9-40e5-a44c-d50dddc3de71	3eb4432c-eef9-4778-b455-3933e128bcc2	("(""(""""(""""""""(widget)"""""""",widget)"""",id)"",66cbc72e-0c7d-4ceb-bab4-f26a5e22f3ac)","(""(""""(widget)"""",widget)"",css)")	\\x1b1a4202fbe1227781a379dfb671226315caf204fcf2fc282f4b9cd74635b79b
5a0f05f2-51c8-4665-b16a-45094bead04d	84ad399a-59c3-4a96-a6b4-e69ee26c892e	("(""(""""(""""""""(endpoint)"""""""",resource)"""",id)"",828c4939-89a9-4a03-a7df-e57d3f08101d)","(""(""""(endpoint)"""",resource)"",content)")	\\x6c3072beb5e5834d0dc26f93408c10fca8d195ccabd9f545970d098da49f9ba3
5aa4536b-1272-4484-a35d-60fc92deff2c	8c2de2fe-1815-449b-973b-14569a057854	("(""(""""(""""""""(widget)"""""""",widget)"""",id)"",66cbc72e-0c7d-4ceb-bab4-f26a5e22f3ac)","(""(""""(widget)"""",widget)"",id)")	\\x5feaba8cff52dfe7fa131c0da76684f5dda7e69c3ace5c2b2495c7fc0b963db3
5b2bf312-aceb-4118-8a46-f2b3f65e4e8f	c4980f5f-cbdf-4daa-9469-3ef200c22722	("(""(""""(""""""""(widget)"""""""",widget)"""",id)"",6dbe8572-b4e3-4223-90ed-32505cef7956)","(""(""""(widget)"""",widget)"",css)")	\\xc635ee07888cbd06603d9d6dbfbf49d0630b73f00249002fd7b71698fb18a283
5be87169-0536-4e14-80ab-dbdb66ec740a	c4980f5f-cbdf-4daa-9469-3ef200c22722	("(""(""""(""""""""(widget)"""""""",widget)"""",id)"",6dbe8572-b4e3-4223-90ed-32505cef7956)","(""(""""(widget)"""",widget)"",html)")	\\xc021e95fc8eede87d584653e871b8f89d17ebcbe5504a4337065f10dd4c3cef1
5dd1a209-ae30-4d66-8f7a-f200fa61e412	86e5c422-2521-44ed-9d22-96d0fa77b2c6	("(""(""""(""""""""(widget)"""""""",widget)"""",id)"",fe588d92-1c3f-41a9-aaa9-3e4618d09b3c)","(""(""""(widget)"""",widget)"",pre_js)")	\\xe4b08665b2511bc86ca7cf1116f4a4df34ec5c7f0a19329e166cd8a00e862382
5e1e4c8c-14e7-4311-8abe-bd6f224f3c7c	d06bae4b-afee-4739-b132-1a26eb0b3914	("(""(""""(""""""""(widget)"""""""",widget)"""",id)"",e9f22dba-aca1-41ec-b107-a9e886acc066)","(""(""""(widget)"""",widget)"",css)")	\\x0ba9b693da6b2dbb83cee744e953ac5cb5f3d2cb93a4a0550b607a7fdcca02c2
5f3c9711-9583-499f-a785-49402f2d73d1	c4980f5f-cbdf-4daa-9469-3ef200c22722	("(""(""""(""""""""(widget)"""""""",widget)"""",id)"",6dbe8572-b4e3-4223-90ed-32505cef7956)","(""(""""(widget)"""",widget)"",name)")	\\xdf0ad6e43880f09c90ebf95f19110178aba6890df0010ebda7485029e2b543b4
5f5fbe2d-919f-4124-8a6e-6e2206348edd	8e8ec54d-6ea8-4c15-82ad-fb5e07fb1882	("(""(""""(""""""""(widget)"""""""",widget)"""",id)"",1560c9fe-536f-4266-9217-4d624d0a0072)","(""(""""(widget)"""",widget)"",name)")	\\x0d6e4079e36703ebd37c00722f5891d28b0e2811dc114b129215123adcce3605
604be385-0932-4bf6-ae21-f9f866362745	09db527c-3279-4a70-acfe-0e65fce8521c	("(""(""""(""""""""(widget)"""""""",widget)"""",id)"",1560c9fe-536f-4266-9217-4d624d0a0072)","(""(""""(widget)"""",widget)"",id)")	\\x0d7fa313e76d0867eeda93c28727429ba034df7c249fbcf0d39cb17dd41291a7
61f73e56-a9c6-49a6-afb6-977669571487	84ad399a-59c3-4a96-a6b4-e69ee26c892e	("(""(""""(""""""""(endpoint)"""""""",resource)"""",id)"",828c4939-89a9-4a03-a7df-e57d3f08101d)","(""(""""(endpoint)"""",resource)"",path)")	\\x939acd018b931292330e519becd8d003ed0dd20c5e42de62ec3d37553698739a
62b1d982-b6b5-49f9-88a6-539a61d72ccb	2e5d3217-d2cd-4fca-8d4c-f335686812cd	("(""(""""(""""""""(widget)"""""""",widget)"""",id)"",1560c9fe-536f-4266-9217-4d624d0a0072)","(""(""""(widget)"""",widget)"",pre_js)")	\\xe4b08665b2511bc86ca7cf1116f4a4df34ec5c7f0a19329e166cd8a00e862382
6307f43c-65c4-4c0e-bdf9-be2c8cb4bbd5	4c1b4770-d16a-4c55-839f-1fc709585767	("(""(""""(""""""""(widget)"""""""",widget)"""",id)"",fe588d92-1c3f-41a9-aaa9-3e4618d09b3c)","(""(""""(widget)"""",widget)"",id)")	\\x20f697bbffea3d6217a04acae2b581074dae76b967d2428f43eaf5581d2073f1
65aa85da-2a9d-4877-8c9e-ffa719a109c2	8e8ec54d-6ea8-4c15-82ad-fb5e07fb1882	("(""(""""(""""""""(widget)"""""""",widget)"""",id)"",1560c9fe-536f-4266-9217-4d624d0a0072)","(""(""""(widget)"""",widget)"",html)")	\\x045c9a50ce8b0aa2159b74c202b86a8861c7909a3a64ee6787e3a11d393521fb
65be16a7-288c-4280-81cc-763d9e9caeba	b4ce99ab-796b-455a-a28d-a6c66df69069	("(""(""""(""""""""(widget)"""""""",widget)"""",id)"",f9799a64-34d8-4c6d-b087-6e353b0bd0b8)","(""(""""(widget)"""",widget)"",id)")	\\xf0f2131d08942bf4f0b4fbac17d72a314de92e726490bba94166fb8a89d37449
6681c515-3d4d-4af2-be44-d9aff0efd7c8	09db527c-3279-4a70-acfe-0e65fce8521c	("(""(""""(""""""""(widget)"""""""",widget)"""",id)"",1560c9fe-536f-4266-9217-4d624d0a0072)","(""(""""(widget)"""",widget)"",pre_js)")	\\xe4b08665b2511bc86ca7cf1116f4a4df34ec5c7f0a19329e166cd8a00e862382
6771a977-64d5-4313-bf35-cd786afafc29	1788bdeb-8d60-4090-89b8-3fc4003d2287	("(""(""""(""""""""(widget)"""""""",widget)"""",id)"",f9799a64-34d8-4c6d-b087-6e353b0bd0b8)","(""(""""(widget)"""",widget)"",post_js)")	\\xbd1c1a745d221c68bc10d16cb33594262d7f56175979068c0e95facc4f092a79
686d19c3-700a-495e-b863-f28e69244756	0e0d2ce3-dbcf-4fc1-b71d-c11d5a296be9	("(""(""""(""""""""(widget)"""""""",widget)"""",id)"",666c3ce8-6195-4094-9bd3-84e7efa1b3c9)","(""(""""(widget)"""",widget)"",name)")	\\x46b42b4229cd7a39c564e780bb665a8bde4fdf722007e8473f167fe53ed4b995
68b3570a-eba8-4a51-a853-069d517f2201	0e0d2ce3-dbcf-4fc1-b71d-c11d5a296be9	("(""(""""(""""""""(widget)"""""""",widget)"""",id)"",666c3ce8-6195-4094-9bd3-84e7efa1b3c9)","(""(""""(widget)"""",widget)"",html)")	\\xad2f46b7365565bbab6abe65b0c8d114f12ffe2807dc8113f3a147a7a86b2c16
692c47bc-6d4f-46d5-9dba-1c1a3653c999	57d46dff-8613-4251-abd4-c7f41ad997a1	("(""(""""(""""""""(widget)"""""""",widget)"""",id)"",fe588d92-1c3f-41a9-aaa9-3e4618d09b3c)","(""(""""(widget)"""",widget)"",css)")	\\xaa791c9150236fd048c39ca91f58f883a1eb292fb9aae14db81bac9b5139f739
6a619734-e6f8-44a9-887a-30dd5801226a	0025e590-f3cf-4829-a2a0-dd4fff1b2430	("(""(""""(""""""""(widget)"""""""",widget)"""",id)"",f9808079-8736-4f98-bec8-d9506890a9e1)","(""(""""(widget)"""",widget)"",id)")	\\x77db89636c7790ea0b786f92a6e6e9ae2aaf735e7852f37d412e32d7a83b6869
6b4b5bf5-1fac-4bc6-9d67-eb6563a41f0c	bc41aa26-4ae0-4c7d-be0c-4ee8ce14dc87	("(""(""""(""""""""(widget)"""""""",widget)"""",id)"",e8d04d8d-df34-4d04-a424-83e19e92a034)","(""(""""(widget)"""",widget)"",post_js)")	\\x4938388f0c68650a2120ab03dfbf8e39b08edca0d086b3c3fd02e84e501a5fab
6d555f7f-0e2f-4092-acd6-c405c048b78e	50f92f8b-4c3c-43e0-8923-0af8340b8e12	("(""(""""(""""""""(widget)"""""""",widget)"""",id)"",e65b207e-34bf-4b8c-87af-26bac27fd154)","(""(""""(widget)"""",widget)"",pre_js)")	\\xe4b08665b2511bc86ca7cf1116f4a4df34ec5c7f0a19329e166cd8a00e862382
6dc840e5-90f2-49d6-a1dd-eb2d761dca5d	6aff6176-d39d-4ca0-9220-ae2f35a85ec2	("(""(""""(""""""""(widget)"""""""",widget)"""",id)"",f9799a64-34d8-4c6d-b087-6e353b0bd0b8)","(""(""""(widget)"""",widget)"",id)")	\\xf0f2131d08942bf4f0b4fbac17d72a314de92e726490bba94166fb8a89d37449
6df79be0-6ec2-4436-bb3d-1db07a10f0bc	fcb3399c-158d-404a-b826-6566472117df	("(""(""""(""""""""(widget)"""""""",widget)"""",id)"",3ea2ba14-7ba8-4ad1-a1a5-e7e227dc7a4e)","(""(""""(widget)"""",widget)"",name)")	\\xfd70ea1de98fdcb2297b4acb430bea8b510db6e8d90f629aaf1c1bbb45709c0e
6f321e84-99cc-49be-a39e-304321f0d38e	19261242-cdf4-4f5b-8a4f-7cd0d12d798d	("(""(""""(""""""""(widget)"""""""",widget)"""",id)"",e8d04d8d-df34-4d04-a424-83e19e92a034)","(""(""""(widget)"""",widget)"",css)")	\\x0ba9b693da6b2dbb83cee744e953ac5cb5f3d2cb93a4a0550b607a7fdcca02c2
6f9a5ed8-6520-4dbd-ab63-ef9a87ac1d42	bc41aa26-4ae0-4c7d-be0c-4ee8ce14dc87	("(""(""""(""""""""(widget)"""""""",widget)"""",id)"",e8d04d8d-df34-4d04-a424-83e19e92a034)","(""(""""(widget)"""",widget)"",css)")	\\x0ba9b693da6b2dbb83cee744e953ac5cb5f3d2cb93a4a0550b607a7fdcca02c2
73940bdc-bbf6-45f7-9e82-1f5f9ca9a286	3eb4432c-eef9-4778-b455-3933e128bcc2	("(""(""""(""""""""(widget)"""""""",widget)"""",id)"",66cbc72e-0c7d-4ceb-bab4-f26a5e22f3ac)","(""(""""(widget)"""",widget)"",pre_js)")	\\xe4b08665b2511bc86ca7cf1116f4a4df34ec5c7f0a19329e166cd8a00e862382
73c25d93-0937-422a-9ef5-aa4509c9e772	8e8ec54d-6ea8-4c15-82ad-fb5e07fb1882	("(""(""""(""""""""(widget)"""""""",widget)"""",id)"",1560c9fe-536f-4266-9217-4d624d0a0072)","(""(""""(widget)"""",widget)"",id)")	\\x0d7fa313e76d0867eeda93c28727429ba034df7c249fbcf0d39cb17dd41291a7
73d133ce-33f9-4911-99b3-09e039b53e14	66f1dfd4-d7bb-4ec9-ba4f-fd2e04506868	("(""(""""(""""""""(widget)"""""""",widget)"""",id)"",fe588d92-1c3f-41a9-aaa9-3e4618d09b3c)","(""(""""(widget)"""",widget)"",pre_js)")	\\xe4b08665b2511bc86ca7cf1116f4a4df34ec5c7f0a19329e166cd8a00e862382
7434a723-c2af-4146-86bc-16a3cdfe76f0	69b3572e-50bb-45ca-a2fb-efcfcb82b97a	("(""(""""(""""""""(widget)"""""""",widget)"""",id)"",1560c9fe-536f-4266-9217-4d624d0a0072)","(""(""""(widget)"""",widget)"",pre_js)")	\\xe4b08665b2511bc86ca7cf1116f4a4df34ec5c7f0a19329e166cd8a00e862382
75be147a-f8bc-4e27-a306-ae3670c7fef0	83d2c917-c8b9-4e7e-b941-87303859f497	("(""(""""(""""""""(widget)"""""""",widget)"""",id)"",f9808079-8736-4f98-bec8-d9506890a9e1)","(""(""""(widget)"""",widget)"",css)")	\\xd403517996f880f704538b6d51ad4ff315b84db70b0b62cd8d8e44f57ee656f7
764fda0c-829e-49ad-a05e-8d8adb629ead	a8ada96d-d97d-4bfd-b5b4-d38de55a7a8b	("(""(""""(""""""""(widget)"""""""",widget)"""",id)"",6dbe8572-b4e3-4223-90ed-32505cef7956)","(""(""""(widget)"""",widget)"",css)")	\\xc635ee07888cbd06603d9d6dbfbf49d0630b73f00249002fd7b71698fb18a283
78d510e0-1b5a-4c13-943c-276c56d2c48f	bc41aa26-4ae0-4c7d-be0c-4ee8ce14dc87	("(""(""""(""""""""(widget)"""""""",widget)"""",id)"",e8d04d8d-df34-4d04-a424-83e19e92a034)","(""(""""(widget)"""",widget)"",id)")	\\x47ba1a0b4da299fb9727b4563ec94fd4e085ef420bec09e706587d3594e44acb
7b036edc-f302-4e52-8b7a-d394ac738967	8c2de2fe-1815-449b-973b-14569a057854	("(""(""""(""""""""(widget)"""""""",widget)"""",id)"",66cbc72e-0c7d-4ceb-bab4-f26a5e22f3ac)","(""(""""(widget)"""",widget)"",name)")	\\x4450a073ed507c4d5aac0e976dc4cc74d81eebaa3ca35d3e3d87f668bcac635d
7d9532eb-2364-4d25-97da-1e4836924fb5	10b688df-ad23-477d-9f2f-263083601974	("(""(""""(""""""""(widget)"""""""",widget)"""",id)"",e8d04d8d-df34-4d04-a424-83e19e92a034)","(""(""""(widget)"""",widget)"",html)")	\\xa2b388d44ec8aaa36bbf841dd74eab7bfb1af569c60026c2ddcafa1e63e9a54a
7f040a9e-9c64-43fa-a4cd-c9876385d6bf	9eb3c268-de0a-4ddb-bcb6-ce2e00d0b2af	("(""(""""(""""""""(widget)"""""""",widget)"""",id)"",f9799a64-34d8-4c6d-b087-6e353b0bd0b8)","(""(""""(widget)"""",widget)"",css)")	\\xe36d0833e83e9df0f866c4b00267575357c964e606dced3d839f41081c786b80
7f05daa0-80d3-462f-a240-0a4f668719d3	7e169c58-2273-46fb-a514-075b5c291259	("(""(""""(""""""""(endpoint)"""""""",resource)"""",id)"",540a5ab2-588e-43ba-83b2-5af0093c111e)","(""(""""(endpoint)"""",resource)"",path)")	\\xa2557b8d5a9637c813b7d4a0495197d3a82844eaf59d376fa3f58c297810bdd5
80f5f569-685e-46ab-adac-73620881bdb0	29425bb7-7b89-4013-a7ce-6ffce41d4580	("(""(""""(""""""""(widget)"""""""",widget)"""",id)"",6dbe8572-b4e3-4223-90ed-32505cef7956)","(""(""""(widget)"""",widget)"",id)")	\\x805bd4a37307e9193714980e503c1039d4d93f6e664ef24ffac3970ff7a2521a
8165d014-37f0-40ed-bfbc-09f4a5e2f894	55875f33-2326-4047-83b3-c42cda35b9dd	("(""(""""(""""""""(widget)"""""""",widget)"""",id)"",f9808079-8736-4f98-bec8-d9506890a9e1)","(""(""""(widget)"""",widget)"",id)")	\\x77db89636c7790ea0b786f92a6e6e9ae2aaf735e7852f37d412e32d7a83b6869
82bbda19-1096-41d7-8bd2-a71b1cd4b12b	1b713253-be9e-407c-b4d2-eb60be9c93d6	("(""(""""(""""""""(widget)"""""""",widget)"""",id)"",f2c609d1-c10f-43fb-b2cf-5fe5b231002b)","(""(""""(widget)"""",widget)"",post_js)")	\\x608dcfde5a99f03bb64ebd08e1f211a513f741160f74417ac5f70f3184a8b106
82d5551a-d3f2-4429-bf1e-9c156791d55d	a8ada96d-d97d-4bfd-b5b4-d38de55a7a8b	("(""(""""(""""""""(widget)"""""""",widget)"""",id)"",6dbe8572-b4e3-4223-90ed-32505cef7956)","(""(""""(widget)"""",widget)"",id)")	\\x805bd4a37307e9193714980e503c1039d4d93f6e664ef24ffac3970ff7a2521a
831680bd-ffc8-482f-b8ef-d044fea0c093	3eb4432c-eef9-4778-b455-3933e128bcc2	("(""(""""(""""""""(widget)"""""""",widget)"""",id)"",66cbc72e-0c7d-4ceb-bab4-f26a5e22f3ac)","(""(""""(widget)"""",widget)"",post_js)")	\\xbebc4bf3310d51e13290821d28caad3af4a28d6e508617adb20fe49fdd133732
84e3e94e-5c04-4468-a46a-bb6a14048f71	428a796d-fba0-4af4-bd60-8f77373a74b4	("(""(""""(""""""""(endpoint)"""""""",resource)"""",id)"",540a5ab2-588e-43ba-83b2-5af0093c111e)","(""(""""(endpoint)"""",resource)"",mimetype_id)")	\\xdd2741e2734916143a6dbf1d1939cbc04396f10356faf54aba282066cec41b5f
8507ee4b-531d-481d-ae25-5c406238ebfb	0025e590-f3cf-4829-a2a0-dd4fff1b2430	("(""(""""(""""""""(widget)"""""""",widget)"""",id)"",f9808079-8736-4f98-bec8-d9506890a9e1)","(""(""""(widget)"""",widget)"",css)")	\\xd403517996f880f704538b6d51ad4ff315b84db70b0b62cd8d8e44f57ee656f7
8553dc21-6f7c-4740-ade7-214509cee389	b4ce99ab-796b-455a-a28d-a6c66df69069	("(""(""""(""""""""(widget)"""""""",widget)"""",id)"",f9799a64-34d8-4c6d-b087-6e353b0bd0b8)","(""(""""(widget)"""",widget)"",pre_js)")	\\xe4b08665b2511bc86ca7cf1116f4a4df34ec5c7f0a19329e166cd8a00e862382
884ce842-9d94-48b1-98b8-c04c2c0c966b	1788bdeb-8d60-4090-89b8-3fc4003d2287	("(""(""""(""""""""(widget)"""""""",widget)"""",id)"",f9799a64-34d8-4c6d-b087-6e353b0bd0b8)","(""(""""(widget)"""",widget)"",html)")	\\x4db9c16b7647d1c35406177c3c47533c4db26316611359d062b8618a9d3590e1
8aae893e-3a75-475b-8b20-f9ffd0f50568	0025e590-f3cf-4829-a2a0-dd4fff1b2430	("(""(""""(""""""""(widget)"""""""",widget)"""",id)"",f9808079-8736-4f98-bec8-d9506890a9e1)","(""(""""(widget)"""",widget)"",name)")	\\x14fd16fd7d0e6161bb50006c8ce5786f3403aa9a280a60bc502c83b44d007c0b
8f85ca9f-ad27-4b75-97d0-1acef44714c0	69b3572e-50bb-45ca-a2fb-efcfcb82b97a	("(""(""""(""""""""(widget)"""""""",widget)"""",id)"",1560c9fe-536f-4266-9217-4d624d0a0072)","(""(""""(widget)"""",widget)"",post_js)")	\\x4938388f0c68650a2120ab03dfbf8e39b08edca0d086b3c3fd02e84e501a5fab
915c872e-6679-4a69-a9a4-1a2e2183346f	e9cc0d19-d4e0-4a3d-af6c-3548b2ab4fc3	("(""(""""(""""""""(widget)"""""""",widget)"""",id)"",66cbc72e-0c7d-4ceb-bab4-f26a5e22f3ac)","(""(""""(widget)"""",widget)"",post_js)")	\\xbebc4bf3310d51e13290821d28caad3af4a28d6e508617adb20fe49fdd133732
91716d08-756b-47d0-adf4-c907196a85a6	2c6757e9-61aa-4b42-965c-ca0ac0cddc74	("(""(""""(""""""""(widget)"""""""",widget)"""",id)"",e8d04d8d-df34-4d04-a424-83e19e92a034)","(""(""""(widget)"""",widget)"",css)")	\\x0ba9b693da6b2dbb83cee744e953ac5cb5f3d2cb93a4a0550b607a7fdcca02c2
926fc350-17e2-4c98-a2e8-85f264ce7d27	50f92f8b-4c3c-43e0-8923-0af8340b8e12	("(""(""""(""""""""(widget)"""""""",widget)"""",id)"",e65b207e-34bf-4b8c-87af-26bac27fd154)","(""(""""(widget)"""",widget)"",id)")	\\x5cccf08c12f092ecd9a244ea963c86a8e46bc488e45cbc0a31638cefa6d9ec56
9281e088-9891-4287-8980-182b4821fcdd	50f92f8b-4c3c-43e0-8923-0af8340b8e12	("(""(""""(""""""""(widget)"""""""",widget)"""",id)"",e65b207e-34bf-4b8c-87af-26bac27fd154)","(""(""""(widget)"""",widget)"",common_js)")	\\xe3b0c44298fc1c149afbf4c8996fb92427ae41e4649b934ca495991b7852b855
93069bc3-f6ac-4608-852a-b21ffadee984	10b688df-ad23-477d-9f2f-263083601974	("(""(""""(""""""""(widget)"""""""",widget)"""",id)"",e8d04d8d-df34-4d04-a424-83e19e92a034)","(""(""""(widget)"""",widget)"",id)")	\\x47ba1a0b4da299fb9727b4563ec94fd4e085ef420bec09e706587d3594e44acb
93545844-b6a5-4c7b-8c77-25ba524c4d3e	be612e08-fa04-4a7d-84d5-2dc8ca32d69b	("(""(""""(""""""""(widget)"""""""",widget)"""",id)"",77a0359d-e933-41d2-9cef-fe559802e918)","(""(""""(widget)"""",widget)"",common_js)")	\\xe3b0c44298fc1c149afbf4c8996fb92427ae41e4649b934ca495991b7852b855
93a4a5ef-2ef1-4795-aba4-866efd374152	09db527c-3279-4a70-acfe-0e65fce8521c	("(""(""""(""""""""(widget)"""""""",widget)"""",id)"",1560c9fe-536f-4266-9217-4d624d0a0072)","(""(""""(widget)"""",widget)"",post_js)")	\\x4938388f0c68650a2120ab03dfbf8e39b08edca0d086b3c3fd02e84e501a5fab
93c0c97a-f91a-40a8-8fc1-7e19877c5261	0e0d2ce3-dbcf-4fc1-b71d-c11d5a296be9	("(""(""""(""""""""(widget)"""""""",widget)"""",id)"",666c3ce8-6195-4094-9bd3-84e7efa1b3c9)","(""(""""(widget)"""",widget)"",css)")	\\x0ba9b693da6b2dbb83cee744e953ac5cb5f3d2cb93a4a0550b607a7fdcca02c2
9796bb0b-e1f7-48d1-a8be-5d3a3d74bc91	6aff6176-d39d-4ca0-9220-ae2f35a85ec2	("(""(""""(""""""""(widget)"""""""",widget)"""",id)"",f9799a64-34d8-4c6d-b087-6e353b0bd0b8)","(""(""""(widget)"""",widget)"",pre_js)")	\\xe4b08665b2511bc86ca7cf1116f4a4df34ec5c7f0a19329e166cd8a00e862382
9854321e-33ea-421e-95bf-ce3ccba3b0f3	e9cc0d19-d4e0-4a3d-af6c-3548b2ab4fc3	("(""(""""(""""""""(widget)"""""""",widget)"""",id)"",66cbc72e-0c7d-4ceb-bab4-f26a5e22f3ac)","(""(""""(widget)"""",widget)"",id)")	\\x5feaba8cff52dfe7fa131c0da76684f5dda7e69c3ace5c2b2495c7fc0b963db3
98711b92-383d-4d21-b92c-9c50d02a0f03	2c6757e9-61aa-4b42-965c-ca0ac0cddc74	("(""(""""(""""""""(widget)"""""""",widget)"""",id)"",e8d04d8d-df34-4d04-a424-83e19e92a034)","(""(""""(widget)"""",widget)"",id)")	\\x47ba1a0b4da299fb9727b4563ec94fd4e085ef420bec09e706587d3594e44acb
98933a97-854b-47fb-b648-615174091d0d	a8ada96d-d97d-4bfd-b5b4-d38de55a7a8b	("(""(""""(""""""""(widget)"""""""",widget)"""",id)"",6dbe8572-b4e3-4223-90ed-32505cef7956)","(""(""""(widget)"""",widget)"",pre_js)")	\\xe4b08665b2511bc86ca7cf1116f4a4df34ec5c7f0a19329e166cd8a00e862382
9da00836-6ab3-41fb-b230-4123a6d98b93	66f1dfd4-d7bb-4ec9-ba4f-fd2e04506868	("(""(""""(""""""""(widget)"""""""",widget)"""",id)"",fe588d92-1c3f-41a9-aaa9-3e4618d09b3c)","(""(""""(widget)"""",widget)"",html)")	\\x2fd2e6425303fca29515359e7425df005e0df85f144e55319b35f2923e16712b
9dbd2826-3f54-4530-8d1f-349262405c59	fcb3399c-158d-404a-b826-6566472117df	("(""(""""(""""""""(widget)"""""""",widget)"""",id)"",3ea2ba14-7ba8-4ad1-a1a5-e7e227dc7a4e)","(""(""""(widget)"""",widget)"",css)")	\\x0ba9b693da6b2dbb83cee744e953ac5cb5f3d2cb93a4a0550b607a7fdcca02c2
9dff7685-bdc6-4085-a41d-2f338e0a1417	be612e08-fa04-4a7d-84d5-2dc8ca32d69b	("(""(""""(""""""""(widget)"""""""",widget)"""",id)"",77a0359d-e933-41d2-9cef-fe559802e918)","(""(""""(widget)"""",widget)"",css)")	\\x0ba9b693da6b2dbb83cee744e953ac5cb5f3d2cb93a4a0550b607a7fdcca02c2
9e0bed63-95ca-4a04-9872-08f84b6ef9f9	86e5c422-2521-44ed-9d22-96d0fa77b2c6	("(""(""""(""""""""(widget)"""""""",widget)"""",id)"",fe588d92-1c3f-41a9-aaa9-3e4618d09b3c)","(""(""""(widget)"""",widget)"",post_js)")	\\x5cdc9424f987e1008fd97e1de78ec39286b8e8fe2dfc7007f5867e628623b8bf
9e1d6d4b-6fef-401f-b106-538bbf8753bf	8e8ec54d-6ea8-4c15-82ad-fb5e07fb1882	("(""(""""(""""""""(widget)"""""""",widget)"""",id)"",1560c9fe-536f-4266-9217-4d624d0a0072)","(""(""""(widget)"""",widget)"",pre_js)")	\\xe4b08665b2511bc86ca7cf1116f4a4df34ec5c7f0a19329e166cd8a00e862382
9f2ad145-2068-4903-98aa-914e169a9618	55875f33-2326-4047-83b3-c42cda35b9dd	("(""(""""(""""""""(widget)"""""""",widget)"""",id)"",f9808079-8736-4f98-bec8-d9506890a9e1)","(""(""""(widget)"""",widget)"",html)")	\\x59c26002c15c05957da6fa0d2bf3ac5c03d43fed4857aca2ac1d69a33c766704
a3184915-2695-40c8-a484-63d6898f0eb7	29425bb7-7b89-4013-a7ce-6ffce41d4580	("(""(""""(""""""""(widget)"""""""",widget)"""",id)"",6dbe8572-b4e3-4223-90ed-32505cef7956)","(""(""""(widget)"""",widget)"",css)")	\\xc635ee07888cbd06603d9d6dbfbf49d0630b73f00249002fd7b71698fb18a283
a4007664-ce80-46f4-9cb3-eb106cfe5cd7	0e0d2ce3-dbcf-4fc1-b71d-c11d5a296be9	("(""(""""(""""""""(widget)"""""""",widget)"""",id)"",666c3ce8-6195-4094-9bd3-84e7efa1b3c9)","(""(""""(widget)"""",widget)"",common_js)")	\\xe3b0c44298fc1c149afbf4c8996fb92427ae41e4649b934ca495991b7852b855
a4694167-640c-4a39-8b35-b3e6d2453960	69b3572e-50bb-45ca-a2fb-efcfcb82b97a	("(""(""""(""""""""(widget)"""""""",widget)"""",id)"",1560c9fe-536f-4266-9217-4d624d0a0072)","(""(""""(widget)"""",widget)"",css)")	\\x0ba9b693da6b2dbb83cee744e953ac5cb5f3d2cb93a4a0550b607a7fdcca02c2
a483a85b-38f6-4176-ae4f-1986d0606f24	50f92f8b-4c3c-43e0-8923-0af8340b8e12	("(""(""""(""""""""(widget)"""""""",widget)"""",id)"",e65b207e-34bf-4b8c-87af-26bac27fd154)","(""(""""(widget)"""",widget)"",css)")	\\x1781a9c46ef50e02a258ab7e9d0ccb6306d07a5337c4f4ec1a6950ff5664fdcb
a5c4ca9f-3425-4e76-8981-39080014a210	84ad399a-59c3-4a96-a6b4-e69ee26c892e	("(""(""""(""""""""(endpoint)"""""""",resource)"""",id)"",828c4939-89a9-4a03-a7df-e57d3f08101d)","(""(""""(endpoint)"""",resource)"",active)")	\\xb5bea41b6c623f7c09f1bf24dcae58ebab3c0cdd90ad966bc43a45b44867e12b
a6f12a27-a5b1-445e-8b9a-f4374bc08107	be612e08-fa04-4a7d-84d5-2dc8ca32d69b	("(""(""""(""""""""(widget)"""""""",widget)"""",id)"",77a0359d-e933-41d2-9cef-fe559802e918)","(""(""""(widget)"""",widget)"",post_js)")	\\xa630cf37623920ab845b7c299d3bf4fb05103e29e270ff9fcfa49f0103df48f5
a7b0c822-31d2-4dbd-89e4-d0389b8e333c	83d2c917-c8b9-4e7e-b941-87303859f497	("(""(""""(""""""""(widget)"""""""",widget)"""",id)"",f9808079-8736-4f98-bec8-d9506890a9e1)","(""(""""(widget)"""",widget)"",html)")	\\x59c26002c15c05957da6fa0d2bf3ac5c03d43fed4857aca2ac1d69a33c766704
a859f652-862d-4fb3-aa28-7720264bbcf7	bc41aa26-4ae0-4c7d-be0c-4ee8ce14dc87	("(""(""""(""""""""(widget)"""""""",widget)"""",id)"",e8d04d8d-df34-4d04-a424-83e19e92a034)","(""(""""(widget)"""",widget)"",html)")	\\xa2b388d44ec8aaa36bbf841dd74eab7bfb1af569c60026c2ddcafa1e63e9a54a
a8dff6dc-0468-4d0b-b184-160d367ca93b	6a24bf27-617f-4d96-b583-2330113e0d4e	("(""(""""(""""""""(widget)"""""""",widget)"""",id)"",66cbc72e-0c7d-4ceb-bab4-f26a5e22f3ac)","(""(""""(widget)"""",widget)"",post_js)")	\\xbebc4bf3310d51e13290821d28caad3af4a28d6e508617adb20fe49fdd133732
a9918085-b0c5-44af-beb3-6ac319911b70	a8ada96d-d97d-4bfd-b5b4-d38de55a7a8b	("(""(""""(""""""""(widget)"""""""",widget)"""",id)"",6dbe8572-b4e3-4223-90ed-32505cef7956)","(""(""""(widget)"""",widget)"",post_js)")	\\xca9bacda5ecbdba3d5ab14277123c36212f70ade226f5e4e551edba8937e3720
aaa7acbe-e14d-4e37-b92f-3c477c4e688f	09db527c-3279-4a70-acfe-0e65fce8521c	("(""(""""(""""""""(widget)"""""""",widget)"""",id)"",1560c9fe-536f-4266-9217-4d624d0a0072)","(""(""""(widget)"""",widget)"",name)")	\\x0d6e4079e36703ebd37c00722f5891d28b0e2811dc114b129215123adcce3605
aaecfb63-6faa-4dff-807c-fe733a9b4d3b	86e5c422-2521-44ed-9d22-96d0fa77b2c6	("(""(""""(""""""""(widget)"""""""",widget)"""",id)"",fe588d92-1c3f-41a9-aaa9-3e4618d09b3c)","(""(""""(widget)"""",widget)"",css)")	\\xaa791c9150236fd048c39ca91f58f883a1eb292fb9aae14db81bac9b5139f739
ac352869-6396-4caa-8946-b9f853f27425	e9cc0d19-d4e0-4a3d-af6c-3548b2ab4fc3	("(""(""""(""""""""(widget)"""""""",widget)"""",id)"",66cbc72e-0c7d-4ceb-bab4-f26a5e22f3ac)","(""(""""(widget)"""",widget)"",pre_js)")	\\xe4b08665b2511bc86ca7cf1116f4a4df34ec5c7f0a19329e166cd8a00e862382
ae1ca6d8-4883-4784-a8a7-945e44311a04	10b688df-ad23-477d-9f2f-263083601974	("(""(""""(""""""""(widget)"""""""",widget)"""",id)"",e8d04d8d-df34-4d04-a424-83e19e92a034)","(""(""""(widget)"""",widget)"",css)")	\\x0ba9b693da6b2dbb83cee744e953ac5cb5f3d2cb93a4a0550b607a7fdcca02c2
b03aa3eb-227f-430d-9de1-4a32d2a8b25d	55875f33-2326-4047-83b3-c42cda35b9dd	("(""(""""(""""""""(widget)"""""""",widget)"""",id)"",f9808079-8736-4f98-bec8-d9506890a9e1)","(""(""""(widget)"""",widget)"",name)")	\\x14fd16fd7d0e6161bb50006c8ce5786f3403aa9a280a60bc502c83b44d007c0b
b075ef3f-8eb8-4353-ae92-c9d094f68aa8	2c6757e9-61aa-4b42-965c-ca0ac0cddc74	("(""(""""(""""""""(widget)"""""""",widget)"""",id)"",e8d04d8d-df34-4d04-a424-83e19e92a034)","(""(""""(widget)"""",widget)"",pre_js)")	\\xe4b08665b2511bc86ca7cf1116f4a4df34ec5c7f0a19329e166cd8a00e862382
b13589d4-8f4a-4955-a583-95b8f0ae9127	55875f33-2326-4047-83b3-c42cda35b9dd	("(""(""""(""""""""(widget)"""""""",widget)"""",id)"",f9808079-8736-4f98-bec8-d9506890a9e1)","(""(""""(widget)"""",widget)"",css)")	\\xd403517996f880f704538b6d51ad4ff315b84db70b0b62cd8d8e44f57ee656f7
b2cc579e-eade-41c0-8510-302a4a38451d	286f55e1-5b1d-4f38-85ad-b999fe19eacc	("(""(""""(""""""""(widget)"""""""",widget)"""",id)"",f2c609d1-c10f-43fb-b2cf-5fe5b231002b)","(""(""""(widget)"""",widget)"",html)")	\\xa616b2c403a991db42708799e6783d736d4054ffa91e50337af5654809004771
b2dce72c-8e76-47e4-badf-21beb26f22fb	4c1b4770-d16a-4c55-839f-1fc709585767	("(""(""""(""""""""(widget)"""""""",widget)"""",id)"",fe588d92-1c3f-41a9-aaa9-3e4618d09b3c)","(""(""""(widget)"""",widget)"",pre_js)")	\\xe4b08665b2511bc86ca7cf1116f4a4df34ec5c7f0a19329e166cd8a00e862382
b30bd96e-abdd-41a7-8831-80dc17c403ba	3c737bf3-12d5-4ceb-95cd-dd8dfe32ee01	("(""(""""(""""""""(widget)"""""""",widget)"""",id)"",f9808079-8736-4f98-bec8-d9506890a9e1)","(""(""""(widget)"""",widget)"",name)")	\\x14fd16fd7d0e6161bb50006c8ce5786f3403aa9a280a60bc502c83b44d007c0b
b3e01332-7c51-465d-96bd-f564e4bb4f43	4c1b4770-d16a-4c55-839f-1fc709585767	("(""(""""(""""""""(widget)"""""""",widget)"""",id)"",fe588d92-1c3f-41a9-aaa9-3e4618d09b3c)","(""(""""(widget)"""",widget)"",css)")	\\xaa791c9150236fd048c39ca91f58f883a1eb292fb9aae14db81bac9b5139f739
b7c116f9-c387-4bcf-a888-d51a92ddeaff	6629c398-eac0-48d1-99fb-74bfe94d10c6	("(""(""""(""""""""(widget)"""""""",widget)"""",id)"",6dbe8572-b4e3-4223-90ed-32505cef7956)","(""(""""(widget)"""",widget)"",html)")	\\xc021e95fc8eede87d584653e871b8f89d17ebcbe5504a4337065f10dd4c3cef1
bb30d65d-a908-4ca6-bba9-492e92db7707	57d46dff-8613-4251-abd4-c7f41ad997a1	("(""(""""(""""""""(widget)"""""""",widget)"""",id)"",fe588d92-1c3f-41a9-aaa9-3e4618d09b3c)","(""(""""(widget)"""",widget)"",html)")	\\x2fd2e6425303fca29515359e7425df005e0df85f144e55319b35f2923e16712b
bc9e780c-434f-4793-b333-8b1546fc377a	1b713253-be9e-407c-b4d2-eb60be9c93d6	("(""(""""(""""""""(widget)"""""""",widget)"""",id)"",f2c609d1-c10f-43fb-b2cf-5fe5b231002b)","(""(""""(widget)"""",widget)"",id)")	\\x93882bcd750c802b2a95d03d75f5c1bb89437b967bb63f892063fb79b8561e55
bfd43a59-0c54-47ec-b43b-dd65d6e04998	1788bdeb-8d60-4090-89b8-3fc4003d2287	("(""(""""(""""""""(widget)"""""""",widget)"""",id)"",f9799a64-34d8-4c6d-b087-6e353b0bd0b8)","(""(""""(widget)"""",widget)"",id)")	\\xf0f2131d08942bf4f0b4fbac17d72a314de92e726490bba94166fb8a89d37449
bfdd8729-6918-47ed-a086-718e84b8339b	fcb3399c-158d-404a-b826-6566472117df	("(""(""""(""""""""(widget)"""""""",widget)"""",id)"",3ea2ba14-7ba8-4ad1-a1a5-e7e227dc7a4e)","(""(""""(widget)"""",widget)"",server_js)")	\\xe3b0c44298fc1c149afbf4c8996fb92427ae41e4649b934ca495991b7852b855
c17603a0-4b8a-4667-88d0-17ebebbf5e02	3eb4432c-eef9-4778-b455-3933e128bcc2	("(""(""""(""""""""(widget)"""""""",widget)"""",id)"",66cbc72e-0c7d-4ceb-bab4-f26a5e22f3ac)","(""(""""(widget)"""",widget)"",name)")	\\x4450a073ed507c4d5aac0e976dc4cc74d81eebaa3ca35d3e3d87f668bcac635d
c35fb5df-6e83-4660-b42e-e09fbe7d5e01	8c67ccf3-204f-4b83-8a8d-24484b78a3b1	("(""(""""(""""""""(widget)"""""""",widget)"""",id)"",f2c609d1-c10f-43fb-b2cf-5fe5b231002b)","(""(""""(widget)"""",widget)"",pre_js)")	\\xe4b08665b2511bc86ca7cf1116f4a4df34ec5c7f0a19329e166cd8a00e862382
c444daaa-f78f-44ed-8be5-840dfad67d69	57d46dff-8613-4251-abd4-c7f41ad997a1	("(""(""""(""""""""(widget)"""""""",widget)"""",id)"",fe588d92-1c3f-41a9-aaa9-3e4618d09b3c)","(""(""""(widget)"""",widget)"",id)")	\\x20f697bbffea3d6217a04acae2b581074dae76b967d2428f43eaf5581d2073f1
c5683f1f-5f66-4a08-87bc-6aa91d780cee	c4980f5f-cbdf-4daa-9469-3ef200c22722	("(""(""""(""""""""(widget)"""""""",widget)"""",id)"",6dbe8572-b4e3-4223-90ed-32505cef7956)","(""(""""(widget)"""",widget)"",post_js)")	\\xca9bacda5ecbdba3d5ab14277123c36212f70ade226f5e4e551edba8937e3720
c6aae253-b220-455d-8c33-a9697b34d42c	9eb3c268-de0a-4ddb-bcb6-ce2e00d0b2af	("(""(""""(""""""""(widget)"""""""",widget)"""",id)"",f9799a64-34d8-4c6d-b087-6e353b0bd0b8)","(""(""""(widget)"""",widget)"",html)")	\\x4db9c16b7647d1c35406177c3c47533c4db26316611359d062b8618a9d3590e1
c79f491f-3a0c-4623-8350-5e924a06076c	6a24bf27-617f-4d96-b583-2330113e0d4e	("(""(""""(""""""""(widget)"""""""",widget)"""",id)"",66cbc72e-0c7d-4ceb-bab4-f26a5e22f3ac)","(""(""""(widget)"""",widget)"",pre_js)")	\\xe4b08665b2511bc86ca7cf1116f4a4df34ec5c7f0a19329e166cd8a00e862382
c7bd7a2e-9879-407b-8d54-a6626bd8a6b5	29425bb7-7b89-4013-a7ce-6ffce41d4580	("(""(""""(""""""""(widget)"""""""",widget)"""",id)"",6dbe8572-b4e3-4223-90ed-32505cef7956)","(""(""""(widget)"""",widget)"",html)")	\\xc021e95fc8eede87d584653e871b8f89d17ebcbe5504a4337065f10dd4c3cef1
c8f4ac53-673e-428b-a881-11d3c9b2d882	29425bb7-7b89-4013-a7ce-6ffce41d4580	("(""(""""(""""""""(widget)"""""""",widget)"""",id)"",6dbe8572-b4e3-4223-90ed-32505cef7956)","(""(""""(widget)"""",widget)"",name)")	\\xdf0ad6e43880f09c90ebf95f19110178aba6890df0010ebda7485029e2b543b4
ca91c123-c1d0-4980-9acc-fc210f0194fb	0025e590-f3cf-4829-a2a0-dd4fff1b2430	("(""(""""(""""""""(widget)"""""""",widget)"""",id)"",f9808079-8736-4f98-bec8-d9506890a9e1)","(""(""""(widget)"""",widget)"",html)")	\\x59c26002c15c05957da6fa0d2bf3ac5c03d43fed4857aca2ac1d69a33c766704
caf72757-2ddf-4b43-a588-fc95410de2cb	66f1dfd4-d7bb-4ec9-ba4f-fd2e04506868	("(""(""""(""""""""(widget)"""""""",widget)"""",id)"",fe588d92-1c3f-41a9-aaa9-3e4618d09b3c)","(""(""""(widget)"""",widget)"",css)")	\\xaa791c9150236fd048c39ca91f58f883a1eb292fb9aae14db81bac9b5139f739
cb4d30d3-ec56-47ad-9e25-a9b3677ea505	8c2de2fe-1815-449b-973b-14569a057854	("(""(""""(""""""""(widget)"""""""",widget)"""",id)"",66cbc72e-0c7d-4ceb-bab4-f26a5e22f3ac)","(""(""""(widget)"""",widget)"",pre_js)")	\\xe4b08665b2511bc86ca7cf1116f4a4df34ec5c7f0a19329e166cd8a00e862382
cd11821a-6556-421c-972f-7f504a0a07c8	7504ff61-7e38-42c6-9ee9-d9c89b5b18b4	("(""(""""(""""""""(endpoint)"""""""",resource)"""",id)"",540a5ab2-588e-43ba-83b2-5af0093c111e)","(""(""""(endpoint)"""",resource)"",mimetype_id)")	\\xdd2741e2734916143a6dbf1d1939cbc04396f10356faf54aba282066cec41b5f
cd593fe4-a286-4f0e-934c-575db999c198	286f55e1-5b1d-4f38-85ad-b999fe19eacc	("(""(""""(""""""""(widget)"""""""",widget)"""",id)"",f2c609d1-c10f-43fb-b2cf-5fe5b231002b)","(""(""""(widget)"""",widget)"",css)")	\\x0c0692ebe2773f0c113b864fd0c913c2a6a17c3a97f5c9ca545ff5e9d5acdf79
cd8fdd2a-3a21-4bbc-b737-90da4412bbb8	19261242-cdf4-4f5b-8a4f-7cd0d12d798d	("(""(""""(""""""""(widget)"""""""",widget)"""",id)"",e8d04d8d-df34-4d04-a424-83e19e92a034)","(""(""""(widget)"""",widget)"",html)")	\\xa2b388d44ec8aaa36bbf841dd74eab7bfb1af569c60026c2ddcafa1e63e9a54a
cf929e4b-1f26-45e9-b827-76949788ae19	8e8ec54d-6ea8-4c15-82ad-fb5e07fb1882	("(""(""""(""""""""(widget)"""""""",widget)"""",id)"",1560c9fe-536f-4266-9217-4d624d0a0072)","(""(""""(widget)"""",widget)"",css)")	\\x0ba9b693da6b2dbb83cee744e953ac5cb5f3d2cb93a4a0550b607a7fdcca02c2
cffea2b0-b6ed-46f5-8fb6-293f03edcbbc	1788bdeb-8d60-4090-89b8-3fc4003d2287	("(""(""""(""""""""(widget)"""""""",widget)"""",id)"",f9799a64-34d8-4c6d-b087-6e353b0bd0b8)","(""(""""(widget)"""",widget)"",name)")	\\x19e15726f188d8d9bba2862dca53feb1cefdc326f78703bf51a15b4df55d5464
d00ec467-4982-4d19-9fbe-dfbfaec693a3	54e75bab-4953-4a93-8573-8ad02f2f5496	("(""(""""(""""""""(widget)"""""""",widget)"""",id)"",f2c609d1-c10f-43fb-b2cf-5fe5b231002b)","(""(""""(widget)"""",widget)"",name)")	\\xac3a3b785e7ada0bfe2a9192584ee6fa1e4f5e8337dae3f6f6e58f1c12d39530
d0b20508-6411-4c36-851b-d7494ad9bbf9	6a24bf27-617f-4d96-b583-2330113e0d4e	("(""(""""(""""""""(widget)"""""""",widget)"""",id)"",66cbc72e-0c7d-4ceb-bab4-f26a5e22f3ac)","(""(""""(widget)"""",widget)"",name)")	\\x4450a073ed507c4d5aac0e976dc4cc74d81eebaa3ca35d3e3d87f668bcac635d
d20e8f01-f926-41c7-9bf5-33fa049fdfc3	69b3572e-50bb-45ca-a2fb-efcfcb82b97a	("(""(""""(""""""""(widget)"""""""",widget)"""",id)"",1560c9fe-536f-4266-9217-4d624d0a0072)","(""(""""(widget)"""",widget)"",id)")	\\x0d7fa313e76d0867eeda93c28727429ba034df7c249fbcf0d39cb17dd41291a7
d250ed9e-606e-465b-8fd4-1172eb1f8147	0e0d2ce3-dbcf-4fc1-b71d-c11d5a296be9	("(""(""""(""""""""(widget)"""""""",widget)"""",id)"",666c3ce8-6195-4094-9bd3-84e7efa1b3c9)","(""(""""(widget)"""",widget)"",post_js)")	\\xab5910f3ae0a9621aff5c26d51f92bbb1d38355e051f16ec869103efd222ce1a
d2d39cf1-2469-470f-96e1-99fa910706cc	3c737bf3-12d5-4ceb-95cd-dd8dfe32ee01	("(""(""""(""""""""(widget)"""""""",widget)"""",id)"",f9808079-8736-4f98-bec8-d9506890a9e1)","(""(""""(widget)"""",widget)"",css)")	\\xd403517996f880f704538b6d51ad4ff315b84db70b0b62cd8d8e44f57ee656f7
d2f19cb5-a8f4-492e-9d9b-a64146460c2b	fcb3399c-158d-404a-b826-6566472117df	("(""(""""(""""""""(widget)"""""""",widget)"""",id)"",3ea2ba14-7ba8-4ad1-a1a5-e7e227dc7a4e)","(""(""""(widget)"""",widget)"",id)")	\\xb5060bfad64bfe1717aa9e0f867a6485d07e0570e19b1b16116e7c4a0ba1809c
d373de7d-0b24-4456-a954-82a65404d766	1b713253-be9e-407c-b4d2-eb60be9c93d6	("(""(""""(""""""""(widget)"""""""",widget)"""",id)"",f2c609d1-c10f-43fb-b2cf-5fe5b231002b)","(""(""""(widget)"""",widget)"",pre_js)")	\\xe4b08665b2511bc86ca7cf1116f4a4df34ec5c7f0a19329e166cd8a00e862382
d4031e90-4075-4ba7-8dba-f60e5c65148a	428a796d-fba0-4af4-bd60-8f77373a74b4	("(""(""""(""""""""(endpoint)"""""""",resource)"""",id)"",540a5ab2-588e-43ba-83b2-5af0093c111e)","(""(""""(endpoint)"""",resource)"",content)")	\\xf1494d0040f33898b38e81ef8b9eba2162b34c468a1419cb5d274a749c86663b
d4302453-788d-4999-bb18-1983b3704aad	3c737bf3-12d5-4ceb-95cd-dd8dfe32ee01	("(""(""""(""""""""(widget)"""""""",widget)"""",id)"",f9808079-8736-4f98-bec8-d9506890a9e1)","(""(""""(widget)"""",widget)"",post_js)")	\\x4938388f0c68650a2120ab03dfbf8e39b08edca0d086b3c3fd02e84e501a5fab
d489acdb-62e6-4c67-94cd-91077dac4eec	9eb3c268-de0a-4ddb-bcb6-ce2e00d0b2af	("(""(""""(""""""""(widget)"""""""",widget)"""",id)"",f9799a64-34d8-4c6d-b087-6e353b0bd0b8)","(""(""""(widget)"""",widget)"",id)")	\\xf0f2131d08942bf4f0b4fbac17d72a314de92e726490bba94166fb8a89d37449
d57a4be9-4c95-42b6-8a53-462f981d0bcb	86e5c422-2521-44ed-9d22-96d0fa77b2c6	("(""(""""(""""""""(widget)"""""""",widget)"""",id)"",fe588d92-1c3f-41a9-aaa9-3e4618d09b3c)","(""(""""(widget)"""",widget)"",name)")	\\x0ed12b09b9560da8b935748c857118405053d06da8caf7e9578d4e3369f53ad8
d5e6a934-698d-4caf-927e-537d3bdaa0e6	0025e590-f3cf-4829-a2a0-dd4fff1b2430	("(""(""""(""""""""(widget)"""""""",widget)"""",id)"",f9808079-8736-4f98-bec8-d9506890a9e1)","(""(""""(widget)"""",widget)"",pre_js)")	\\xe4b08665b2511bc86ca7cf1116f4a4df34ec5c7f0a19329e166cd8a00e862382
d69edc95-a096-4912-abc2-dd5c5e304676	1788bdeb-8d60-4090-89b8-3fc4003d2287	("(""(""""(""""""""(widget)"""""""",widget)"""",id)"",f9799a64-34d8-4c6d-b087-6e353b0bd0b8)","(""(""""(widget)"""",widget)"",css)")	\\xe36d0833e83e9df0f866c4b00267575357c964e606dced3d839f41081c786b80
d7b616a1-ebd8-4d6f-b783-0edea2a678e1	6a24bf27-617f-4d96-b583-2330113e0d4e	("(""(""""(""""""""(widget)"""""""",widget)"""",id)"",66cbc72e-0c7d-4ceb-bab4-f26a5e22f3ac)","(""(""""(widget)"""",widget)"",css)")	\\xf8a61dd13e214113384622f54b52aa19649b536b8e056e7d91eb3c8fe3660e68
d7b8549a-1b54-422a-a9b3-5244987007c7	19261242-cdf4-4f5b-8a4f-7cd0d12d798d	("(""(""""(""""""""(widget)"""""""",widget)"""",id)"",e8d04d8d-df34-4d04-a424-83e19e92a034)","(""(""""(widget)"""",widget)"",pre_js)")	\\xe4b08665b2511bc86ca7cf1116f4a4df34ec5c7f0a19329e166cd8a00e862382
d8817a0a-d512-42c5-a3c1-f27c28a4c2bd	54e75bab-4953-4a93-8573-8ad02f2f5496	("(""(""""(""""""""(widget)"""""""",widget)"""",id)"",f2c609d1-c10f-43fb-b2cf-5fe5b231002b)","(""(""""(widget)"""",widget)"",post_js)")	\\x608dcfde5a99f03bb64ebd08e1f211a513f741160f74417ac5f70f3184a8b106
dd0f1e90-37b3-4068-8279-e67440cacc0f	10b688df-ad23-477d-9f2f-263083601974	("(""(""""(""""""""(widget)"""""""",widget)"""",id)"",e8d04d8d-df34-4d04-a424-83e19e92a034)","(""(""""(widget)"""",widget)"",post_js)")	\\x4938388f0c68650a2120ab03dfbf8e39b08edca0d086b3c3fd02e84e501a5fab
dde5cbc6-4330-4d92-a8a0-59318a8f1f43	83d2c917-c8b9-4e7e-b941-87303859f497	("(""(""""(""""""""(widget)"""""""",widget)"""",id)"",f9808079-8736-4f98-bec8-d9506890a9e1)","(""(""""(widget)"""",widget)"",pre_js)")	\\xe4b08665b2511bc86ca7cf1116f4a4df34ec5c7f0a19329e166cd8a00e862382
dfeb9e53-f48e-4cbc-ae9b-df186d03b596	2c6757e9-61aa-4b42-965c-ca0ac0cddc74	("(""(""""(""""""""(widget)"""""""",widget)"""",id)"",e8d04d8d-df34-4d04-a424-83e19e92a034)","(""(""""(widget)"""",widget)"",html)")	\\xa2b388d44ec8aaa36bbf841dd74eab7bfb1af569c60026c2ddcafa1e63e9a54a
e177d6bd-3af6-40f7-a54e-d9f407e0d960	428a796d-fba0-4af4-bd60-8f77373a74b4	("(""(""""(""""""""(endpoint)"""""""",resource)"""",id)"",540a5ab2-588e-43ba-83b2-5af0093c111e)","(""(""""(endpoint)"""",resource)"",id)")	\\x396bfb19ef1b73bc07938d42ceed204d60b3f3e1a525042c2336694aa58d9e22
e1caace4-01f3-40ef-8cd7-65e56d865fcb	bc41aa26-4ae0-4c7d-be0c-4ee8ce14dc87	("(""(""""(""""""""(widget)"""""""",widget)"""",id)"",e8d04d8d-df34-4d04-a424-83e19e92a034)","(""(""""(widget)"""",widget)"",pre_js)")	\\xe4b08665b2511bc86ca7cf1116f4a4df34ec5c7f0a19329e166cd8a00e862382
e22029c1-a4fd-44ee-8468-6fcfe4ea520e	6629c398-eac0-48d1-99fb-74bfe94d10c6	("(""(""""(""""""""(widget)"""""""",widget)"""",id)"",6dbe8572-b4e3-4223-90ed-32505cef7956)","(""(""""(widget)"""",widget)"",name)")	\\xdf0ad6e43880f09c90ebf95f19110178aba6890df0010ebda7485029e2b543b4
e2ff8849-5940-43ca-86c9-b07d1985f8c0	8e8ec54d-6ea8-4c15-82ad-fb5e07fb1882	("(""(""""(""""""""(widget)"""""""",widget)"""",id)"",1560c9fe-536f-4266-9217-4d624d0a0072)","(""(""""(widget)"""",widget)"",post_js)")	\\x4938388f0c68650a2120ab03dfbf8e39b08edca0d086b3c3fd02e84e501a5fab
e44af059-d11f-4609-8b85-1f99ba6a6c5d	29425bb7-7b89-4013-a7ce-6ffce41d4580	("(""(""""(""""""""(widget)"""""""",widget)"""",id)"",6dbe8572-b4e3-4223-90ed-32505cef7956)","(""(""""(widget)"""",widget)"",pre_js)")	\\xe4b08665b2511bc86ca7cf1116f4a4df34ec5c7f0a19329e166cd8a00e862382
e65ac991-7106-47a2-9492-6f37dab1c812	54e75bab-4953-4a93-8573-8ad02f2f5496	("(""(""""(""""""""(widget)"""""""",widget)"""",id)"",f2c609d1-c10f-43fb-b2cf-5fe5b231002b)","(""(""""(widget)"""",widget)"",pre_js)")	\\xe4b08665b2511bc86ca7cf1116f4a4df34ec5c7f0a19329e166cd8a00e862382
e665d022-a955-4e37-9f5d-4446a663331b	0025e590-f3cf-4829-a2a0-dd4fff1b2430	("(""(""""(""""""""(widget)"""""""",widget)"""",id)"",f9808079-8736-4f98-bec8-d9506890a9e1)","(""(""""(widget)"""",widget)"",post_js)")	\\x4938388f0c68650a2120ab03dfbf8e39b08edca0d086b3c3fd02e84e501a5fab
e70e3503-ea0f-423b-b448-3e67b2e9ca99	1b713253-be9e-407c-b4d2-eb60be9c93d6	("(""(""""(""""""""(widget)"""""""",widget)"""",id)"",f2c609d1-c10f-43fb-b2cf-5fe5b231002b)","(""(""""(widget)"""",widget)"",css)")	\\x0c0692ebe2773f0c113b864fd0c913c2a6a17c3a97f5c9ca545ff5e9d5acdf79
e868ac03-8d9f-4430-8a5d-1457f4238611	57d46dff-8613-4251-abd4-c7f41ad997a1	("(""(""""(""""""""(widget)"""""""",widget)"""",id)"",fe588d92-1c3f-41a9-aaa9-3e4618d09b3c)","(""(""""(widget)"""",widget)"",post_js)")	\\x5cdc9424f987e1008fd97e1de78ec39286b8e8fe2dfc7007f5867e628623b8bf
ea7aab7c-c0bb-49b1-9970-77aca1b98fa5	d06bae4b-afee-4739-b132-1a26eb0b3914	("(""(""""(""""""""(widget)"""""""",widget)"""",id)"",e9f22dba-aca1-41ec-b107-a9e886acc066)","(""(""""(widget)"""",widget)"",html)")	\\xd6e2e100a55fe925988db18714309428502b254117d6a0c2c248f970c7835fbb
eb617917-5d81-4c68-8989-cd8c020bb4ef	6aff6176-d39d-4ca0-9220-ae2f35a85ec2	("(""(""""(""""""""(widget)"""""""",widget)"""",id)"",f9799a64-34d8-4c6d-b087-6e353b0bd0b8)","(""(""""(widget)"""",widget)"",html)")	\\x4db9c16b7647d1c35406177c3c47533c4db26316611359d062b8618a9d3590e1
ec1eb09f-7253-434a-a3d0-7f49fd24e4ba	3eb4432c-eef9-4778-b455-3933e128bcc2	("(""(""""(""""""""(widget)"""""""",widget)"""",id)"",66cbc72e-0c7d-4ceb-bab4-f26a5e22f3ac)","(""(""""(widget)"""",widget)"",id)")	\\x5feaba8cff52dfe7fa131c0da76684f5dda7e69c3ace5c2b2495c7fc0b963db3
ec23b6ac-4a1c-4278-86f5-0c0c269228a5	8c2de2fe-1815-449b-973b-14569a057854	("(""(""""(""""""""(widget)"""""""",widget)"""",id)"",66cbc72e-0c7d-4ceb-bab4-f26a5e22f3ac)","(""(""""(widget)"""",widget)"",css)")	\\x1b1a4202fbe1227781a379dfb671226315caf204fcf2fc282f4b9cd74635b79b
ed7ecf3d-b9c0-4bd5-b43a-b7f2789d5e68	6629c398-eac0-48d1-99fb-74bfe94d10c6	("(""(""""(""""""""(widget)"""""""",widget)"""",id)"",6dbe8572-b4e3-4223-90ed-32505cef7956)","(""(""""(widget)"""",widget)"",pre_js)")	\\xe4b08665b2511bc86ca7cf1116f4a4df34ec5c7f0a19329e166cd8a00e862382
edf917a0-d128-4c8e-b691-14204062e60d	3eb4432c-eef9-4778-b455-3933e128bcc2	("(""(""""(""""""""(widget)"""""""",widget)"""",id)"",66cbc72e-0c7d-4ceb-bab4-f26a5e22f3ac)","(""(""""(widget)"""",widget)"",html)")	\\xbf59fed50e3a6ec1028cf5af94dcb5530710f54db1d167932b189135eb42fdc6
efbd16f1-ee7c-4589-8656-43e081bce19a	2e5d3217-d2cd-4fca-8d4c-f335686812cd	("(""(""""(""""""""(widget)"""""""",widget)"""",id)"",1560c9fe-536f-4266-9217-4d624d0a0072)","(""(""""(widget)"""",widget)"",css)")	\\x0ba9b693da6b2dbb83cee744e953ac5cb5f3d2cb93a4a0550b607a7fdcca02c2
f03a98ce-b597-4bc6-aeb3-0dbde57241c2	6629c398-eac0-48d1-99fb-74bfe94d10c6	("(""(""""(""""""""(widget)"""""""",widget)"""",id)"",6dbe8572-b4e3-4223-90ed-32505cef7956)","(""(""""(widget)"""",widget)"",id)")	\\x805bd4a37307e9193714980e503c1039d4d93f6e664ef24ffac3970ff7a2521a
f16a1ea2-32c2-4bd7-8ae3-68d499886084	b4ce99ab-796b-455a-a28d-a6c66df69069	("(""(""""(""""""""(widget)"""""""",widget)"""",id)"",f9799a64-34d8-4c6d-b087-6e353b0bd0b8)","(""(""""(widget)"""",widget)"",css)")	\\xe36d0833e83e9df0f866c4b00267575357c964e606dced3d839f41081c786b80
f191ecbd-1dff-48c6-9130-05cb939a4f65	4c1b4770-d16a-4c55-839f-1fc709585767	("(""(""""(""""""""(widget)"""""""",widget)"""",id)"",fe588d92-1c3f-41a9-aaa9-3e4618d09b3c)","(""(""""(widget)"""",widget)"",post_js)")	\\x5cdc9424f987e1008fd97e1de78ec39286b8e8fe2dfc7007f5867e628623b8bf
f2b259fe-5ce3-4b27-85d0-b84ac34baddf	54e75bab-4953-4a93-8573-8ad02f2f5496	("(""(""""(""""""""(widget)"""""""",widget)"""",id)"",f2c609d1-c10f-43fb-b2cf-5fe5b231002b)","(""(""""(widget)"""",widget)"",id)")	\\x93882bcd750c802b2a95d03d75f5c1bb89437b967bb63f892063fb79b8561e55
f2e825bf-e6e1-433b-9e08-6f46554ba801	57d46dff-8613-4251-abd4-c7f41ad997a1	("(""(""""(""""""""(widget)"""""""",widget)"""",id)"",fe588d92-1c3f-41a9-aaa9-3e4618d09b3c)","(""(""""(widget)"""",widget)"",name)")	\\x0ed12b09b9560da8b935748c857118405053d06da8caf7e9578d4e3369f53ad8
f44948f8-f712-48f3-a4c8-304f5a33e8bd	fcb3399c-158d-404a-b826-6566472117df	("(""(""""(""""""""(widget)"""""""",widget)"""",id)"",3ea2ba14-7ba8-4ad1-a1a5-e7e227dc7a4e)","(""(""""(widget)"""",widget)"",html)")	\\xb7cca1cbdf2c7ae9da0aa45fff2e9ff7b9ce248a19fc4037980c21c6653f5ca5
f4667560-fbda-4178-87ff-21f2cbd2b29b	50f92f8b-4c3c-43e0-8923-0af8340b8e12	("(""(""""(""""""""(widget)"""""""",widget)"""",id)"",e65b207e-34bf-4b8c-87af-26bac27fd154)","(""(""""(widget)"""",widget)"",post_js)")	\\x5895152e8174a829e5658e0c9df314585533477db23f14d17cf8401984c6a456
f4f43cd4-5cb0-4676-97b7-4aa7a4d89cc6	4c1b4770-d16a-4c55-839f-1fc709585767	("(""(""""(""""""""(widget)"""""""",widget)"""",id)"",fe588d92-1c3f-41a9-aaa9-3e4618d09b3c)","(""(""""(widget)"""",widget)"",name)")	\\x0ed12b09b9560da8b935748c857118405053d06da8caf7e9578d4e3369f53ad8
f544a163-3010-4bb2-b287-7c3ca66250e5	83d2c917-c8b9-4e7e-b941-87303859f497	("(""(""""(""""""""(widget)"""""""",widget)"""",id)"",f9808079-8736-4f98-bec8-d9506890a9e1)","(""(""""(widget)"""",widget)"",name)")	\\x14fd16fd7d0e6161bb50006c8ce5786f3403aa9a280a60bc502c83b44d007c0b
f55b1d26-25c9-4dd9-98d8-dc5ee6304b9d	e9cc0d19-d4e0-4a3d-af6c-3548b2ab4fc3	("(""(""""(""""""""(widget)"""""""",widget)"""",id)"",66cbc72e-0c7d-4ceb-bab4-f26a5e22f3ac)","(""(""""(widget)"""",widget)"",css)")	\\x1b1a4202fbe1227781a379dfb671226315caf204fcf2fc282f4b9cd74635b79b
f5786677-05d5-477f-9192-4eacbaa5e66c	6aff6176-d39d-4ca0-9220-ae2f35a85ec2	("(""(""""(""""""""(widget)"""""""",widget)"""",id)"",f9799a64-34d8-4c6d-b087-6e353b0bd0b8)","(""(""""(widget)"""",widget)"",name)")	\\x19e15726f188d8d9bba2862dca53feb1cefdc326f78703bf51a15b4df55d5464
f6213279-86b4-4ab9-ae10-b261e8042382	be612e08-fa04-4a7d-84d5-2dc8ca32d69b	("(""(""""(""""""""(widget)"""""""",widget)"""",id)"",77a0359d-e933-41d2-9cef-fe559802e918)","(""(""""(widget)"""",widget)"",html)")	\\x6a31b531f098711d416c69c928c02b66a7ff302bb04734a437105a193f9e9a65
f640adad-8c2c-493c-82b8-61774ed8ddc2	50f92f8b-4c3c-43e0-8923-0af8340b8e12	("(""(""""(""""""""(widget)"""""""",widget)"""",id)"",e65b207e-34bf-4b8c-87af-26bac27fd154)","(""(""""(widget)"""",widget)"",html)")	\\xf6c3d3fee35dcf94097421e4c69f469b43ed9db990278a8b83b90790fc56cc02
fa6fedcc-07ab-455f-ad74-ecc3fa0eb251	bc41aa26-4ae0-4c7d-be0c-4ee8ce14dc87	("(""(""""(""""""""(widget)"""""""",widget)"""",id)"",e8d04d8d-df34-4d04-a424-83e19e92a034)","(""(""""(widget)"""",widget)"",name)")	\\x961ccefb712208694bc3ae97ab5d128a5f83c470a28b8fbff06188d02870c8a3
fafe1665-7d80-4208-9fac-3eeacf0f7af2	5e1f0dcb-fbdd-4b62-a5b1-7c4ede2c8e33	("(""(""""(""""""""(endpoint)"""""""",resource)"""",id)"",540a5ab2-588e-43ba-83b2-5af0093c111e)","(""(""""(endpoint)"""",resource)"",content)")	\\x7134e4724a1502d74a3465297387841ac86df5341c99050ab1cca62f78ef213b
fbb77cbc-2c17-410d-95d4-89b1cb279f8f	69b3572e-50bb-45ca-a2fb-efcfcb82b97a	("(""(""""(""""""""(widget)"""""""",widget)"""",id)"",1560c9fe-536f-4266-9217-4d624d0a0072)","(""(""""(widget)"""",widget)"",name)")	\\x0d6e4079e36703ebd37c00722f5891d28b0e2811dc114b129215123adcce3605
fc1763ce-5a93-45cf-86ff-51ab7ab55a9b	e9cc0d19-d4e0-4a3d-af6c-3548b2ab4fc3	("(""(""""(""""""""(widget)"""""""",widget)"""",id)"",66cbc72e-0c7d-4ceb-bab4-f26a5e22f3ac)","(""(""""(widget)"""",widget)"",html)")	\\xbf59fed50e3a6ec1028cf5af94dcb5530710f54db1d167932b189135eb42fdc6
fd03c1ec-595e-4413-aca1-085d1132a774	84ad399a-59c3-4a96-a6b4-e69ee26c892e	("(""(""""(""""""""(endpoint)"""""""",resource)"""",id)"",828c4939-89a9-4a03-a7df-e57d3f08101d)","(""(""""(endpoint)"""",resource)"",mimetype_id)")	\\xdd2741e2734916143a6dbf1d1939cbc04396f10356faf54aba282066cec41b5f
fd70be6d-3536-4a50-b18c-112aa6a80e12	0e0d2ce3-dbcf-4fc1-b71d-c11d5a296be9	("(""(""""(""""""""(widget)"""""""",widget)"""",id)"",666c3ce8-6195-4094-9bd3-84e7efa1b3c9)","(""(""""(widget)"""",widget)"",id)")	\\xfa8fd77b66ee7011a5f40aeed5cecf2e7f07b2627f900c0a01e8aef12ce2fdc6
ffe28930-3b3d-409e-99f1-e91ca72e20d5	7e169c58-2273-46fb-a514-075b5c291259	("(""(""""(""""""""(endpoint)"""""""",resource)"""",id)"",540a5ab2-588e-43ba-83b2-5af0093c111e)","(""(""""(endpoint)"""",resource)"",content)")	\\x781e87ba4560136687172a4ccb0aa2cd6f80e99387f63322ad1bf7e98457fc68
fff991db-50d0-4c50-9f61-0f0cf0018102	d06bae4b-afee-4739-b132-1a26eb0b3914	("(""(""""(""""""""(widget)"""""""",widget)"""",id)"",e9f22dba-aca1-41ec-b107-a9e886acc066)","(""(""""(widget)"""",widget)"",name)")	\\x65ccefc9b8fd22b24d2404cbfa151d73ff05c99337aaefedb1ad60dd51ee18fa
