002f4259-a044-4fc3-8e9c-40b9c1e48fde	acdfafe3-a74a-435b-953d-58d81aea6c7f	("(""(""""(""""""""(widget)"""""""",widget)"""",id)"",b9ebd6bb-d737-498d-87f3-44791ad147d6)","(""(""""(widget)"""",widget)"",css)")	\\xf5561cfb0a710062a28362c7c8226390176bc4434023b6cd9201a16709b9cfc8
011ffdf9-8e29-481d-a985-5acbfc725450	5fe87f31-b077-4fe8-a07f-3c0a12486f9d	("(""(""""(""""""""(widget)"""""""",widget)"""",id)"",e1ced48e-1c93-4af9-8522-c7d1a31408e5)","(""(""""(widget)"""",widget)"",id)")	\\x4edaedda78d8053b29df26a82c943e476d352d5db7fd21770212b2b08370dbaf
01d8c011-9fd5-41f8-a4c1-3ef96b7974d3	e6439238-1e7a-4689-a33b-e8c49c033e35	("(""(""""(""""""""(endpoint)"""""""",resource)"""",id)"",2923c1fa-4641-4550-b338-888a9135df7c)","(""(""""(endpoint)"""",resource)"",mimetype_id)")	\\xdd2741e2734916143a6dbf1d1939cbc04396f10356faf54aba282066cec41b5f
0317387e-ebed-4c96-beab-505be6f558e5	5fe87f31-b077-4fe8-a07f-3c0a12486f9d	("(""(""""(""""""""(widget)"""""""",widget)"""",id)"",e1ced48e-1c93-4af9-8522-c7d1a31408e5)","(""(""""(widget)"""",widget)"",html)")	\\xe4435ae6748a9d88d0c69197adbaf5006323a1591ef3783884c39a4864a56b6b
03716ef2-9cee-4379-a754-56180368861b	c6f7d815-0e09-4008-b7ac-fe987e48307d	("(""(""""(""""""""(widget)"""""""",widget)"""",id)"",c9a058d7-816f-4719-9516-515039f4883a)","(""(""""(widget)"""",widget)"",id)")	\\x839779136f82e3517c27b1ac56a219b7c7bf47f7be5e43e800f3398b5be1ae35
06ffadde-09fe-49fa-ae51-5bf1aca95066	669df04f-d642-4c6a-ac58-c678ebe80906	("(""(""""(""""""""(widget)"""""""",widget)"""",id)"",e1ced48e-1c93-4af9-8522-c7d1a31408e5)","(""(""""(widget)"""",widget)"",css)")	\\x0ba9b693da6b2dbb83cee744e953ac5cb5f3d2cb93a4a0550b607a7fdcca02c2
0cdb1794-3486-417b-be2b-5e67bce3af8a	4ade4bc7-4653-4cdb-8212-1a9b6441c165	("(""(""""(""""""""(widget)"""""""",widget)"""",id)"",b7521e9b-4549-4d7c-9209-1f2e517f80a8)","(""(""""(widget)"""",widget)"",id)")	\\x24906255c400aa70ce67ec95dc46bfc00fccd3750b480c25072321b15eb52153
100b40c5-0bf9-4f84-862a-51a191662e14	c3a07361-5f35-40c1-8373-58f5a9b70a22	("(""(""""(""""""""(widget)"""""""",widget)"""",id)"",b9ebd6bb-d737-498d-87f3-44791ad147d6)","(""(""""(widget)"""",widget)"",post_js)")	\\xa9e5dc6a6a530450ff8424fc7a939da6c6665feff9d0143f6a54e9c60d816b78
145c5eb4-ab1b-48c5-bb42-87a46ce1c8c0	0faccfd0-f646-4e5b-a9c0-66cd625dd34a	("(""(""""(""""""""(widget)"""""""",widget)"""",id)"",d8750749-46ba-411b-8b15-f5e06c845f1c)","(""(""""(widget)"""",widget)"",html)")	\\x8c4a55cd627616e21a6e7a9190bd7b42b84174d02158f743552517eb08eece48
147564d5-4b9f-42a4-9e6b-758b5ecb91aa	623db73f-0662-4a3e-b12f-801672cd9b76	("(""(""""(""""""""(widget)"""""""",widget)"""",id)"",b9ebd6bb-d737-498d-87f3-44791ad147d6)","(""(""""(widget)"""",widget)"",css)")	\\xf5561cfb0a710062a28362c7c8226390176bc4434023b6cd9201a16709b9cfc8
1581ec17-74e0-4a52-a2b4-97f92c57b8b1	4ade4bc7-4653-4cdb-8212-1a9b6441c165	("(""(""""(""""""""(widget)"""""""",widget)"""",id)"",b7521e9b-4549-4d7c-9209-1f2e517f80a8)","(""(""""(widget)"""",widget)"",pre_js)")	\\xe4b08665b2511bc86ca7cf1116f4a4df34ec5c7f0a19329e166cd8a00e862382
167a7e6b-dad5-49b3-983f-740ebb37fcbd	53726bec-327d-4323-a664-bd756fc8d1d1	("(""(""""(""""""""(widget)"""""""",widget)"""",id)"",d8750749-46ba-411b-8b15-f5e06c845f1c)","(""(""""(widget)"""",widget)"",html)")	\\xd7424d569ef1fca0a1585314920dc09a966d2a3d4a37fd9a1baa89260aef6c9c
171bc718-9261-456b-8672-c4258c0e2863	af7ffbfb-ce85-47a8-91ff-f9a93faf8127	("(""(""""(""""""""(widget)"""""""",widget)"""",id)"",c9a058d7-816f-4719-9516-515039f4883a)","(""(""""(widget)"""",widget)"",css)")	\\x8178ae6ac6f0182c3b64737dc423133c15dfce730f67e3b303388af3272670df
18cbfd33-e371-43fa-a1f5-3c529168d74c	78bfe971-4500-4914-98ad-4930927f42e3	("(""(""""(""""""""(widget)"""""""",widget)"""",id)"",b9ebd6bb-d737-498d-87f3-44791ad147d6)","(""(""""(widget)"""",widget)"",post_js)")	\\x364b09e448e9122afb88076f1ddcf02a1628711a37461b834f3510962871e00f
18cd83b6-f806-4d89-83b8-481f93b52a12	af7ffbfb-ce85-47a8-91ff-f9a93faf8127	("(""(""""(""""""""(widget)"""""""",widget)"""",id)"",c9a058d7-816f-4719-9516-515039f4883a)","(""(""""(widget)"""",widget)"",name)")	\\x638ac2e5e63626ab33ca6b3d36a855ec7eafcae1bb3b3504d159072892d962c2
1967de86-8b14-4f85-bccc-037634b32f40	0faccfd0-f646-4e5b-a9c0-66cd625dd34a	("(""(""""(""""""""(widget)"""""""",widget)"""",id)"",d8750749-46ba-411b-8b15-f5e06c845f1c)","(""(""""(widget)"""",widget)"",post_js)")	\\xa9c9db433a2ebae74468dbfde36af7f65090c94824f7b53c6be1cd287d245e23
1989ce9f-b069-4f60-871f-dc1393ade486	8e195705-135c-45ea-aead-d7f16a6e3308	("(""(""""(""""""""(widget)"""""""",widget)"""",id)"",b7521e9b-4549-4d7c-9209-1f2e517f80a8)","(""(""""(widget)"""",widget)"",pre_js)")	\\xe4b08665b2511bc86ca7cf1116f4a4df34ec5c7f0a19329e166cd8a00e862382
1990987b-a960-4768-8011-76ebf175e76d	4d15f8c5-3b98-4ffb-9a72-a2fa629c54e8	("(""(""""(""""""""(endpoint)"""""""",resource)"""",id)"",2923c1fa-4641-4550-b338-888a9135df7c)","(""(""""(endpoint)"""",resource)"",active)")	\\xb5bea41b6c623f7c09f1bf24dcae58ebab3c0cdd90ad966bc43a45b44867e12b
1a841bca-face-4338-84a2-7fc44429a45a	c3a07361-5f35-40c1-8373-58f5a9b70a22	("(""(""""(""""""""(widget)"""""""",widget)"""",id)"",b9ebd6bb-d737-498d-87f3-44791ad147d6)","(""(""""(widget)"""",widget)"",html)")	\\x349dc990464bf72ea6f20b74da3bdf7254713f27247b299972b6d841fb2826e7
1c424849-c5f5-4f74-8604-c808687a0b6b	78bfe971-4500-4914-98ad-4930927f42e3	("(""(""""(""""""""(widget)"""""""",widget)"""",id)"",b9ebd6bb-d737-498d-87f3-44791ad147d6)","(""(""""(widget)"""",widget)"",pre_js)")	\\xe4b08665b2511bc86ca7cf1116f4a4df34ec5c7f0a19329e166cd8a00e862382
1dc4f1eb-187b-4aa9-8696-afd75d8bebe7	b805e0b6-d29c-435b-ac42-3635eb2d5e82	("(""(""""(""""""""(endpoint)"""""""",resource)"""",id)"",2923c1fa-4641-4550-b338-888a9135df7c)","(""(""""(endpoint)"""",resource)"",active)")	\\xb5bea41b6c623f7c09f1bf24dcae58ebab3c0cdd90ad966bc43a45b44867e12b
1e0260b7-7045-4039-8f9a-4c9f2ab0caf6	4ade4bc7-4653-4cdb-8212-1a9b6441c165	("(""(""""(""""""""(widget)"""""""",widget)"""",id)"",b7521e9b-4549-4d7c-9209-1f2e517f80a8)","(""(""""(widget)"""",widget)"",name)")	\\xb999f70922c530fe3ced9bd849c67788bc387e3d8bf941a6bfd820c1b47fa1bc
1e935a1a-4b28-4965-b94d-94bef6a6c4bd	623db73f-0662-4a3e-b12f-801672cd9b76	("(""(""""(""""""""(widget)"""""""",widget)"""",id)"",b9ebd6bb-d737-498d-87f3-44791ad147d6)","(""(""""(widget)"""",widget)"",html)")	\\x349dc990464bf72ea6f20b74da3bdf7254713f27247b299972b6d841fb2826e7
21ece302-7be1-43f8-85d4-7cc3b2883f9f	9c75e399-cf96-4fe3-be45-4a90fd747b3b	("(""(""""(""""""""(widget)"""""""",widget)"""",id)"",d8750749-46ba-411b-8b15-f5e06c845f1c)","(""(""""(widget)"""",widget)"",css)")	\\x5e411a1d7d1b25fca9378775c4b0bb9085555466cc20ee2584bc97d624a252c0
23e11515-7c58-4287-97a7-c358f12c0cd1	750550c7-aede-4427-b822-982282e342d9	("(""(""""(""""""""(widget)"""""""",widget)"""",id)"",c9a058d7-816f-4719-9516-515039f4883a)","(""(""""(widget)"""",widget)"",id)")	\\x839779136f82e3517c27b1ac56a219b7c7bf47f7be5e43e800f3398b5be1ae35
24ef1619-a421-4b43-9f19-3fbd9d423710	f690ccf6-f926-4fd7-93f0-6140f9f97135	("(""(""""(""""""""(widget)"""""""",widget)"""",id)"",b7521e9b-4549-4d7c-9209-1f2e517f80a8)","(""(""""(widget)"""",widget)"",pre_js)")	\\xe4b08665b2511bc86ca7cf1116f4a4df34ec5c7f0a19329e166cd8a00e862382
2501decc-50b3-41d4-a0c9-64b65f578428	354ec3d2-7a86-47d4-a42d-381ffa1ccbfa	("(""(""""(""""""""(widget)"""""""",widget)"""",id)"",e1ced48e-1c93-4af9-8522-c7d1a31408e5)","(""(""""(widget)"""",widget)"",html)")	\\xe4435ae6748a9d88d0c69197adbaf5006323a1591ef3783884c39a4864a56b6b
26a6ccb5-e300-4e63-b25c-669698a5b3e0	b805e0b6-d29c-435b-ac42-3635eb2d5e82	("(""(""""(""""""""(endpoint)"""""""",resource)"""",id)"",2923c1fa-4641-4550-b338-888a9135df7c)","(""(""""(endpoint)"""",resource)"",mimetype_id)")	\\xcb218518c86e9538f54d6562b2d09a2e8a1fd11dbb99b21c08ab600688c10356
2b1fb128-9d0a-4003-bcfb-c91e1f087504	5fe87f31-b077-4fe8-a07f-3c0a12486f9d	("(""(""""(""""""""(widget)"""""""",widget)"""",id)"",e1ced48e-1c93-4af9-8522-c7d1a31408e5)","(""(""""(widget)"""",widget)"",css)")	\\x0ba9b693da6b2dbb83cee744e953ac5cb5f3d2cb93a4a0550b607a7fdcca02c2
2cd4be34-166b-4b5f-a6cf-cf8f7a0e9483	ad8f6d2e-b255-4b97-9eed-ce5e95a188b2	("(""(""""(""""""""(widget)"""""""",widget)"""",id)"",b7521e9b-4549-4d7c-9209-1f2e517f80a8)","(""(""""(widget)"""",widget)"",post_js)")	\\xa91c3e0f94effd5475e3ea826a58a96da57bbdea39965d9f35b36338738fb1b6
2de98589-b1a6-4199-982b-897686b2071a	927ed476-0940-4037-b49f-84bcd3d402aa	("(""(""""(""""""""(widget)"""""""",widget)"""",id)"",c9a058d7-816f-4719-9516-515039f4883a)","(""(""""(widget)"""",widget)"",pre_js)")	\\xe4b08665b2511bc86ca7cf1116f4a4df34ec5c7f0a19329e166cd8a00e862382
2ec99a30-d5e7-4efd-b33d-5b97147bee26	b805e0b6-d29c-435b-ac42-3635eb2d5e82	("(""(""""(""""""""(endpoint)"""""""",resource)"""",id)"",2923c1fa-4641-4550-b338-888a9135df7c)","(""(""""(endpoint)"""",resource)"",id)")	\\x0dd8fd2db084d3adc9ff3e1a7c9efce463b51228c36eb104ee234ef7ff0d92fe
2f6f7830-e212-4161-af60-42286a732aa4	c6f7d815-0e09-4008-b7ac-fe987e48307d	("(""(""""(""""""""(widget)"""""""",widget)"""",id)"",c9a058d7-816f-4719-9516-515039f4883a)","(""(""""(widget)"""",widget)"",html)")	\\x0319f1fb332d7c9f192d497b5c577e8d9b1f48eb519cae6355da9090ff567de1
2f6fc40d-2f1c-414b-bf9c-c3c4e0a54377	669df04f-d642-4c6a-ac58-c678ebe80906	("(""(""""(""""""""(widget)"""""""",widget)"""",id)"",e1ced48e-1c93-4af9-8522-c7d1a31408e5)","(""(""""(widget)"""",widget)"",name)")	\\xc3e2d78f3ff335724b4029f06505b511e4f8f01e258828de29849b36b40b55d0
3154b026-3f10-4771-a006-e832a8a979dc	1c3aef9f-ca3a-47be-a690-daa6271f2718	("(""(""""(""""""""(widget)"""""""",widget)"""",id)"",b9ebd6bb-d737-498d-87f3-44791ad147d6)","(""(""""(widget)"""",widget)"",html)")	\\x9a754b16f77dd9a8aa0b19e882727c7f25a6d27dc6bfde3c7be6925333fa4668
31bbb088-67f3-4512-a3f7-2a8dda04d80b	c6d8f842-37a2-48b9-82bd-a8e50b5b28b4	("(""(""""(""""""""(widget)"""""""",widget)"""",id)"",e1ced48e-1c93-4af9-8522-c7d1a31408e5)","(""(""""(widget)"""",widget)"",html)")	\\xe4435ae6748a9d88d0c69197adbaf5006323a1591ef3783884c39a4864a56b6b
335c4fa7-e31a-4aba-aba9-de1c62c1b524	a48db387-d9be-40a5-915d-57cbfbd5d52a	("(""(""""(""""""""(widget)"""""""",widget)"""",id)"",b7521e9b-4549-4d7c-9209-1f2e517f80a8)","(""(""""(widget)"""",widget)"",html)")	\\xf13bbad0d674b460ef96e81f31ed8395ca698bcc32db72a64df47f7e9a0944a9
33c4b668-236a-437c-bb84-3132c598f0cb	750550c7-aede-4427-b822-982282e342d9	("(""(""""(""""""""(widget)"""""""",widget)"""",id)"",c9a058d7-816f-4719-9516-515039f4883a)","(""(""""(widget)"""",widget)"",name)")	\\x638ac2e5e63626ab33ca6b3d36a855ec7eafcae1bb3b3504d159072892d962c2
35102827-1c47-4e5d-b712-cea8b78b10dc	4d15f8c5-3b98-4ffb-9a72-a2fa629c54e8	("(""(""""(""""""""(endpoint)"""""""",resource)"""",id)"",2923c1fa-4641-4550-b338-888a9135df7c)","(""(""""(endpoint)"""",resource)"",mimetype_id)")	\\xdd2741e2734916143a6dbf1d1939cbc04396f10356faf54aba282066cec41b5f
3730c52b-5e36-4bb7-abdf-258fb6d47319	4ade4bc7-4653-4cdb-8212-1a9b6441c165	("(""(""""(""""""""(widget)"""""""",widget)"""",id)"",b7521e9b-4549-4d7c-9209-1f2e517f80a8)","(""(""""(widget)"""",widget)"",html)")	\\xf13bbad0d674b460ef96e81f31ed8395ca698bcc32db72a64df47f7e9a0944a9
3877307f-ad2e-4ff1-9eae-3c39ece7c7fd	2ed751cf-85e4-4c5d-9b59-5f4f23a04ebe	("(""(""""(""""""""(widget)"""""""",widget)"""",id)"",d8750749-46ba-411b-8b15-f5e06c845f1c)","(""(""""(widget)"""",widget)"",name)")	\\xb1b1bdb480c61d075300d9bff7d9cb69cf31695ea048e478facadf426e8d0fb0
38e83d6f-c87a-4b6a-b0ff-66e06396187d	f690ccf6-f926-4fd7-93f0-6140f9f97135	("(""(""""(""""""""(widget)"""""""",widget)"""",id)"",b7521e9b-4549-4d7c-9209-1f2e517f80a8)","(""(""""(widget)"""",widget)"",name)")	\\xb999f70922c530fe3ced9bd849c67788bc387e3d8bf941a6bfd820c1b47fa1bc
39bf1dd7-808a-423a-818e-c195b847c859	acdfafe3-a74a-435b-953d-58d81aea6c7f	("(""(""""(""""""""(widget)"""""""",widget)"""",id)"",b9ebd6bb-d737-498d-87f3-44791ad147d6)","(""(""""(widget)"""",widget)"",name)")	\\xbc020a35b7f9cb1382e7b534c68e3c531d849b119bf14f75ddead6cc45c3ccc1
3a7e8ad1-4f1f-47c1-a160-2294db9221da	9c75e399-cf96-4fe3-be45-4a90fd747b3b	("(""(""""(""""""""(widget)"""""""",widget)"""",id)"",d8750749-46ba-411b-8b15-f5e06c845f1c)","(""(""""(widget)"""",widget)"",id)")	\\x94483d966b6a0c4167448acfabe47efbb05ae59d68e977d2db91d001ac116a08
3c82ce0d-8544-4666-9063-d7874cf38620	2ed751cf-85e4-4c5d-9b59-5f4f23a04ebe	("(""(""""(""""""""(widget)"""""""",widget)"""",id)"",d8750749-46ba-411b-8b15-f5e06c845f1c)","(""(""""(widget)"""",widget)"",pre_js)")	\\xe4b08665b2511bc86ca7cf1116f4a4df34ec5c7f0a19329e166cd8a00e862382
3d4766ee-1dc6-4a56-a1bd-3519938df864	3d04ce4d-f49f-4a00-98cc-9bb10ac76327	("(""(""""(""""""""(widget)"""""""",widget)"""",id)"",d8750749-46ba-411b-8b15-f5e06c845f1c)","(""(""""(widget)"""",widget)"",name)")	\\xb1b1bdb480c61d075300d9bff7d9cb69cf31695ea048e478facadf426e8d0fb0
3f1dcff1-c7e3-4898-828b-f7b9c56f445f	623db73f-0662-4a3e-b12f-801672cd9b76	("(""(""""(""""""""(widget)"""""""",widget)"""",id)"",b9ebd6bb-d737-498d-87f3-44791ad147d6)","(""(""""(widget)"""",widget)"",pre_js)")	\\xe4b08665b2511bc86ca7cf1116f4a4df34ec5c7f0a19329e166cd8a00e862382
40c7a9c8-c1d5-44a0-8160-9fcc7c02e153	3d04ce4d-f49f-4a00-98cc-9bb10ac76327	("(""(""""(""""""""(widget)"""""""",widget)"""",id)"",d8750749-46ba-411b-8b15-f5e06c845f1c)","(""(""""(widget)"""",widget)"",css)")	\\x5e411a1d7d1b25fca9378775c4b0bb9085555466cc20ee2584bc97d624a252c0
44a76a24-3bd7-4df1-8d1e-6fa5aebde497	8e195705-135c-45ea-aead-d7f16a6e3308	("(""(""""(""""""""(widget)"""""""",widget)"""",id)"",b7521e9b-4549-4d7c-9209-1f2e517f80a8)","(""(""""(widget)"""",widget)"",name)")	\\xb999f70922c530fe3ced9bd849c67788bc387e3d8bf941a6bfd820c1b47fa1bc
46776c27-4c49-4ebe-b165-401f27ca7bf7	64f90dbd-9cb1-4ca7-b9ba-e9db902590c5	("(""(""""(""""""""(endpoint)"""""""",resource)"""",id)"",2923c1fa-4641-4550-b338-888a9135df7c)","(""(""""(endpoint)"""",resource)"",content)")	\\x51c80c394df96d89e95a40b0a0416354788a8bef726957678ac619c80c73ab68
48755927-bf49-41e9-85fb-991b0e044a94	78bfe971-4500-4914-98ad-4930927f42e3	("(""(""""(""""""""(widget)"""""""",widget)"""",id)"",b9ebd6bb-d737-498d-87f3-44791ad147d6)","(""(""""(widget)"""",widget)"",name)")	\\xbc020a35b7f9cb1382e7b534c68e3c531d849b119bf14f75ddead6cc45c3ccc1
48a7e10f-ccc6-4a3d-bf0c-7bea80890dc0	927ed476-0940-4037-b49f-84bcd3d402aa	("(""(""""(""""""""(widget)"""""""",widget)"""",id)"",c9a058d7-816f-4719-9516-515039f4883a)","(""(""""(widget)"""",widget)"",name)")	\\x638ac2e5e63626ab33ca6b3d36a855ec7eafcae1bb3b3504d159072892d962c2
49a4c50d-454d-4743-877d-c6a6f992ed37	64f90dbd-9cb1-4ca7-b9ba-e9db902590c5	("(""(""""(""""""""(endpoint)"""""""",resource)"""",id)"",2923c1fa-4641-4550-b338-888a9135df7c)","(""(""""(endpoint)"""",resource)"",id)")	\\x0dd8fd2db084d3adc9ff3e1a7c9efce463b51228c36eb104ee234ef7ff0d92fe
49e63287-045c-47da-910e-bc1ab0dacfdc	a48db387-d9be-40a5-915d-57cbfbd5d52a	("(""(""""(""""""""(widget)"""""""",widget)"""",id)"",b7521e9b-4549-4d7c-9209-1f2e517f80a8)","(""(""""(widget)"""",widget)"",id)")	\\x24906255c400aa70ce67ec95dc46bfc00fccd3750b480c25072321b15eb52153
4a9148d5-7bfe-4a55-8a30-76fc897e726d	3d04ce4d-f49f-4a00-98cc-9bb10ac76327	("(""(""""(""""""""(widget)"""""""",widget)"""",id)"",d8750749-46ba-411b-8b15-f5e06c845f1c)","(""(""""(widget)"""",widget)"",id)")	\\x94483d966b6a0c4167448acfabe47efbb05ae59d68e977d2db91d001ac116a08
4abec661-6f6f-4ace-9164-eaf9fe38006b	7cae193b-1e3a-44aa-b975-a4c9fc5d14fa	("(""(""""(""""""""(widget)"""""""",widget)"""",id)"",e1ced48e-1c93-4af9-8522-c7d1a31408e5)","(""(""""(widget)"""",widget)"",post_js)")	\\x080ffad26f829a3705faca863af89a35f851b956c94c4baa76f0b06c03b0a65a
4b3f3d9e-43f9-4eff-8db1-7004d31f5daa	ad8f6d2e-b255-4b97-9eed-ce5e95a188b2	("(""(""""(""""""""(widget)"""""""",widget)"""",id)"",b7521e9b-4549-4d7c-9209-1f2e517f80a8)","(""(""""(widget)"""",widget)"",css)")	\\x443efbf4b66c17e782678c79e1d3c7a8b2bf81cfbda1b82101a2ced790daf86d
4b87fb1e-f646-4ac1-a0e8-e21bdc231aa5	354ec3d2-7a86-47d4-a42d-381ffa1ccbfa	("(""(""""(""""""""(widget)"""""""",widget)"""",id)"",e1ced48e-1c93-4af9-8522-c7d1a31408e5)","(""(""""(widget)"""",widget)"",id)")	\\x4edaedda78d8053b29df26a82c943e476d352d5db7fd21770212b2b08370dbaf
4d74d628-8605-4057-a9c5-420d5917bb10	a48db387-d9be-40a5-915d-57cbfbd5d52a	("(""(""""(""""""""(widget)"""""""",widget)"""",id)"",b7521e9b-4549-4d7c-9209-1f2e517f80a8)","(""(""""(widget)"""",widget)"",post_js)")	\\xa91c3e0f94effd5475e3ea826a58a96da57bbdea39965d9f35b36338738fb1b6
4d9860f2-a983-4917-84c6-c0f0160a953f	927ed476-0940-4037-b49f-84bcd3d402aa	("(""(""""(""""""""(widget)"""""""",widget)"""",id)"",c9a058d7-816f-4719-9516-515039f4883a)","(""(""""(widget)"""",widget)"",css)")	\\x8178ae6ac6f0182c3b64737dc423133c15dfce730f67e3b303388af3272670df
4f87e02d-24fc-42a5-8fea-46410e508878	8f5616b4-3a50-4fa9-997f-096a4c974c0e	("(""(""""(""""""""(widget)"""""""",widget)"""",id)"",b7521e9b-4549-4d7c-9209-1f2e517f80a8)","(""(""""(widget)"""",widget)"",id)")	\\x24906255c400aa70ce67ec95dc46bfc00fccd3750b480c25072321b15eb52153
50f5566e-5f7b-43b8-81a8-8df215a0098a	67d156d5-6ad7-44af-8f5c-ff8caee59d1d	("(""(""""(""""""""(widget)"""""""",widget)"""",id)"",b9ebd6bb-d737-498d-87f3-44791ad147d6)","(""(""""(widget)"""",widget)"",css)")	\\xf5561cfb0a710062a28362c7c8226390176bc4434023b6cd9201a16709b9cfc8
5211544e-8ceb-498b-a953-3f8eb0933678	7cae193b-1e3a-44aa-b975-a4c9fc5d14fa	("(""(""""(""""""""(widget)"""""""",widget)"""",id)"",e1ced48e-1c93-4af9-8522-c7d1a31408e5)","(""(""""(widget)"""",widget)"",pre_js)")	\\xe4b08665b2511bc86ca7cf1116f4a4df34ec5c7f0a19329e166cd8a00e862382
54388eaa-a0c5-4f15-8758-44076c49b316	8f5616b4-3a50-4fa9-997f-096a4c974c0e	("(""(""""(""""""""(widget)"""""""",widget)"""",id)"",b7521e9b-4549-4d7c-9209-1f2e517f80a8)","(""(""""(widget)"""",widget)"",name)")	\\xb999f70922c530fe3ced9bd849c67788bc387e3d8bf941a6bfd820c1b47fa1bc
558389bb-cb3a-4e18-b1b5-6a52257548ba	7cae193b-1e3a-44aa-b975-a4c9fc5d14fa	("(""(""""(""""""""(widget)"""""""",widget)"""",id)"",e1ced48e-1c93-4af9-8522-c7d1a31408e5)","(""(""""(widget)"""",widget)"",id)")	\\x4edaedda78d8053b29df26a82c943e476d352d5db7fd21770212b2b08370dbaf
5718b313-8e15-4ef8-a900-355f1329df38	2ed751cf-85e4-4c5d-9b59-5f4f23a04ebe	("(""(""""(""""""""(widget)"""""""",widget)"""",id)"",d8750749-46ba-411b-8b15-f5e06c845f1c)","(""(""""(widget)"""",widget)"",post_js)")	\\x31612fb70a8db42485a4c17a8765d61f044fde6bf0a868fc4c8dd9d31e6ca4cc
573aa1fc-ecb0-43d9-870a-cf2f4462c1a9	669df04f-d642-4c6a-ac58-c678ebe80906	("(""(""""(""""""""(widget)"""""""",widget)"""",id)"",e1ced48e-1c93-4af9-8522-c7d1a31408e5)","(""(""""(widget)"""",widget)"",post_js)")	\\x080ffad26f829a3705faca863af89a35f851b956c94c4baa76f0b06c03b0a65a
576e87c4-dd8e-4560-8a12-351cc11d5382	53726bec-327d-4323-a664-bd756fc8d1d1	("(""(""""(""""""""(widget)"""""""",widget)"""",id)"",d8750749-46ba-411b-8b15-f5e06c845f1c)","(""(""""(widget)"""",widget)"",css)")	\\x0ba9b693da6b2dbb83cee744e953ac5cb5f3d2cb93a4a0550b607a7fdcca02c2
579cb300-3450-48f6-920d-ad69d438d303	623db73f-0662-4a3e-b12f-801672cd9b76	("(""(""""(""""""""(widget)"""""""",widget)"""",id)"",b9ebd6bb-d737-498d-87f3-44791ad147d6)","(""(""""(widget)"""",widget)"",name)")	\\xbc020a35b7f9cb1382e7b534c68e3c531d849b119bf14f75ddead6cc45c3ccc1
58d307df-cdd5-495e-a891-09eade57c309	f690ccf6-f926-4fd7-93f0-6140f9f97135	("(""(""""(""""""""(widget)"""""""",widget)"""",id)"",b7521e9b-4549-4d7c-9209-1f2e517f80a8)","(""(""""(widget)"""",widget)"",css)")	\\xbdcedb5d64c1b093ca02cf161a1e7177d2f3731ee27ea9363e5f75326d88ff23
59ad6df8-8c96-40ae-b4ad-d214f5fea2c6	c3a07361-5f35-40c1-8373-58f5a9b70a22	("(""(""""(""""""""(widget)"""""""",widget)"""",id)"",b9ebd6bb-d737-498d-87f3-44791ad147d6)","(""(""""(widget)"""",widget)"",name)")	\\xbc020a35b7f9cb1382e7b534c68e3c531d849b119bf14f75ddead6cc45c3ccc1
5a4ef96b-b883-416e-919c-7c77b9cfae27	5ab2e9b1-155b-4886-951b-6950336267a0	("(""(""""(""""""""(widget)"""""""",widget)"""",id)"",c9a058d7-816f-4719-9516-515039f4883a)","(""(""""(widget)"""",widget)"",name)")	\\x638ac2e5e63626ab33ca6b3d36a855ec7eafcae1bb3b3504d159072892d962c2
5a549a46-e3ac-4a2e-890d-4afce96874b1	c11eed5d-08cb-45d9-a9e8-2685f3151eeb	("(""(""""(""""""""(widget)"""""""",widget)"""",id)"",d8750749-46ba-411b-8b15-f5e06c845f1c)","(""(""""(widget)"""",widget)"",name)")	\\xb1b1bdb480c61d075300d9bff7d9cb69cf31695ea048e478facadf426e8d0fb0
5b09350e-abbf-4a16-9779-19ade18c634e	c6f7d815-0e09-4008-b7ac-fe987e48307d	("(""(""""(""""""""(widget)"""""""",widget)"""",id)"",c9a058d7-816f-4719-9516-515039f4883a)","(""(""""(widget)"""",widget)"",name)")	\\x638ac2e5e63626ab33ca6b3d36a855ec7eafcae1bb3b3504d159072892d962c2
5b920b1c-207b-4ece-9fee-3827a1d104d9	67d156d5-6ad7-44af-8f5c-ff8caee59d1d	("(""(""""(""""""""(widget)"""""""",widget)"""",id)"",b9ebd6bb-d737-498d-87f3-44791ad147d6)","(""(""""(widget)"""",widget)"",post_js)")	\\x200812a89d0fd0248a68adf0a9737f6f6721394728e400ac57f776e0b9a67957
5be568d0-3573-47f5-a955-d736cae9ca2e	4ade4bc7-4653-4cdb-8212-1a9b6441c165	("(""(""""(""""""""(widget)"""""""",widget)"""",id)"",b7521e9b-4549-4d7c-9209-1f2e517f80a8)","(""(""""(widget)"""",widget)"",post_js)")	\\xda909434f875b09312331228676316b3bbbd61c669fc09fe3ad2ed836156b7b9
5c3feb42-ed70-448d-a27a-5a8c74636d79	a48db387-d9be-40a5-915d-57cbfbd5d52a	("(""(""""(""""""""(widget)"""""""",widget)"""",id)"",b7521e9b-4549-4d7c-9209-1f2e517f80a8)","(""(""""(widget)"""",widget)"",css)")	\\x443efbf4b66c17e782678c79e1d3c7a8b2bf81cfbda1b82101a2ced790daf86d
5c53cb56-03d3-460e-ad70-9483399a1dd8	53726bec-327d-4323-a664-bd756fc8d1d1	("(""(""""(""""""""(widget)"""""""",widget)"""",id)"",d8750749-46ba-411b-8b15-f5e06c845f1c)","(""(""""(widget)"""",widget)"",id)")	\\x94483d966b6a0c4167448acfabe47efbb05ae59d68e977d2db91d001ac116a08
5c860d81-2de1-4953-8a40-c8b009cb43e2	7cae193b-1e3a-44aa-b975-a4c9fc5d14fa	("(""(""""(""""""""(widget)"""""""",widget)"""",id)"",e1ced48e-1c93-4af9-8522-c7d1a31408e5)","(""(""""(widget)"""",widget)"",html)")	\\xe4435ae6748a9d88d0c69197adbaf5006323a1591ef3783884c39a4864a56b6b
5d661062-c642-453e-93b3-cc94e0e925c6	e6439238-1e7a-4689-a33b-e8c49c033e35	("(""(""""(""""""""(endpoint)"""""""",resource)"""",id)"",2923c1fa-4641-4550-b338-888a9135df7c)","(""(""""(endpoint)"""",resource)"",id)")	\\x0dd8fd2db084d3adc9ff3e1a7c9efce463b51228c36eb104ee234ef7ff0d92fe
5dfee153-42af-47d2-9099-84f59af78ec0	e6439238-1e7a-4689-a33b-e8c49c033e35	("(""(""""(""""""""(endpoint)"""""""",resource)"""",id)"",2923c1fa-4641-4550-b338-888a9135df7c)","(""(""""(endpoint)"""",resource)"",path)")	\\x6f79a2d3c8c985123450d6e824aed332d689ce921686b8dd87987f9f78dec1d1
5e4ced9a-981f-4cdb-89a4-d5426da1c587	c6f7d815-0e09-4008-b7ac-fe987e48307d	("(""(""""(""""""""(widget)"""""""",widget)"""",id)"",c9a058d7-816f-4719-9516-515039f4883a)","(""(""""(widget)"""",widget)"",css)")	\\x8178ae6ac6f0182c3b64737dc423133c15dfce730f67e3b303388af3272670df
5fa8447c-526b-4df9-86b0-27683ece0217	64f90dbd-9cb1-4ca7-b9ba-e9db902590c5	("(""(""""(""""""""(endpoint)"""""""",resource)"""",id)"",2923c1fa-4641-4550-b338-888a9135df7c)","(""(""""(endpoint)"""",resource)"",active)")	\\xb5bea41b6c623f7c09f1bf24dcae58ebab3c0cdd90ad966bc43a45b44867e12b
619afbaa-b2cb-43cf-a88f-5219870e3a9c	af7ffbfb-ce85-47a8-91ff-f9a93faf8127	("(""(""""(""""""""(widget)"""""""",widget)"""",id)"",c9a058d7-816f-4719-9516-515039f4883a)","(""(""""(widget)"""",widget)"",id)")	\\x839779136f82e3517c27b1ac56a219b7c7bf47f7be5e43e800f3398b5be1ae35
653c5d4f-0f0d-4e54-bfcd-8ec02b4d3c85	927ed476-0940-4037-b49f-84bcd3d402aa	("(""(""""(""""""""(widget)"""""""",widget)"""",id)"",c9a058d7-816f-4719-9516-515039f4883a)","(""(""""(widget)"""",widget)"",post_js)")	\\x4938388f0c68650a2120ab03dfbf8e39b08edca0d086b3c3fd02e84e501a5fab
6579382e-fada-4a23-89bb-e106a997a2dc	c3a07361-5f35-40c1-8373-58f5a9b70a22	("(""(""""(""""""""(widget)"""""""",widget)"""",id)"",b9ebd6bb-d737-498d-87f3-44791ad147d6)","(""(""""(widget)"""",widget)"",css)")	\\xf5561cfb0a710062a28362c7c8226390176bc4434023b6cd9201a16709b9cfc8
71b91faf-18f1-4812-ab16-8ecf1167008e	ad8f6d2e-b255-4b97-9eed-ce5e95a188b2	("(""(""""(""""""""(widget)"""""""",widget)"""",id)"",b7521e9b-4549-4d7c-9209-1f2e517f80a8)","(""(""""(widget)"""",widget)"",id)")	\\x24906255c400aa70ce67ec95dc46bfc00fccd3750b480c25072321b15eb52153
72ca5dd0-ffe7-45aa-82c2-10edfb62496b	5ab2e9b1-155b-4886-951b-6950336267a0	("(""(""""(""""""""(widget)"""""""",widget)"""",id)"",c9a058d7-816f-4719-9516-515039f4883a)","(""(""""(widget)"""",widget)"",post_js)")	\\x4938388f0c68650a2120ab03dfbf8e39b08edca0d086b3c3fd02e84e501a5fab
75092bd7-bc66-4054-931a-ed20305d1ab5	8e195705-135c-45ea-aead-d7f16a6e3308	("(""(""""(""""""""(widget)"""""""",widget)"""",id)"",b7521e9b-4549-4d7c-9209-1f2e517f80a8)","(""(""""(widget)"""",widget)"",id)")	\\x24906255c400aa70ce67ec95dc46bfc00fccd3750b480c25072321b15eb52153
7630b9d4-514a-4be7-bc2d-6a3157474e47	c6f7d815-0e09-4008-b7ac-fe987e48307d	("(""(""""(""""""""(widget)"""""""",widget)"""",id)"",c9a058d7-816f-4719-9516-515039f4883a)","(""(""""(widget)"""",widget)"",pre_js)")	\\xe4b08665b2511bc86ca7cf1116f4a4df34ec5c7f0a19329e166cd8a00e862382
76f08f3d-4448-45d9-8105-d96de95b6356	8e195705-135c-45ea-aead-d7f16a6e3308	("(""(""""(""""""""(widget)"""""""",widget)"""",id)"",b7521e9b-4549-4d7c-9209-1f2e517f80a8)","(""(""""(widget)"""",widget)"",html)")	\\xf13bbad0d674b460ef96e81f31ed8395ca698bcc32db72a64df47f7e9a0944a9
77bc8385-78d6-47d1-893b-3a6fa0da4210	c3a07361-5f35-40c1-8373-58f5a9b70a22	("(""(""""(""""""""(widget)"""""""",widget)"""",id)"",b9ebd6bb-d737-498d-87f3-44791ad147d6)","(""(""""(widget)"""",widget)"",pre_js)")	\\xe4b08665b2511bc86ca7cf1116f4a4df34ec5c7f0a19329e166cd8a00e862382
79dea850-9710-4cec-a9d8-1a5b9e5876b9	1c3aef9f-ca3a-47be-a690-daa6271f2718	("(""(""""(""""""""(widget)"""""""",widget)"""",id)"",b9ebd6bb-d737-498d-87f3-44791ad147d6)","(""(""""(widget)"""",widget)"",css)")	\\x0ba9b693da6b2dbb83cee744e953ac5cb5f3d2cb93a4a0550b607a7fdcca02c2
7a53d0f5-5d13-43ca-b29e-bfd36d64ca3f	0faccfd0-f646-4e5b-a9c0-66cd625dd34a	("(""(""""(""""""""(widget)"""""""",widget)"""",id)"",d8750749-46ba-411b-8b15-f5e06c845f1c)","(""(""""(widget)"""",widget)"",pre_js)")	\\xe4b08665b2511bc86ca7cf1116f4a4df34ec5c7f0a19329e166cd8a00e862382
7cbdee4f-99a6-497d-9eaa-0aa066ecbf68	c11eed5d-08cb-45d9-a9e8-2685f3151eeb	("(""(""""(""""""""(widget)"""""""",widget)"""",id)"",d8750749-46ba-411b-8b15-f5e06c845f1c)","(""(""""(widget)"""",widget)"",html)")	\\xd7424d569ef1fca0a1585314920dc09a966d2a3d4a37fd9a1baa89260aef6c9c
7df9691e-0085-4944-97af-8b0dfdbb37ff	750550c7-aede-4427-b822-982282e342d9	("(""(""""(""""""""(widget)"""""""",widget)"""",id)"",c9a058d7-816f-4719-9516-515039f4883a)","(""(""""(widget)"""",widget)"",html)")	\\x0319f1fb332d7c9f192d497b5c577e8d9b1f48eb519cae6355da9090ff567de1
8014d031-879a-4d35-adc2-3d97f1f9eb56	354ec3d2-7a86-47d4-a42d-381ffa1ccbfa	("(""(""""(""""""""(widget)"""""""",widget)"""",id)"",e1ced48e-1c93-4af9-8522-c7d1a31408e5)","(""(""""(widget)"""",widget)"",name)")	\\xc3e2d78f3ff335724b4029f06505b511e4f8f01e258828de29849b36b40b55d0
817e30cd-f748-46f3-8da4-44a1396b3d59	ad8f6d2e-b255-4b97-9eed-ce5e95a188b2	("(""(""""(""""""""(widget)"""""""",widget)"""",id)"",b7521e9b-4549-4d7c-9209-1f2e517f80a8)","(""(""""(widget)"""",widget)"",html)")	\\xf13bbad0d674b460ef96e81f31ed8395ca698bcc32db72a64df47f7e9a0944a9
8228117b-4eed-4bcd-8f72-9b138e9c3c79	354ec3d2-7a86-47d4-a42d-381ffa1ccbfa	("(""(""""(""""""""(widget)"""""""",widget)"""",id)"",e1ced48e-1c93-4af9-8522-c7d1a31408e5)","(""(""""(widget)"""",widget)"",css)")	\\x0ba9b693da6b2dbb83cee744e953ac5cb5f3d2cb93a4a0550b607a7fdcca02c2
824733bb-4296-4855-9b76-17ee9b67f496	b805e0b6-d29c-435b-ac42-3635eb2d5e82	("(""(""""(""""""""(endpoint)"""""""",resource)"""",id)"",2923c1fa-4641-4550-b338-888a9135df7c)","(""(""""(endpoint)"""",resource)"",path)")	\\x6f79a2d3c8c985123450d6e824aed332d689ce921686b8dd87987f9f78dec1d1
832ff9ea-dbe7-48cf-9b17-7e82a9553eda	5ab2e9b1-155b-4886-951b-6950336267a0	("(""(""""(""""""""(widget)"""""""",widget)"""",id)"",c9a058d7-816f-4719-9516-515039f4883a)","(""(""""(widget)"""",widget)"",id)")	\\x839779136f82e3517c27b1ac56a219b7c7bf47f7be5e43e800f3398b5be1ae35
858ed97c-8c44-4333-8df5-0f55eb6d291c	9c75e399-cf96-4fe3-be45-4a90fd747b3b	("(""(""""(""""""""(widget)"""""""",widget)"""",id)"",d8750749-46ba-411b-8b15-f5e06c845f1c)","(""(""""(widget)"""",widget)"",html)")	\\x8c4a55cd627616e21a6e7a9190bd7b42b84174d02158f743552517eb08eece48
8829bd95-d893-46a0-a90f-4f55e8e7c8b9	0faccfd0-f646-4e5b-a9c0-66cd625dd34a	("(""(""""(""""""""(widget)"""""""",widget)"""",id)"",d8750749-46ba-411b-8b15-f5e06c845f1c)","(""(""""(widget)"""",widget)"",id)")	\\x94483d966b6a0c4167448acfabe47efbb05ae59d68e977d2db91d001ac116a08
893c2c6c-342b-4024-ab14-6c9ecce6e8f0	c11eed5d-08cb-45d9-a9e8-2685f3151eeb	("(""(""""(""""""""(widget)"""""""",widget)"""",id)"",d8750749-46ba-411b-8b15-f5e06c845f1c)","(""(""""(widget)"""",widget)"",pre_js)")	\\xe4b08665b2511bc86ca7cf1116f4a4df34ec5c7f0a19329e166cd8a00e862382
8976e56b-d1c3-4c03-80cd-fc6b69d9ab3b	c11eed5d-08cb-45d9-a9e8-2685f3151eeb	("(""(""""(""""""""(widget)"""""""",widget)"""",id)"",d8750749-46ba-411b-8b15-f5e06c845f1c)","(""(""""(widget)"""",widget)"",id)")	\\x94483d966b6a0c4167448acfabe47efbb05ae59d68e977d2db91d001ac116a08
8b90e8b0-68e7-4625-ad1e-865e3b7a9efe	7cae193b-1e3a-44aa-b975-a4c9fc5d14fa	("(""(""""(""""""""(widget)"""""""",widget)"""",id)"",e1ced48e-1c93-4af9-8522-c7d1a31408e5)","(""(""""(widget)"""",widget)"",name)")	\\xc3e2d78f3ff335724b4029f06505b511e4f8f01e258828de29849b36b40b55d0
8c222c7d-db6e-4885-af7c-da25b3ac6827	53726bec-327d-4323-a664-bd756fc8d1d1	("(""(""""(""""""""(widget)"""""""",widget)"""",id)"",d8750749-46ba-411b-8b15-f5e06c845f1c)","(""(""""(widget)"""",widget)"",post_js)")	\\x31612fb70a8db42485a4c17a8765d61f044fde6bf0a868fc4c8dd9d31e6ca4cc
8c508814-77c6-4222-8925-ee3698369556	64f90dbd-9cb1-4ca7-b9ba-e9db902590c5	("(""(""""(""""""""(endpoint)"""""""",resource)"""",id)"",2923c1fa-4641-4550-b338-888a9135df7c)","(""(""""(endpoint)"""",resource)"",path)")	\\x6f79a2d3c8c985123450d6e824aed332d689ce921686b8dd87987f9f78dec1d1
8f667fc6-ca2e-41e9-8b02-89ab1e68ce2b	e6439238-1e7a-4689-a33b-e8c49c033e35	("(""(""""(""""""""(endpoint)"""""""",resource)"""",id)"",2923c1fa-4641-4550-b338-888a9135df7c)","(""(""""(endpoint)"""",resource)"",content)")	\\x51c80c394df96d89e95a40b0a0416354788a8bef726957678ac619c80c73ab68
8fdadc31-0be7-4ac6-bcce-ff93351de2cc	67d156d5-6ad7-44af-8f5c-ff8caee59d1d	("(""(""""(""""""""(widget)"""""""",widget)"""",id)"",b9ebd6bb-d737-498d-87f3-44791ad147d6)","(""(""""(widget)"""",widget)"",name)")	\\xbc020a35b7f9cb1382e7b534c68e3c531d849b119bf14f75ddead6cc45c3ccc1
90620446-3a22-448d-86f8-de4f9d648dd7	c11eed5d-08cb-45d9-a9e8-2685f3151eeb	("(""(""""(""""""""(widget)"""""""",widget)"""",id)"",d8750749-46ba-411b-8b15-f5e06c845f1c)","(""(""""(widget)"""",widget)"",post_js)")	\\x080ffad26f829a3705faca863af89a35f851b956c94c4baa76f0b06c03b0a65a
90dbf64d-3b23-473f-8da4-9f4cde7a5373	ad8f6d2e-b255-4b97-9eed-ce5e95a188b2	("(""(""""(""""""""(widget)"""""""",widget)"""",id)"",b7521e9b-4549-4d7c-9209-1f2e517f80a8)","(""(""""(widget)"""",widget)"",name)")	\\xb999f70922c530fe3ced9bd849c67788bc387e3d8bf941a6bfd820c1b47fa1bc
91461868-9364-4a34-8512-2ee26de55958	750550c7-aede-4427-b822-982282e342d9	("(""(""""(""""""""(widget)"""""""",widget)"""",id)"",c9a058d7-816f-4719-9516-515039f4883a)","(""(""""(widget)"""",widget)"",post_js)")	\\x4938388f0c68650a2120ab03dfbf8e39b08edca0d086b3c3fd02e84e501a5fab
915d9cd2-e25a-422b-994a-f32a5206d375	acdfafe3-a74a-435b-953d-58d81aea6c7f	("(""(""""(""""""""(widget)"""""""",widget)"""",id)"",b9ebd6bb-d737-498d-87f3-44791ad147d6)","(""(""""(widget)"""",widget)"",post_js)")	\\x58e7b0d95bb9b9b17da73a30ee752abd8902b5f4eca2f4056d0774d538193a07
9751a4be-4cdb-416d-a387-13ef246450a0	67d156d5-6ad7-44af-8f5c-ff8caee59d1d	("(""(""""(""""""""(widget)"""""""",widget)"""",id)"",b9ebd6bb-d737-498d-87f3-44791ad147d6)","(""(""""(widget)"""",widget)"",pre_js)")	\\xe4b08665b2511bc86ca7cf1116f4a4df34ec5c7f0a19329e166cd8a00e862382
991f082c-bcd1-4e18-b9d3-5926a6ff58bd	f690ccf6-f926-4fd7-93f0-6140f9f97135	("(""(""""(""""""""(widget)"""""""",widget)"""",id)"",b7521e9b-4549-4d7c-9209-1f2e517f80a8)","(""(""""(widget)"""",widget)"",id)")	\\x24906255c400aa70ce67ec95dc46bfc00fccd3750b480c25072321b15eb52153
9afb21bd-5041-4f02-8361-69dbaff9636d	af7ffbfb-ce85-47a8-91ff-f9a93faf8127	("(""(""""(""""""""(widget)"""""""",widget)"""",id)"",c9a058d7-816f-4719-9516-515039f4883a)","(""(""""(widget)"""",widget)"",post_js)")	\\x4938388f0c68650a2120ab03dfbf8e39b08edca0d086b3c3fd02e84e501a5fab
9b018294-1af6-4556-97fa-80fc3bcc1eab	5ab2e9b1-155b-4886-951b-6950336267a0	("(""(""""(""""""""(widget)"""""""",widget)"""",id)"",c9a058d7-816f-4719-9516-515039f4883a)","(""(""""(widget)"""",widget)"",pre_js)")	\\xe4b08665b2511bc86ca7cf1116f4a4df34ec5c7f0a19329e166cd8a00e862382
9b1256a6-a43d-4d92-b718-2b9f91e98fb9	1c3aef9f-ca3a-47be-a690-daa6271f2718	("(""(""""(""""""""(widget)"""""""",widget)"""",id)"",b9ebd6bb-d737-498d-87f3-44791ad147d6)","(""(""""(widget)"""",widget)"",name)")	\\xbc020a35b7f9cb1382e7b534c68e3c531d849b119bf14f75ddead6cc45c3ccc1
9e4d92e3-e601-46c5-a8f9-187edca46a79	9c75e399-cf96-4fe3-be45-4a90fd747b3b	("(""(""""(""""""""(widget)"""""""",widget)"""",id)"",d8750749-46ba-411b-8b15-f5e06c845f1c)","(""(""""(widget)"""",widget)"",pre_js)")	\\xe4b08665b2511bc86ca7cf1116f4a4df34ec5c7f0a19329e166cd8a00e862382
9fedb75d-7e7d-4a93-be23-fdbdaa247f09	927ed476-0940-4037-b49f-84bcd3d402aa	("(""(""""(""""""""(widget)"""""""",widget)"""",id)"",c9a058d7-816f-4719-9516-515039f4883a)","(""(""""(widget)"""",widget)"",html)")	\\x0319f1fb332d7c9f192d497b5c577e8d9b1f48eb519cae6355da9090ff567de1
a010e65c-bf75-48ed-bdaa-eb443cf42a58	3d04ce4d-f49f-4a00-98cc-9bb10ac76327	("(""(""""(""""""""(widget)"""""""",widget)"""",id)"",d8750749-46ba-411b-8b15-f5e06c845f1c)","(""(""""(widget)"""",widget)"",pre_js)")	\\xe4b08665b2511bc86ca7cf1116f4a4df34ec5c7f0a19329e166cd8a00e862382
a08f5cab-6e93-492f-ba15-4fb888b52ed5	3d04ce4d-f49f-4a00-98cc-9bb10ac76327	("(""(""""(""""""""(widget)"""""""",widget)"""",id)"",d8750749-46ba-411b-8b15-f5e06c845f1c)","(""(""""(widget)"""",widget)"",post_js)")	\\xa9c9db433a2ebae74468dbfde36af7f65090c94824f7b53c6be1cd287d245e23
a1651297-f29a-4cfc-b89c-2a9d35d158c2	4d15f8c5-3b98-4ffb-9a72-a2fa629c54e8	("(""(""""(""""""""(endpoint)"""""""",resource)"""",id)"",2923c1fa-4641-4550-b338-888a9135df7c)","(""(""""(endpoint)"""",resource)"",path)")	\\x6f79a2d3c8c985123450d6e824aed332d689ce921686b8dd87987f9f78dec1d1
a1b81a68-d612-4818-bb07-cb58346515be	9c75e399-cf96-4fe3-be45-4a90fd747b3b	("(""(""""(""""""""(widget)"""""""",widget)"""",id)"",d8750749-46ba-411b-8b15-f5e06c845f1c)","(""(""""(widget)"""",widget)"",name)")	\\xb1b1bdb480c61d075300d9bff7d9cb69cf31695ea048e478facadf426e8d0fb0
a294cf2f-9a38-4e23-8620-f51749d4be60	67d156d5-6ad7-44af-8f5c-ff8caee59d1d	("(""(""""(""""""""(widget)"""""""",widget)"""",id)"",b9ebd6bb-d737-498d-87f3-44791ad147d6)","(""(""""(widget)"""",widget)"",html)")	\\x349dc990464bf72ea6f20b74da3bdf7254713f27247b299972b6d841fb2826e7
a2bef338-a6b0-4b13-b777-30ab6aa69720	354ec3d2-7a86-47d4-a42d-381ffa1ccbfa	("(""(""""(""""""""(widget)"""""""",widget)"""",id)"",e1ced48e-1c93-4af9-8522-c7d1a31408e5)","(""(""""(widget)"""",widget)"",pre_js)")	\\xe4b08665b2511bc86ca7cf1116f4a4df34ec5c7f0a19329e166cd8a00e862382
a40e760c-a577-4247-8b88-37a44f8d0d03	c6d8f842-37a2-48b9-82bd-a8e50b5b28b4	("(""(""""(""""""""(widget)"""""""",widget)"""",id)"",e1ced48e-1c93-4af9-8522-c7d1a31408e5)","(""(""""(widget)"""",widget)"",name)")	\\xc3e2d78f3ff335724b4029f06505b511e4f8f01e258828de29849b36b40b55d0
a433ccc1-fdd5-42a1-84cd-c66672c35442	af7ffbfb-ce85-47a8-91ff-f9a93faf8127	("(""(""""(""""""""(widget)"""""""",widget)"""",id)"",c9a058d7-816f-4719-9516-515039f4883a)","(""(""""(widget)"""",widget)"",html)")	\\x0319f1fb332d7c9f192d497b5c577e8d9b1f48eb519cae6355da9090ff567de1
a4a58f53-20a9-4e4c-a165-a9501c51455a	acdfafe3-a74a-435b-953d-58d81aea6c7f	("(""(""""(""""""""(widget)"""""""",widget)"""",id)"",b9ebd6bb-d737-498d-87f3-44791ad147d6)","(""(""""(widget)"""",widget)"",html)")	\\x349dc990464bf72ea6f20b74da3bdf7254713f27247b299972b6d841fb2826e7
a596ee27-8ce9-4958-8b1f-d0e231e2c442	4ade4bc7-4653-4cdb-8212-1a9b6441c165	("(""(""""(""""""""(widget)"""""""",widget)"""",id)"",b7521e9b-4549-4d7c-9209-1f2e517f80a8)","(""(""""(widget)"""",widget)"",css)")	\\x443efbf4b66c17e782678c79e1d3c7a8b2bf81cfbda1b82101a2ced790daf86d
a6155254-3270-4fc9-8540-1e68f19caf24	1c3aef9f-ca3a-47be-a690-daa6271f2718	("(""(""""(""""""""(widget)"""""""",widget)"""",id)"",b9ebd6bb-d737-498d-87f3-44791ad147d6)","(""(""""(widget)"""",widget)"",id)")	\\x09731392a154b538e3d7c0d697b79c34a2202bf7cef01f02a9e627ad642842c4
a6a901ae-769d-41ee-bf37-a14dad45f8a7	623db73f-0662-4a3e-b12f-801672cd9b76	("(""(""""(""""""""(widget)"""""""",widget)"""",id)"",b9ebd6bb-d737-498d-87f3-44791ad147d6)","(""(""""(widget)"""",widget)"",post_js)")	\\x364b09e448e9122afb88076f1ddcf02a1628711a37461b834f3510962871e00f
a8b7c907-6a76-4a05-9401-c522be59b17d	c6d8f842-37a2-48b9-82bd-a8e50b5b28b4	("(""(""""(""""""""(widget)"""""""",widget)"""",id)"",e1ced48e-1c93-4af9-8522-c7d1a31408e5)","(""(""""(widget)"""",widget)"",post_js)")	\\x080ffad26f829a3705faca863af89a35f851b956c94c4baa76f0b06c03b0a65a
aa193a37-ebb1-4d3f-a042-5a590416acb7	2ed751cf-85e4-4c5d-9b59-5f4f23a04ebe	("(""(""""(""""""""(widget)"""""""",widget)"""",id)"",d8750749-46ba-411b-8b15-f5e06c845f1c)","(""(""""(widget)"""",widget)"",id)")	\\x94483d966b6a0c4167448acfabe47efbb05ae59d68e977d2db91d001ac116a08
ab6f1bff-5dff-4c82-87f9-7a6b0bb7ca87	67d156d5-6ad7-44af-8f5c-ff8caee59d1d	("(""(""""(""""""""(widget)"""""""",widget)"""",id)"",b9ebd6bb-d737-498d-87f3-44791ad147d6)","(""(""""(widget)"""",widget)"",id)")	\\x09731392a154b538e3d7c0d697b79c34a2202bf7cef01f02a9e627ad642842c4
ac41673f-267b-4c72-891b-fd8e3e48994d	5fe87f31-b077-4fe8-a07f-3c0a12486f9d	("(""(""""(""""""""(widget)"""""""",widget)"""",id)"",e1ced48e-1c93-4af9-8522-c7d1a31408e5)","(""(""""(widget)"""",widget)"",post_js)")	\\x080ffad26f829a3705faca863af89a35f851b956c94c4baa76f0b06c03b0a65a
acbe69aa-4691-44fa-b199-7e5e0d4ca53d	af7ffbfb-ce85-47a8-91ff-f9a93faf8127	("(""(""""(""""""""(widget)"""""""",widget)"""",id)"",c9a058d7-816f-4719-9516-515039f4883a)","(""(""""(widget)"""",widget)"",pre_js)")	\\xe4b08665b2511bc86ca7cf1116f4a4df34ec5c7f0a19329e166cd8a00e862382
ad796cfd-2aff-4c38-ba76-c1a01d6d8f1f	c3a07361-5f35-40c1-8373-58f5a9b70a22	("(""(""""(""""""""(widget)"""""""",widget)"""",id)"",b9ebd6bb-d737-498d-87f3-44791ad147d6)","(""(""""(widget)"""",widget)"",id)")	\\x09731392a154b538e3d7c0d697b79c34a2202bf7cef01f02a9e627ad642842c4
ae74f440-1ba8-40bf-9410-708c235e25fe	354ec3d2-7a86-47d4-a42d-381ffa1ccbfa	("(""(""""(""""""""(widget)"""""""",widget)"""",id)"",e1ced48e-1c93-4af9-8522-c7d1a31408e5)","(""(""""(widget)"""",widget)"",post_js)")	\\x31612fb70a8db42485a4c17a8765d61f044fde6bf0a868fc4c8dd9d31e6ca4cc
aec95f12-812b-4524-95b0-b1c944169243	8f5616b4-3a50-4fa9-997f-096a4c974c0e	("(""(""""(""""""""(widget)"""""""",widget)"""",id)"",b7521e9b-4549-4d7c-9209-1f2e517f80a8)","(""(""""(widget)"""",widget)"",pre_js)")	\\xe4b08665b2511bc86ca7cf1116f4a4df34ec5c7f0a19329e166cd8a00e862382
af01803d-2dc3-4228-9813-381aa6a3387f	a48db387-d9be-40a5-915d-57cbfbd5d52a	("(""(""""(""""""""(widget)"""""""",widget)"""",id)"",b7521e9b-4549-4d7c-9209-1f2e517f80a8)","(""(""""(widget)"""",widget)"",name)")	\\xb999f70922c530fe3ced9bd849c67788bc387e3d8bf941a6bfd820c1b47fa1bc
b13d3b6a-d75b-4964-acb0-79b82bb43d1c	f690ccf6-f926-4fd7-93f0-6140f9f97135	("(""(""""(""""""""(widget)"""""""",widget)"""",id)"",b7521e9b-4549-4d7c-9209-1f2e517f80a8)","(""(""""(widget)"""",widget)"",post_js)")	\\x60cbfa0d431886c14bbe3285aa3412c11baa998c0f7232b878c205c37a401ce6
b214a46f-c9d3-458c-959a-e551ea227dee	0faccfd0-f646-4e5b-a9c0-66cd625dd34a	("(""(""""(""""""""(widget)"""""""",widget)"""",id)"",d8750749-46ba-411b-8b15-f5e06c845f1c)","(""(""""(widget)"""",widget)"",css)")	\\x5e411a1d7d1b25fca9378775c4b0bb9085555466cc20ee2584bc97d624a252c0
b34e0536-ee50-4a45-b4da-65142674b5c5	669df04f-d642-4c6a-ac58-c678ebe80906	("(""(""""(""""""""(widget)"""""""",widget)"""",id)"",e1ced48e-1c93-4af9-8522-c7d1a31408e5)","(""(""""(widget)"""",widget)"",html)")	\\xe4435ae6748a9d88d0c69197adbaf5006323a1591ef3783884c39a4864a56b6b
b3c74d37-a858-45f2-8f4e-a9dcbb20c07c	5ab2e9b1-155b-4886-951b-6950336267a0	("(""(""""(""""""""(widget)"""""""",widget)"""",id)"",c9a058d7-816f-4719-9516-515039f4883a)","(""(""""(widget)"""",widget)"",css)")	\\x8178ae6ac6f0182c3b64737dc423133c15dfce730f67e3b303388af3272670df
b4d8fb0c-e800-4eac-b410-53f32ab09781	623db73f-0662-4a3e-b12f-801672cd9b76	("(""(""""(""""""""(widget)"""""""",widget)"""",id)"",b9ebd6bb-d737-498d-87f3-44791ad147d6)","(""(""""(widget)"""",widget)"",id)")	\\x09731392a154b538e3d7c0d697b79c34a2202bf7cef01f02a9e627ad642842c4
b621f972-b8ed-4bf9-9768-800e00521010	c6d8f842-37a2-48b9-82bd-a8e50b5b28b4	("(""(""""(""""""""(widget)"""""""",widget)"""",id)"",e1ced48e-1c93-4af9-8522-c7d1a31408e5)","(""(""""(widget)"""",widget)"",id)")	\\x4edaedda78d8053b29df26a82c943e476d352d5db7fd21770212b2b08370dbaf
b672df37-0191-40da-a299-2893d42de427	1c3aef9f-ca3a-47be-a690-daa6271f2718	("(""(""""(""""""""(widget)"""""""",widget)"""",id)"",b9ebd6bb-d737-498d-87f3-44791ad147d6)","(""(""""(widget)"""",widget)"",pre_js)")	\\xe4b08665b2511bc86ca7cf1116f4a4df34ec5c7f0a19329e166cd8a00e862382
b9f56cf4-c7f9-4e2f-83a4-82638ab95bb0	8f5616b4-3a50-4fa9-997f-096a4c974c0e	("(""(""""(""""""""(widget)"""""""",widget)"""",id)"",b7521e9b-4549-4d7c-9209-1f2e517f80a8)","(""(""""(widget)"""",widget)"",html)")	\\xf13bbad0d674b460ef96e81f31ed8395ca698bcc32db72a64df47f7e9a0944a9
ba5e20b0-ee00-4d35-8935-3a469c66f578	2ed751cf-85e4-4c5d-9b59-5f4f23a04ebe	("(""(""""(""""""""(widget)"""""""",widget)"""",id)"",d8750749-46ba-411b-8b15-f5e06c845f1c)","(""(""""(widget)"""",widget)"",css)")	\\x0ba9b693da6b2dbb83cee744e953ac5cb5f3d2cb93a4a0550b607a7fdcca02c2
ba61ed15-1d43-4c7b-aa4a-8c4f37e1fff0	53726bec-327d-4323-a664-bd756fc8d1d1	("(""(""""(""""""""(widget)"""""""",widget)"""",id)"",d8750749-46ba-411b-8b15-f5e06c845f1c)","(""(""""(widget)"""",widget)"",pre_js)")	\\xe4b08665b2511bc86ca7cf1116f4a4df34ec5c7f0a19329e166cd8a00e862382
bb817e65-ad31-4ed6-837d-05dd2af75925	0faccfd0-f646-4e5b-a9c0-66cd625dd34a	("(""(""""(""""""""(widget)"""""""",widget)"""",id)"",d8750749-46ba-411b-8b15-f5e06c845f1c)","(""(""""(widget)"""",widget)"",name)")	\\xb1b1bdb480c61d075300d9bff7d9cb69cf31695ea048e478facadf426e8d0fb0
bc0deee1-35f2-4dcf-a9fd-01963dce30a7	78bfe971-4500-4914-98ad-4930927f42e3	("(""(""""(""""""""(widget)"""""""",widget)"""",id)"",b9ebd6bb-d737-498d-87f3-44791ad147d6)","(""(""""(widget)"""",widget)"",html)")	\\x349dc990464bf72ea6f20b74da3bdf7254713f27247b299972b6d841fb2826e7
bdbdb403-8e49-40ae-b893-803617ad40cb	64f90dbd-9cb1-4ca7-b9ba-e9db902590c5	("(""(""""(""""""""(endpoint)"""""""",resource)"""",id)"",2923c1fa-4641-4550-b338-888a9135df7c)","(""(""""(endpoint)"""",resource)"",mimetype_id)")	\\xdd2741e2734916143a6dbf1d1939cbc04396f10356faf54aba282066cec41b5f
bfd57765-0e27-449d-8471-8f843538590d	927ed476-0940-4037-b49f-84bcd3d402aa	("(""(""""(""""""""(widget)"""""""",widget)"""",id)"",c9a058d7-816f-4719-9516-515039f4883a)","(""(""""(widget)"""",widget)"",id)")	\\x839779136f82e3517c27b1ac56a219b7c7bf47f7be5e43e800f3398b5be1ae35
c0a3098d-25aa-48d0-9f98-b51ed58b8d4f	2ed751cf-85e4-4c5d-9b59-5f4f23a04ebe	("(""(""""(""""""""(widget)"""""""",widget)"""",id)"",d8750749-46ba-411b-8b15-f5e06c845f1c)","(""(""""(widget)"""",widget)"",html)")	\\xd7424d569ef1fca0a1585314920dc09a966d2a3d4a37fd9a1baa89260aef6c9c
c3c38660-d3f5-4c4c-844e-a7458529ae0d	53726bec-327d-4323-a664-bd756fc8d1d1	("(""(""""(""""""""(widget)"""""""",widget)"""",id)"",d8750749-46ba-411b-8b15-f5e06c845f1c)","(""(""""(widget)"""",widget)"",name)")	\\xb1b1bdb480c61d075300d9bff7d9cb69cf31695ea048e478facadf426e8d0fb0
c52bc2a0-9387-44f6-9ac1-6255b5541938	ad8f6d2e-b255-4b97-9eed-ce5e95a188b2	("(""(""""(""""""""(widget)"""""""",widget)"""",id)"",b7521e9b-4549-4d7c-9209-1f2e517f80a8)","(""(""""(widget)"""",widget)"",pre_js)")	\\xe4b08665b2511bc86ca7cf1116f4a4df34ec5c7f0a19329e166cd8a00e862382
c6091809-c658-4d89-ac41-1d47f3e72278	8f5616b4-3a50-4fa9-997f-096a4c974c0e	("(""(""""(""""""""(widget)"""""""",widget)"""",id)"",b7521e9b-4549-4d7c-9209-1f2e517f80a8)","(""(""""(widget)"""",widget)"",css)")	\\x443efbf4b66c17e782678c79e1d3c7a8b2bf81cfbda1b82101a2ced790daf86d
c64edbe4-144a-4f7d-b846-4d2ba5b05395	5fe87f31-b077-4fe8-a07f-3c0a12486f9d	("(""(""""(""""""""(widget)"""""""",widget)"""",id)"",e1ced48e-1c93-4af9-8522-c7d1a31408e5)","(""(""""(widget)"""",widget)"",pre_js)")	\\xe4b08665b2511bc86ca7cf1116f4a4df34ec5c7f0a19329e166cd8a00e862382
c9b3c77a-8944-493b-9194-567554649143	5ab2e9b1-155b-4886-951b-6950336267a0	("(""(""""(""""""""(widget)"""""""",widget)"""",id)"",c9a058d7-816f-4719-9516-515039f4883a)","(""(""""(widget)"""",widget)"",html)")	\\x0319f1fb332d7c9f192d497b5c577e8d9b1f48eb519cae6355da9090ff567de1
cc936e04-16b1-4aaa-8e45-6b48a8c3fe37	669df04f-d642-4c6a-ac58-c678ebe80906	("(""(""""(""""""""(widget)"""""""",widget)"""",id)"",e1ced48e-1c93-4af9-8522-c7d1a31408e5)","(""(""""(widget)"""",widget)"",pre_js)")	\\xe4b08665b2511bc86ca7cf1116f4a4df34ec5c7f0a19329e166cd8a00e862382
cde83c99-84ff-4017-b70e-0d4495c8810d	750550c7-aede-4427-b822-982282e342d9	("(""(""""(""""""""(widget)"""""""",widget)"""",id)"",c9a058d7-816f-4719-9516-515039f4883a)","(""(""""(widget)"""",widget)"",css)")	\\x8178ae6ac6f0182c3b64737dc423133c15dfce730f67e3b303388af3272670df
d0ac219d-fa60-46cf-be12-1f92cf51d55c	9c75e399-cf96-4fe3-be45-4a90fd747b3b	("(""(""""(""""""""(widget)"""""""",widget)"""",id)"",d8750749-46ba-411b-8b15-f5e06c845f1c)","(""(""""(widget)"""",widget)"",post_js)")	\\x080ffad26f829a3705faca863af89a35f851b956c94c4baa76f0b06c03b0a65a
d1207168-e47e-4bfe-ae91-405c435d930c	acdfafe3-a74a-435b-953d-58d81aea6c7f	("(""(""""(""""""""(widget)"""""""",widget)"""",id)"",b9ebd6bb-d737-498d-87f3-44791ad147d6)","(""(""""(widget)"""",widget)"",id)")	\\x09731392a154b538e3d7c0d697b79c34a2202bf7cef01f02a9e627ad642842c4
d155c6b2-fb0a-4029-bfdc-3a67a903e7d3	7cae193b-1e3a-44aa-b975-a4c9fc5d14fa	("(""(""""(""""""""(widget)"""""""",widget)"""",id)"",e1ced48e-1c93-4af9-8522-c7d1a31408e5)","(""(""""(widget)"""",widget)"",css)")	\\x0ba9b693da6b2dbb83cee744e953ac5cb5f3d2cb93a4a0550b607a7fdcca02c2
d2451be6-91e0-4f00-af5e-d2a8282152be	b805e0b6-d29c-435b-ac42-3635eb2d5e82	("(""(""""(""""""""(endpoint)"""""""",resource)"""",id)"",2923c1fa-4641-4550-b338-888a9135df7c)","(""(""""(endpoint)"""",resource)"",content)")	\\x51c80c394df96d89e95a40b0a0416354788a8bef726957678ac619c80c73ab68
d372439f-efe7-4195-b8fb-b887f0ad5798	c6d8f842-37a2-48b9-82bd-a8e50b5b28b4	("(""(""""(""""""""(widget)"""""""",widget)"""",id)"",e1ced48e-1c93-4af9-8522-c7d1a31408e5)","(""(""""(widget)"""",widget)"",css)")	\\x0ba9b693da6b2dbb83cee744e953ac5cb5f3d2cb93a4a0550b607a7fdcca02c2
d62b934e-ceba-44fc-bed8-e2ff23ae46bb	f690ccf6-f926-4fd7-93f0-6140f9f97135	("(""(""""(""""""""(widget)"""""""",widget)"""",id)"",b7521e9b-4549-4d7c-9209-1f2e517f80a8)","(""(""""(widget)"""",widget)"",html)")	\\xf13bbad0d674b460ef96e81f31ed8395ca698bcc32db72a64df47f7e9a0944a9
d9ecde7b-81c5-4eee-b47d-644043f5bd1e	c11eed5d-08cb-45d9-a9e8-2685f3151eeb	("(""(""""(""""""""(widget)"""""""",widget)"""",id)"",d8750749-46ba-411b-8b15-f5e06c845f1c)","(""(""""(widget)"""",widget)"",css)")	\\x0ba9b693da6b2dbb83cee744e953ac5cb5f3d2cb93a4a0550b607a7fdcca02c2
dc5b233e-393b-44aa-9861-6d44c4731a66	8e195705-135c-45ea-aead-d7f16a6e3308	("(""(""""(""""""""(widget)"""""""",widget)"""",id)"",b7521e9b-4549-4d7c-9209-1f2e517f80a8)","(""(""""(widget)"""",widget)"",css)")	\\x443efbf4b66c17e782678c79e1d3c7a8b2bf81cfbda1b82101a2ced790daf86d
dd8e0b9e-7fc3-4ddc-92cf-53ae9a805da4	3d04ce4d-f49f-4a00-98cc-9bb10ac76327	("(""(""""(""""""""(widget)"""""""",widget)"""",id)"",d8750749-46ba-411b-8b15-f5e06c845f1c)","(""(""""(widget)"""",widget)"",html)")	\\x8c4a55cd627616e21a6e7a9190bd7b42b84174d02158f743552517eb08eece48
e512907e-9610-45fa-aef8-75e0763207f2	669df04f-d642-4c6a-ac58-c678ebe80906	("(""(""""(""""""""(widget)"""""""",widget)"""",id)"",e1ced48e-1c93-4af9-8522-c7d1a31408e5)","(""(""""(widget)"""",widget)"",id)")	\\x4edaedda78d8053b29df26a82c943e476d352d5db7fd21770212b2b08370dbaf
e5614a12-0047-4980-91ea-1ad3ccbc0e35	78bfe971-4500-4914-98ad-4930927f42e3	("(""(""""(""""""""(widget)"""""""",widget)"""",id)"",b9ebd6bb-d737-498d-87f3-44791ad147d6)","(""(""""(widget)"""",widget)"",id)")	\\x09731392a154b538e3d7c0d697b79c34a2202bf7cef01f02a9e627ad642842c4
e6adf46a-a43d-4aa9-9ba7-f94d801d961a	c6f7d815-0e09-4008-b7ac-fe987e48307d	("(""(""""(""""""""(widget)"""""""",widget)"""",id)"",c9a058d7-816f-4719-9516-515039f4883a)","(""(""""(widget)"""",widget)"",post_js)")	\\x4938388f0c68650a2120ab03dfbf8e39b08edca0d086b3c3fd02e84e501a5fab
e897b513-4206-43f8-8511-df7877d7f5ce	5fe87f31-b077-4fe8-a07f-3c0a12486f9d	("(""(""""(""""""""(widget)"""""""",widget)"""",id)"",e1ced48e-1c93-4af9-8522-c7d1a31408e5)","(""(""""(widget)"""",widget)"",name)")	\\xc3e2d78f3ff335724b4029f06505b511e4f8f01e258828de29849b36b40b55d0
e8fb307c-d7fd-41a9-a9e8-3900844f36aa	8f5616b4-3a50-4fa9-997f-096a4c974c0e	("(""(""""(""""""""(widget)"""""""",widget)"""",id)"",b7521e9b-4549-4d7c-9209-1f2e517f80a8)","(""(""""(widget)"""",widget)"",post_js)")	\\xa91c3e0f94effd5475e3ea826a58a96da57bbdea39965d9f35b36338738fb1b6
ec61a0c6-a0ce-462c-b252-5c7b3e35576c	e6439238-1e7a-4689-a33b-e8c49c033e35	("(""(""""(""""""""(endpoint)"""""""",resource)"""",id)"",2923c1fa-4641-4550-b338-888a9135df7c)","(""(""""(endpoint)"""",resource)"",active)")	\\xb5bea41b6c623f7c09f1bf24dcae58ebab3c0cdd90ad966bc43a45b44867e12b
ef69c89a-154d-489a-851f-20ab43f4fea4	78bfe971-4500-4914-98ad-4930927f42e3	("(""(""""(""""""""(widget)"""""""",widget)"""",id)"",b9ebd6bb-d737-498d-87f3-44791ad147d6)","(""(""""(widget)"""",widget)"",css)")	\\xf5561cfb0a710062a28362c7c8226390176bc4434023b6cd9201a16709b9cfc8
f1c3aef9-3f55-4bdd-a51c-aedbcfc05f06	a48db387-d9be-40a5-915d-57cbfbd5d52a	("(""(""""(""""""""(widget)"""""""",widget)"""",id)"",b7521e9b-4549-4d7c-9209-1f2e517f80a8)","(""(""""(widget)"""",widget)"",pre_js)")	\\xe4b08665b2511bc86ca7cf1116f4a4df34ec5c7f0a19329e166cd8a00e862382
f278d169-3834-4b9f-9119-b33ea477b8cf	4d15f8c5-3b98-4ffb-9a72-a2fa629c54e8	("(""(""""(""""""""(endpoint)"""""""",resource)"""",id)"",2923c1fa-4641-4550-b338-888a9135df7c)","(""(""""(endpoint)"""",resource)"",content)")	\\x51c80c394df96d89e95a40b0a0416354788a8bef726957678ac619c80c73ab68
f496f4c3-b054-47e0-ab09-fff9c72516a3	acdfafe3-a74a-435b-953d-58d81aea6c7f	("(""(""""(""""""""(widget)"""""""",widget)"""",id)"",b9ebd6bb-d737-498d-87f3-44791ad147d6)","(""(""""(widget)"""",widget)"",pre_js)")	\\xe4b08665b2511bc86ca7cf1116f4a4df34ec5c7f0a19329e166cd8a00e862382
f5c211da-cfc2-4a92-9f64-54485a0d3ccc	4d15f8c5-3b98-4ffb-9a72-a2fa629c54e8	("(""(""""(""""""""(endpoint)"""""""",resource)"""",id)"",2923c1fa-4641-4550-b338-888a9135df7c)","(""(""""(endpoint)"""",resource)"",id)")	\\x0dd8fd2db084d3adc9ff3e1a7c9efce463b51228c36eb104ee234ef7ff0d92fe
f833efbb-4d65-4ca2-a477-98b724418704	c6d8f842-37a2-48b9-82bd-a8e50b5b28b4	("(""(""""(""""""""(widget)"""""""",widget)"""",id)"",e1ced48e-1c93-4af9-8522-c7d1a31408e5)","(""(""""(widget)"""",widget)"",pre_js)")	\\xe4b08665b2511bc86ca7cf1116f4a4df34ec5c7f0a19329e166cd8a00e862382
fb24056d-a97c-4730-82ca-79ac9fbcb12a	750550c7-aede-4427-b822-982282e342d9	("(""(""""(""""""""(widget)"""""""",widget)"""",id)"",c9a058d7-816f-4719-9516-515039f4883a)","(""(""""(widget)"""",widget)"",pre_js)")	\\xe4b08665b2511bc86ca7cf1116f4a4df34ec5c7f0a19329e166cd8a00e862382
fca38ff9-f906-45bb-98e6-6bc227cda561	8e195705-135c-45ea-aead-d7f16a6e3308	("(""(""""(""""""""(widget)"""""""",widget)"""",id)"",b7521e9b-4549-4d7c-9209-1f2e517f80a8)","(""(""""(widget)"""",widget)"",post_js)")	\\xa91c3e0f94effd5475e3ea826a58a96da57bbdea39965d9f35b36338738fb1b6
fcab8619-319d-4b96-8146-2eba024cd6a2	1c3aef9f-ca3a-47be-a690-daa6271f2718	("(""(""""(""""""""(widget)"""""""",widget)"""",id)"",b9ebd6bb-d737-498d-87f3-44791ad147d6)","(""(""""(widget)"""",widget)"",post_js)")	\\x3a622d21e56ec86f5912c459a508af62c0af43395858b86cc974e60344481cb8
