025389b6-7dd4-4711-aa67-c47c77337dcc	e41a4765-90ca-4501-ac7d-a26de1cec7e1	("(""(""""(""""""""(widget)"""""""",widget)"""",id)"",8fdc7862-2dba-4e9a-b973-47fe4d293c6b)","(""(""""(widget)"""",widget)"",common_js)")	\\xe3b0c44298fc1c149afbf4c8996fb92427ae41e4649b934ca495991b7852b855
05e7f0a4-b637-4a09-9c16-e1a53c466bd3	d0d845ee-2e90-4812-84e0-980518f735b7	("(""(""""(""""""""(widget)"""""""",widget)"""",id)"",67f905b7-9d6f-40b0-bd4c-a644d4faa4ec)","(""(""""(widget)"""",widget)"",id)")	\\xcd57204c6a780a175a2f7eacc5a0a438673071f08287633a96e7196f3597b139
061c1206-ce05-44b1-805a-8e60a499f4c4	3f387f63-1666-4af1-9c36-b1ff6906da39	("(""(""""(""""""""(widget)"""""""",widget)"""",id)"",0e14ed65-0792-4c7e-803c-2e870fb65d04)","(""(""""(widget)"""",widget)"",help)")	\N
068c41b8-6c69-4772-afc6-227e78ab1489	99f589fd-ba46-4142-9d3c-7db49a85214c	("(""(""""(""""""""(widget)"""""""",widget)"""",id)"",ebb21bca-47bc-4d54-a3a8-81d3d362f73a)","(""(""""(widget)"""",widget)"",server_js)")	\\xe3b0c44298fc1c149afbf4c8996fb92427ae41e4649b934ca495991b7852b855
074885ca-b75e-4809-b062-515577f821b6	f09ba4c0-c1ce-4f14-a565-5f6468bef82f	("(""(""""(""""""""(endpoint)"""""""",resource)"""",id)"",385fb542-b0ed-4802-8eda-938ae7068ed4)","(""(""""(endpoint)"""",resource)"",content)")	\\xe8ea95712bf5e78b8c4b163d4ce3e059a9522b988a2337552071d3e011a93872
07da3d2e-addc-4c5f-ac39-fa45733b5e31	f585603d-248a-4f36-92c9-a4a8a9492fd2	("(""(""""(""""""""(widget)"""""""",widget)"""",id)"",8fdc7862-2dba-4e9a-b973-47fe4d293c6b)","(""(""""(widget)"""",widget)"",name)")	\\x40a55c8eae30c72616632afbca6f218d6f5b1b9a59697dff7d435a03fe1b6cb0
0b3b0497-6b2d-43a1-83da-b5544d46214b	6adf235a-f94f-44e8-979f-cde3f0446098	("(""(""""(""""""""(widget)"""""""",widget)"""",id)"",bce2ca97-053f-48e4-8551-d6f03cd03ea4)","(""(""""(widget)"""",widget)"",common_js)")	\\xe3b0c44298fc1c149afbf4c8996fb92427ae41e4649b934ca495991b7852b855
0c0e31ce-48b4-42dc-8b8f-9b9a41a9fc80	3433c4fd-dd7f-47f1-9096-27ae9b93b8b5	("(""(""""(""""""""(widget)"""""""",widget)"""",id)"",f5f69879-360a-4915-983e-27440629f431)","(""(""""(widget)"""",widget)"",id)")	\\x77beadf9e07d7c4df13447b0e83f0ffb565b5e77fd433fbd7f68d966a97f5600
0c36068b-9030-459d-831a-e7d4d3912c66	0219609e-e8c9-4d78-a988-9a2661bfc10a	("(""(""""(""""""""(widget)"""""""",widget)"""",id)"",0e14ed65-0792-4c7e-803c-2e870fb65d04)","(""(""""(widget)"""",widget)"",common_js)")	\\xe3b0c44298fc1c149afbf4c8996fb92427ae41e4649b934ca495991b7852b855
0c6dda64-f310-4c52-8595-321edca4c089	b4971556-3159-4efe-a2cb-d7f7e2445f15	("(""(""""(""""""""(widget)"""""""",widget)"""",id)"",f5f69879-360a-4915-983e-27440629f431)","(""(""""(widget)"""",widget)"",common_js)")	\\xe3b0c44298fc1c149afbf4c8996fb92427ae41e4649b934ca495991b7852b855
0ca0e1e1-4ecd-4b6a-bc6f-95c121ce9179	72279ca2-d8b2-4397-9aaa-dd094a126016	("(""(""""(""""""""(widget)"""""""",widget)"""",id)"",ba62b0bf-fd7f-4b75-b129-4ae7ae97523a)","(""(""""(widget)"""",widget)"",post_js)")	\\x4938388f0c68650a2120ab03dfbf8e39b08edca0d086b3c3fd02e84e501a5fab
0ec8956c-e88a-4785-8d0b-5f3704bf98cb	cbf60f56-2fb0-42fa-9c8c-fa9793cfcbee	("(""(""""(""""""""(widget)"""""""",widget)"""",id)"",0990a23b-e5ca-480b-87d7-8234a15d6ad6)","(""(""""(widget)"""",widget)"",name)")	\\x0d6e4079e36703ebd37c00722f5891d28b0e2811dc114b129215123adcce3605
0f785bf3-a8ce-4a62-b691-89764a80e487	ab0cebd0-d342-4f11-8347-f1d789b73882	("(""(""""(""""""""(widget)"""""""",widget)"""",id)"",5adb74b2-8c13-4877-8f3f-0e24d0ff1865)","(""(""""(widget)"""",widget)"",post_js)")	\\xbdbd247aacd7732659ada37b4448b6d10eea6f24646057cab1752ce311dc6298
10612611-5f6a-4d51-be08-c712e47caeba	1eae8caf-bdf9-4969-8ce1-157ff0ab0972	("(""(""""(""""""""(widget)"""""""",widget)"""",id)"",8fdc7862-2dba-4e9a-b973-47fe4d293c6b)","(""(""""(widget)"""",widget)"",css)")	\\x8a743fd87439d8e6a2e25dabc299bfb56d795584216efe7ceb06c8b5db072e43
10bf8c5d-99f6-41c2-b4e6-9f28777cd831	814d1d92-2283-424c-966e-fc55f26b7e9d	("(""(""""(""""""""(widget)"""""""",widget)"""",id)"",67f905b7-9d6f-40b0-bd4c-a644d4faa4ec)","(""(""""(widget)"""",widget)"",css)")	\\x0ba9b693da6b2dbb83cee744e953ac5cb5f3d2cb93a4a0550b607a7fdcca02c2
1230827f-b738-4ead-9c93-562bfbced3d1	349c6390-edf5-4f50-8438-6e7d0109e127	("(""(""""(""""""""(widget)"""""""",widget)"""",id)"",5adb74b2-8c13-4877-8f3f-0e24d0ff1865)","(""(""""(widget)"""",widget)"",html)")	\\x70afa6a2086946acf677b6be9f252e065d8505dc672be2452595d16ee46d7988
128de970-2544-4076-b60e-6aa93705e851	e41a4765-90ca-4501-ac7d-a26de1cec7e1	("(""(""""(""""""""(widget)"""""""",widget)"""",id)"",8fdc7862-2dba-4e9a-b973-47fe4d293c6b)","(""(""""(widget)"""",widget)"",post_js)")	\\x69ed642adbb6ae1457fe172cc7e8ba40805b2c9ffdd72f1ddd28516286d01db2
1505c9ea-6ff5-4043-aba5-ebf18655d1b9	cd3749db-53a1-4218-a176-93413ed481f2	("(""(""""(""""""""(documentation)"""""""",bundle_doc)"""",id)"",1632be68-2fa4-40d4-887b-177cb372d35b)","(""(""""(documentation)"""",bundle_doc)"",id)")	\\xb0512e7661e1d14a8213e01e99c2a9ee40e49f72603902f46dd67a4b8d881c6e
15db27ec-bcf5-41ac-87fd-b818e2fe38fd	1eae8caf-bdf9-4969-8ce1-157ff0ab0972	("(""(""""(""""""""(widget)"""""""",widget)"""",id)"",8fdc7862-2dba-4e9a-b973-47fe4d293c6b)","(""(""""(widget)"""",widget)"",common_js)")	\\xe3b0c44298fc1c149afbf4c8996fb92427ae41e4649b934ca495991b7852b855
15fc4d74-4d19-47fb-9e50-46a8fbc0d1ab	349c6390-edf5-4f50-8438-6e7d0109e127	("(""(""""(""""""""(widget)"""""""",widget)"""",id)"",5adb74b2-8c13-4877-8f3f-0e24d0ff1865)","(""(""""(widget)"""",widget)"",pre_js)")	\\xe4b08665b2511bc86ca7cf1116f4a4df34ec5c7f0a19329e166cd8a00e862382
1627ac23-9ec0-43d9-936c-06a361bbb8e7	191259cb-ebfa-448a-b68c-70762d25dcc9	("(""(""""(""""""""(widget)"""""""",widget)"""",id)"",ebb21bca-47bc-4d54-a3a8-81d3d362f73a)","(""(""""(widget)"""",widget)"",html)")	\\x0d7395247c62ef7c9cc439c311368916bcfad5955216e568b1d40d466d5c43cc
167748d9-b08d-408a-83eb-84adc375da64	e2f35fe4-5974-4713-9cc2-5df18a853832	("(""(""""(""""""""(widget)"""""""",widget)"""",id)"",bce2ca97-053f-48e4-8551-d6f03cd03ea4)","(""(""""(widget)"""",widget)"",id)")	\\xe6958b6d199ed9ffcc3ef2101b517208ff7c23351c391001092c757a799953a0
16f6a158-666f-4cbd-99c2-2e8aa86604d5	b4971556-3159-4efe-a2cb-d7f7e2445f15	("(""(""""(""""""""(widget)"""""""",widget)"""",id)"",f5f69879-360a-4915-983e-27440629f431)","(""(""""(widget)"""",widget)"",css)")	\\xfa5e311c339e04b67a42c01fd2041decb118b1f93d98865566e5756ff7b30d6b
19bff779-2d6d-4353-8dea-a8eebe0aafb3	0422a479-25c0-4b72-ba47-d9b41d186fd5	("(""(""""(""""""""(widget)"""""""",widget)"""",id)"",ba62b0bf-fd7f-4b75-b129-4ae7ae97523a)","(""(""""(widget)"""",widget)"",common_js)")	\\xe3b0c44298fc1c149afbf4c8996fb92427ae41e4649b934ca495991b7852b855
1a1073bc-e938-4724-88a1-0131d2eccaa5	0422a479-25c0-4b72-ba47-d9b41d186fd5	("(""(""""(""""""""(widget)"""""""",widget)"""",id)"",ba62b0bf-fd7f-4b75-b129-4ae7ae97523a)","(""(""""(widget)"""",widget)"",name)")	\\x532654f34aa745f4189f03e83e52843001a2ab37282b9e5d0310717ae37770f7
1a8bd734-0fec-4df0-bdfa-57c0bc0e6719	6b19991a-d09e-488e-83eb-e981b212e1b6	("(""(""""(""""""""(widget)"""""""",widget)"""",id)"",67f905b7-9d6f-40b0-bd4c-a644d4faa4ec)","(""(""""(widget)"""",widget)"",css)")	\\x0ba9b693da6b2dbb83cee744e953ac5cb5f3d2cb93a4a0550b607a7fdcca02c2
1c97b5fb-c5b6-41ac-8326-2c9dd266a238	59d7dff0-c05c-4ea6-ac7e-5cc1f9b3630f	("(""(""""(""""""""(widget)"""""""",widget)"""",id)"",f5f69879-360a-4915-983e-27440629f431)","(""(""""(widget)"""",widget)"",css)")	\\xe55479deca8fae016a12f5a6f480bff69bd5939a5be7f44796b903e4ba7d89e7
1da2f88b-707c-491a-819d-832b3739f90e	6adf235a-f94f-44e8-979f-cde3f0446098	("(""(""""(""""""""(widget)"""""""",widget)"""",id)"",bce2ca97-053f-48e4-8551-d6f03cd03ea4)","(""(""""(widget)"""",widget)"",css)")	\\xdc80a79714795da2576be11722e24cd5156631acb145ade55480622593b18b52
1dcafdc0-57c2-4069-b381-2ab934a9922d	99f589fd-ba46-4142-9d3c-7db49a85214c	("(""(""""(""""""""(widget)"""""""",widget)"""",id)"",ebb21bca-47bc-4d54-a3a8-81d3d362f73a)","(""(""""(widget)"""",widget)"",name)")	\\xc0bd433e4e19e3e6e6b8fcf2bb4c957a077adfcb6485232c7110f49788000a13
1debaa19-06a9-4ee1-b450-78e6ace22fbc	527c3184-62af-42ce-9d9d-5456ed8d4adc	("(""(""""(""""""""(documentation)"""""""",bundle_doc)"""",id)"",1632be68-2fa4-40d4-887b-177cb372d35b)","(""(""""(documentation)"""",bundle_doc)"",id)")	\\xb0512e7661e1d14a8213e01e99c2a9ee40e49f72603902f46dd67a4b8d881c6e
1f02e453-69e7-4000-874f-c8f3d78fcb0f	d88a53df-432e-4631-90f3-948920ca0bf5	("(""(""""(""""""""(documentation)"""""""",bundle_doc)"""",id)"",1632be68-2fa4-40d4-887b-177cb372d35b)","(""(""""(documentation)"""",bundle_doc)"",content)")	\\xa19b006cb652ef0934bcfadd814857e262781822e1170ef2c79a45e22ba7fe5e
203ecc50-8b7d-4e93-8d7a-3821398a5027	6adf235a-f94f-44e8-979f-cde3f0446098	("(""(""""(""""""""(widget)"""""""",widget)"""",id)"",bce2ca97-053f-48e4-8551-d6f03cd03ea4)","(""(""""(widget)"""",widget)"",html)")	\\xe5499febf1aeeecf03594f3a27d8e1d3d8e8d6d8468ae532da8a9b6f13a7987a
20ad8a00-1a3e-4cf6-bacd-bb0c27167e87	59d7dff0-c05c-4ea6-ac7e-5cc1f9b3630f	("(""(""""(""""""""(widget)"""""""",widget)"""",id)"",f5f69879-360a-4915-983e-27440629f431)","(""(""""(widget)"""",widget)"",server_js)")	\\xe3b0c44298fc1c149afbf4c8996fb92427ae41e4649b934ca495991b7852b855
23cb9c85-7db1-482f-adee-a9b299618614	ab0cebd0-d342-4f11-8347-f1d789b73882	("(""(""""(""""""""(widget)"""""""",widget)"""",id)"",5adb74b2-8c13-4877-8f3f-0e24d0ff1865)","(""(""""(widget)"""",widget)"",id)")	\\x569e2034b6b4420225e93ac611ff908336b22eb9df83a289753e56cf3d46a9e6
240082e5-3c50-4161-ae0b-a073e1468e9e	cbf60f56-2fb0-42fa-9c8c-fa9793cfcbee	("(""(""""(""""""""(widget)"""""""",widget)"""",id)"",0990a23b-e5ca-480b-87d7-8234a15d6ad6)","(""(""""(widget)"""",widget)"",help)")	\N
246c63f4-f826-4ce5-b1c4-ab5792ec349b	72279ca2-d8b2-4397-9aaa-dd094a126016	("(""(""""(""""""""(widget)"""""""",widget)"""",id)"",ba62b0bf-fd7f-4b75-b129-4ae7ae97523a)","(""(""""(widget)"""",widget)"",pre_js)")	\\xe4b08665b2511bc86ca7cf1116f4a4df34ec5c7f0a19329e166cd8a00e862382
24f27a0e-350a-4224-a929-beb2ee115025	59d7dff0-c05c-4ea6-ac7e-5cc1f9b3630f	("(""(""""(""""""""(widget)"""""""",widget)"""",id)"",f5f69879-360a-4915-983e-27440629f431)","(""(""""(widget)"""",widget)"",post_js)")	\\xa95033e027db23f73617c0a7231072b10b3b81ce427f2aab26329eaae12022a0
26a1b6fc-a203-45e2-8c46-ad23914fcab0	f09ba4c0-c1ce-4f14-a565-5f6468bef82f	("(""(""""(""""""""(endpoint)"""""""",resource)"""",id)"",385fb542-b0ed-4802-8eda-938ae7068ed4)","(""(""""(endpoint)"""",resource)"",id)")	\\xd0f1756ddc3ffa1a73c98c2aa3561bc7ae899baa3d5273a0996ab567af191702
26c9ddd1-1666-4486-9d5e-9e21120cf755	6b19991a-d09e-488e-83eb-e981b212e1b6	("(""(""""(""""""""(widget)"""""""",widget)"""",id)"",67f905b7-9d6f-40b0-bd4c-a644d4faa4ec)","(""(""""(widget)"""",widget)"",html)")	\\xa8ae5aa90a94d908fc7ab35b18702a301e9378f83386f49d4b1dc63c0502a34f
28707a54-04c4-4fef-8d35-85966f3c668b	99f589fd-ba46-4142-9d3c-7db49a85214c	("(""(""""(""""""""(widget)"""""""",widget)"""",id)"",ebb21bca-47bc-4d54-a3a8-81d3d362f73a)","(""(""""(widget)"""",widget)"",html)")	\\x0d7395247c62ef7c9cc439c311368916bcfad5955216e568b1d40d466d5c43cc
2d9632d6-3ea1-4aab-9e32-444611efb74c	e0cd2034-9be6-44ba-8144-f2eff9de58e5	("(""(""""(""""""""(widget)"""""""",widget)"""",id)"",bce2ca97-053f-48e4-8551-d6f03cd03ea4)","(""(""""(widget)"""",widget)"",name)")	\\xcae662172fd450bb0cd710a769079c05bfc5d8e35efa6576edc7d0377afdd4a2
2f296621-0947-4b40-aa94-c6d758cc101d	527c3184-62af-42ce-9d9d-5456ed8d4adc	("(""(""""(""""""""(documentation)"""""""",bundle_doc)"""",id)"",1632be68-2fa4-40d4-887b-177cb372d35b)","(""(""""(documentation)"""",bundle_doc)"",title)")	\\xe3b0c44298fc1c149afbf4c8996fb92427ae41e4649b934ca495991b7852b855
2f9ecdba-34c8-468d-be7b-bedc44cd30e7	59d7dff0-c05c-4ea6-ac7e-5cc1f9b3630f	("(""(""""(""""""""(widget)"""""""",widget)"""",id)"",f5f69879-360a-4915-983e-27440629f431)","(""(""""(widget)"""",widget)"",common_js)")	\\xe3b0c44298fc1c149afbf4c8996fb92427ae41e4649b934ca495991b7852b855
31f3c6b8-f436-4af7-8d4a-e89795a8c13a	e0cd2034-9be6-44ba-8144-f2eff9de58e5	("(""(""""(""""""""(widget)"""""""",widget)"""",id)"",bce2ca97-053f-48e4-8551-d6f03cd03ea4)","(""(""""(widget)"""",widget)"",common_js)")	\\xe3b0c44298fc1c149afbf4c8996fb92427ae41e4649b934ca495991b7852b855
33e48d87-298a-45cc-a42e-8f12b6fbe674	6b19991a-d09e-488e-83eb-e981b212e1b6	("(""(""""(""""""""(widget)"""""""",widget)"""",id)"",67f905b7-9d6f-40b0-bd4c-a644d4faa4ec)","(""(""""(widget)"""",widget)"",pre_js)")	\\xe4b08665b2511bc86ca7cf1116f4a4df34ec5c7f0a19329e166cd8a00e862382
3628bc77-f824-4f11-b06c-de1edee89ee2	6b19991a-d09e-488e-83eb-e981b212e1b6	("(""(""""(""""""""(widget)"""""""",widget)"""",id)"",67f905b7-9d6f-40b0-bd4c-a644d4faa4ec)","(""(""""(widget)"""",widget)"",help)")	\N
384710a4-b6d6-45b4-9b35-f239d2de7bd0	e41a4765-90ca-4501-ac7d-a26de1cec7e1	("(""(""""(""""""""(widget)"""""""",widget)"""",id)"",8fdc7862-2dba-4e9a-b973-47fe4d293c6b)","(""(""""(widget)"""",widget)"",id)")	\\xd6219b7f18e0d510a965e60307774f65a41d92b456a429ac513fa34b7bc7c918
387db196-8a6d-4e60-b752-a31e59cae180	f585603d-248a-4f36-92c9-a4a8a9492fd2	("(""(""""(""""""""(widget)"""""""",widget)"""",id)"",8fdc7862-2dba-4e9a-b973-47fe4d293c6b)","(""(""""(widget)"""",widget)"",help)")	\N
3914b67c-a4bd-462c-920b-0ea0df713dea	6b19991a-d09e-488e-83eb-e981b212e1b6	("(""(""""(""""""""(widget)"""""""",widget)"""",id)"",67f905b7-9d6f-40b0-bd4c-a644d4faa4ec)","(""(""""(widget)"""",widget)"",common_js)")	\\xe3b0c44298fc1c149afbf4c8996fb92427ae41e4649b934ca495991b7852b855
39c183a3-8c4d-4a81-bdec-4a130db56a96	72279ca2-d8b2-4397-9aaa-dd094a126016	("(""(""""(""""""""(widget)"""""""",widget)"""",id)"",ba62b0bf-fd7f-4b75-b129-4ae7ae97523a)","(""(""""(widget)"""",widget)"",css)")	\\x0ba9b693da6b2dbb83cee744e953ac5cb5f3d2cb93a4a0550b607a7fdcca02c2
39ea1b0d-13da-4b77-9315-cd1a548dfee3	a23cb90e-52b0-45fb-ac7c-543527e240ee	("(""(""""(""""""""(endpoint)"""""""",resource)"""",id)"",385fb542-b0ed-4802-8eda-938ae7068ed4)","(""(""""(endpoint)"""",resource)"",content)")	\\xe8ea95712bf5e78b8c4b163d4ce3e059a9522b988a2337552071d3e011a93872
3ac6604d-3a29-47bd-914d-def7a0b8e741	f7364bda-e99a-4e5b-aba1-a9c7e2aae7c8	("(""(""""(""""""""(widget)"""""""",widget)"""",id)"",0990a23b-e5ca-480b-87d7-8234a15d6ad6)","(""(""""(widget)"""",widget)"",pre_js)")	\\xe4b08665b2511bc86ca7cf1116f4a4df34ec5c7f0a19329e166cd8a00e862382
3b83471c-0992-41da-9c2f-d4114f92d097	b67877b7-8c05-447d-9cc2-2f1656096d87	("(""(""""(""""""""(endpoint)"""""""",resource)"""",id)"",385fb542-b0ed-4802-8eda-938ae7068ed4)","(""(""""(endpoint)"""",resource)"",mimetype_id)")	\\xdd2741e2734916143a6dbf1d1939cbc04396f10356faf54aba282066cec41b5f
3bae3eb7-f16f-4733-b483-794c54e47e3f	814d1d92-2283-424c-966e-fc55f26b7e9d	("(""(""""(""""""""(widget)"""""""",widget)"""",id)"",67f905b7-9d6f-40b0-bd4c-a644d4faa4ec)","(""(""""(widget)"""",widget)"",id)")	\\xcd57204c6a780a175a2f7eacc5a0a438673071f08287633a96e7196f3597b139
3c1b1795-1b80-4f0d-aab6-9373e013c4a3	59d7dff0-c05c-4ea6-ac7e-5cc1f9b3630f	("(""(""""(""""""""(widget)"""""""",widget)"""",id)"",f5f69879-360a-4915-983e-27440629f431)","(""(""""(widget)"""",widget)"",html)")	\\x971415941ceddd645c8447e2b6fa57ba09a4dd6323c0980cab8cc93777e6de7b
3ce7a3a3-a8f1-49a0-9d40-5bf31c873604	0422a479-25c0-4b72-ba47-d9b41d186fd5	("(""(""""(""""""""(widget)"""""""",widget)"""",id)"",ba62b0bf-fd7f-4b75-b129-4ae7ae97523a)","(""(""""(widget)"""",widget)"",help)")	\N
3d35e673-5582-49ff-a0e0-3cfe665ed439	3433c4fd-dd7f-47f1-9096-27ae9b93b8b5	("(""(""""(""""""""(widget)"""""""",widget)"""",id)"",f5f69879-360a-4915-983e-27440629f431)","(""(""""(widget)"""",widget)"",common_js)")	\\xe3b0c44298fc1c149afbf4c8996fb92427ae41e4649b934ca495991b7852b855
3e0d5a04-1bcf-418c-8aa4-9c0f2c629119	cd3749db-53a1-4218-a176-93413ed481f2	("(""(""""(""""""""(documentation)"""""""",bundle_doc)"""",id)"",1632be68-2fa4-40d4-887b-177cb372d35b)","(""(""""(documentation)"""",bundle_doc)"",content)")	\\xa19b006cb652ef0934bcfadd814857e262781822e1170ef2c79a45e22ba7fe5e
4162ffc2-e361-4645-b81f-042f381e91fd	3433c4fd-dd7f-47f1-9096-27ae9b93b8b5	("(""(""""(""""""""(widget)"""""""",widget)"""",id)"",f5f69879-360a-4915-983e-27440629f431)","(""(""""(widget)"""",widget)"",html)")	\\x971415941ceddd645c8447e2b6fa57ba09a4dd6323c0980cab8cc93777e6de7b
42dba768-c192-4b49-bfb5-123ea478d602	72279ca2-d8b2-4397-9aaa-dd094a126016	("(""(""""(""""""""(widget)"""""""",widget)"""",id)"",ba62b0bf-fd7f-4b75-b129-4ae7ae97523a)","(""(""""(widget)"""",widget)"",html)")	\\xb6d0ef4875e96df9727451504df6fb901e23e1470a747e15776d73079430df02
43a6036c-ab87-4897-94a0-f0260feff6af	e2f35fe4-5974-4713-9cc2-5df18a853832	("(""(""""(""""""""(widget)"""""""",widget)"""",id)"",bce2ca97-053f-48e4-8551-d6f03cd03ea4)","(""(""""(widget)"""",widget)"",post_js)")	\\x4938388f0c68650a2120ab03dfbf8e39b08edca0d086b3c3fd02e84e501a5fab
461e96a2-2f15-46dc-8f90-1f5a62037f9a	3f387f63-1666-4af1-9c36-b1ff6906da39	("(""(""""(""""""""(widget)"""""""",widget)"""",id)"",0e14ed65-0792-4c7e-803c-2e870fb65d04)","(""(""""(widget)"""",widget)"",name)")	\\xe2a2881b4f2c35c5b2bcbf386107385feec0b71610043ac7ddfe51d38100e3dd
478e086f-d471-477d-9d74-90559955615d	e0cd2034-9be6-44ba-8144-f2eff9de58e5	("(""(""""(""""""""(widget)"""""""",widget)"""",id)"",bce2ca97-053f-48e4-8551-d6f03cd03ea4)","(""(""""(widget)"""",widget)"",help)")	\N
48717261-7139-4ef0-92d1-c31b10df045b	99f589fd-ba46-4142-9d3c-7db49a85214c	("(""(""""(""""""""(widget)"""""""",widget)"""",id)"",ebb21bca-47bc-4d54-a3a8-81d3d362f73a)","(""(""""(widget)"""",widget)"",id)")	\\x85a9efe66bfa83aaf1603171346048b3108ff5aae2242918288b04f494fb7fad
49d4acf6-b1df-4399-9039-508d2b4deee9	b4971556-3159-4efe-a2cb-d7f7e2445f15	("(""(""""(""""""""(widget)"""""""",widget)"""",id)"",f5f69879-360a-4915-983e-27440629f431)","(""(""""(widget)"""",widget)"",help)")	\N
4a366964-914b-4048-b837-334bd309835f	191259cb-ebfa-448a-b68c-70762d25dcc9	("(""(""""(""""""""(widget)"""""""",widget)"""",id)"",ebb21bca-47bc-4d54-a3a8-81d3d362f73a)","(""(""""(widget)"""",widget)"",pre_js)")	\\xe4b08665b2511bc86ca7cf1116f4a4df34ec5c7f0a19329e166cd8a00e862382
4a4691e9-c64b-4df0-86d4-a5745f3cbc05	6b19991a-d09e-488e-83eb-e981b212e1b6	("(""(""""(""""""""(widget)"""""""",widget)"""",id)"",67f905b7-9d6f-40b0-bd4c-a644d4faa4ec)","(""(""""(widget)"""",widget)"",id)")	\\xcd57204c6a780a175a2f7eacc5a0a438673071f08287633a96e7196f3597b139
4a53a410-90e4-4085-9869-9b8e85cf9161	814d1d92-2283-424c-966e-fc55f26b7e9d	("(""(""""(""""""""(widget)"""""""",widget)"""",id)"",67f905b7-9d6f-40b0-bd4c-a644d4faa4ec)","(""(""""(widget)"""",widget)"",help)")	\N
4c6047c6-4924-42a9-97b0-c9b38a01149c	b4971556-3159-4efe-a2cb-d7f7e2445f15	("(""(""""(""""""""(widget)"""""""",widget)"""",id)"",f5f69879-360a-4915-983e-27440629f431)","(""(""""(widget)"""",widget)"",post_js)")	\\xe7b7663f38521f28414a5956823418e1a2c75ffb7930ee69489f4369ada6753e
4cba142c-501a-48ff-a013-98bd1e853db1	6adf235a-f94f-44e8-979f-cde3f0446098	("(""(""""(""""""""(widget)"""""""",widget)"""",id)"",bce2ca97-053f-48e4-8551-d6f03cd03ea4)","(""(""""(widget)"""",widget)"",pre_js)")	\\xe4b08665b2511bc86ca7cf1116f4a4df34ec5c7f0a19329e166cd8a00e862382
4e106472-618d-4d6a-8acc-afb85de2b28e	ab0cebd0-d342-4f11-8347-f1d789b73882	("(""(""""(""""""""(widget)"""""""",widget)"""",id)"",5adb74b2-8c13-4877-8f3f-0e24d0ff1865)","(""(""""(widget)"""",widget)"",name)")	\\xd0f6c74f8ddef4fc02791d2b5263576b657fa098a7ad9154d4a130845cde3a8a
4e4433ca-1b17-4a1d-97e1-f035a9ebd644	e2f35fe4-5974-4713-9cc2-5df18a853832	("(""(""""(""""""""(widget)"""""""",widget)"""",id)"",bce2ca97-053f-48e4-8551-d6f03cd03ea4)","(""(""""(widget)"""",widget)"",server_js)")	\\xe3b0c44298fc1c149afbf4c8996fb92427ae41e4649b934ca495991b7852b855
50c08bea-2278-4b18-a3aa-298df9ebc839	0422a479-25c0-4b72-ba47-d9b41d186fd5	("(""(""""(""""""""(widget)"""""""",widget)"""",id)"",ba62b0bf-fd7f-4b75-b129-4ae7ae97523a)","(""(""""(widget)"""",widget)"",pre_js)")	\\xe4b08665b2511bc86ca7cf1116f4a4df34ec5c7f0a19329e166cd8a00e862382
5305b74f-01a1-4a7d-a830-8b1b9bc9a82c	39c83c77-dc94-455d-9e52-097aa446608c	("(""(""""(""""""""(widget)"""""""",widget)"""",id)"",0990a23b-e5ca-480b-87d7-8234a15d6ad6)","(""(""""(widget)"""",widget)"",common_js)")	\\xe3b0c44298fc1c149afbf4c8996fb92427ae41e4649b934ca495991b7852b855
5388f375-a6a2-4c67-b0f7-fc04fa1353be	a23cb90e-52b0-45fb-ac7c-543527e240ee	("(""(""""(""""""""(endpoint)"""""""",resource)"""",id)"",385fb542-b0ed-4802-8eda-938ae7068ed4)","(""(""""(endpoint)"""",resource)"",mimetype_id)")	\\xdd2741e2734916143a6dbf1d1939cbc04396f10356faf54aba282066cec41b5f
53ee95a9-a6a2-48ae-bd8d-9a3c8edfcfc1	d0d845ee-2e90-4812-84e0-980518f735b7	("(""(""""(""""""""(widget)"""""""",widget)"""",id)"",67f905b7-9d6f-40b0-bd4c-a644d4faa4ec)","(""(""""(widget)"""",widget)"",common_js)")	\\xe3b0c44298fc1c149afbf4c8996fb92427ae41e4649b934ca495991b7852b855
5453505a-9cda-4c54-a377-bd0043334dba	1eae8caf-bdf9-4969-8ce1-157ff0ab0972	("(""(""""(""""""""(widget)"""""""",widget)"""",id)"",8fdc7862-2dba-4e9a-b973-47fe4d293c6b)","(""(""""(widget)"""",widget)"",name)")	\\xadc70374847c2af95df10ad37ef8e743abb423996e2f68b8cb86fca7dc923ab4
55ddd52f-8046-4580-ad39-8e944b8bbd5b	e41a4765-90ca-4501-ac7d-a26de1cec7e1	("(""(""""(""""""""(widget)"""""""",widget)"""",id)"",8fdc7862-2dba-4e9a-b973-47fe4d293c6b)","(""(""""(widget)"""",widget)"",pre_js)")	\\xe4b08665b2511bc86ca7cf1116f4a4df34ec5c7f0a19329e166cd8a00e862382
5617e6c1-f545-4c21-8e94-4888ce1fc6f7	cbf60f56-2fb0-42fa-9c8c-fa9793cfcbee	("(""(""""(""""""""(widget)"""""""",widget)"""",id)"",0990a23b-e5ca-480b-87d7-8234a15d6ad6)","(""(""""(widget)"""",widget)"",css)")	\\x0ba9b693da6b2dbb83cee744e953ac5cb5f3d2cb93a4a0550b607a7fdcca02c2
58962f3a-a5f4-4ce0-bd89-c1fc777cdde4	191259cb-ebfa-448a-b68c-70762d25dcc9	("(""(""""(""""""""(widget)"""""""",widget)"""",id)"",ebb21bca-47bc-4d54-a3a8-81d3d362f73a)","(""(""""(widget)"""",widget)"",help)")	\N
5931977d-6e57-4237-8f48-51c72c20958b	99f589fd-ba46-4142-9d3c-7db49a85214c	("(""(""""(""""""""(widget)"""""""",widget)"""",id)"",ebb21bca-47bc-4d54-a3a8-81d3d362f73a)","(""(""""(widget)"""",widget)"",common_js)")	\\xe3b0c44298fc1c149afbf4c8996fb92427ae41e4649b934ca495991b7852b855
5a12fded-f1b8-44c1-b6c0-dbca2d3fc6c8	b4971556-3159-4efe-a2cb-d7f7e2445f15	("(""(""""(""""""""(widget)"""""""",widget)"""",id)"",f5f69879-360a-4915-983e-27440629f431)","(""(""""(widget)"""",widget)"",name)")	\\x8fb6d5f37e8055ce720bd0b1d56587f88c0071f285966ba17e72b2b12672aa73
5c8eb615-367f-49da-bafe-f2d45a5de656	3f387f63-1666-4af1-9c36-b1ff6906da39	("(""(""""(""""""""(widget)"""""""",widget)"""",id)"",0e14ed65-0792-4c7e-803c-2e870fb65d04)","(""(""""(widget)"""",widget)"",post_js)")	\\x20af0663ffaf114b890285d986d5f5d1d138a73fac8404f7b7eea6e42db50c87
5c966b8b-1c22-447f-b251-63d01b73d4d1	f585603d-248a-4f36-92c9-a4a8a9492fd2	("(""(""""(""""""""(widget)"""""""",widget)"""",id)"",8fdc7862-2dba-4e9a-b973-47fe4d293c6b)","(""(""""(widget)"""",widget)"",server_js)")	\\xe3b0c44298fc1c149afbf4c8996fb92427ae41e4649b934ca495991b7852b855
5ce4623f-92c2-485e-9a63-645e5dc95b28	814d1d92-2283-424c-966e-fc55f26b7e9d	("(""(""""(""""""""(widget)"""""""",widget)"""",id)"",67f905b7-9d6f-40b0-bd4c-a644d4faa4ec)","(""(""""(widget)"""",widget)"",pre_js)")	\\xe4b08665b2511bc86ca7cf1116f4a4df34ec5c7f0a19329e166cd8a00e862382
5f8aa6a6-2692-4870-924d-78871b599da5	d0d845ee-2e90-4812-84e0-980518f735b7	("(""(""""(""""""""(widget)"""""""",widget)"""",id)"",67f905b7-9d6f-40b0-bd4c-a644d4faa4ec)","(""(""""(widget)"""",widget)"",help)")	\N
5fd10eb0-2553-4565-b437-977cf85a9b51	e0cd2034-9be6-44ba-8144-f2eff9de58e5	("(""(""""(""""""""(widget)"""""""",widget)"""",id)"",bce2ca97-053f-48e4-8551-d6f03cd03ea4)","(""(""""(widget)"""",widget)"",css)")	\\xdc80a79714795da2576be11722e24cd5156631acb145ade55480622593b18b52
61c9f186-b0c0-4a68-9149-57c2f2101084	1eae8caf-bdf9-4969-8ce1-157ff0ab0972	("(""(""""(""""""""(widget)"""""""",widget)"""",id)"",8fdc7862-2dba-4e9a-b973-47fe4d293c6b)","(""(""""(widget)"""",widget)"",server_js)")	\\xe3b0c44298fc1c149afbf4c8996fb92427ae41e4649b934ca495991b7852b855
64a4f673-415c-4800-90df-98cce259700c	1eae8caf-bdf9-4969-8ce1-157ff0ab0972	("(""(""""(""""""""(widget)"""""""",widget)"""",id)"",8fdc7862-2dba-4e9a-b973-47fe4d293c6b)","(""(""""(widget)"""",widget)"",post_js)")	\\xf3b6d40271b1a12ef3699ab40a2fd5f4e0b491f72bbd4ab756e2b53c6eb3055d
6543f316-97df-4407-9b8f-f5cc69ac78f5	cd3749db-53a1-4218-a176-93413ed481f2	("(""(""""(""""""""(documentation)"""""""",bundle_doc)"""",id)"",1632be68-2fa4-40d4-887b-177cb372d35b)","(""(""""(documentation)"""",bundle_doc)"",bundle_id)")	\\x1e4e30d01eb0b451ae83d738fabf22cea8da91a6ab096fab8dbc16f6588e673c
66a3e099-813b-45b8-85df-59477825df6d	814d1d92-2283-424c-966e-fc55f26b7e9d	("(""(""""(""""""""(widget)"""""""",widget)"""",id)"",67f905b7-9d6f-40b0-bd4c-a644d4faa4ec)","(""(""""(widget)"""",widget)"",server_js)")	\\xe3b0c44298fc1c149afbf4c8996fb92427ae41e4649b934ca495991b7852b855
677d2f5c-4bae-4cea-8489-490f2dac8149	99f589fd-ba46-4142-9d3c-7db49a85214c	("(""(""""(""""""""(widget)"""""""",widget)"""",id)"",ebb21bca-47bc-4d54-a3a8-81d3d362f73a)","(""(""""(widget)"""",widget)"",pre_js)")	\\xe4b08665b2511bc86ca7cf1116f4a4df34ec5c7f0a19329e166cd8a00e862382
6788da11-006f-46fc-bae8-ede60fde6221	f09ba4c0-c1ce-4f14-a565-5f6468bef82f	("(""(""""(""""""""(endpoint)"""""""",resource)"""",id)"",385fb542-b0ed-4802-8eda-938ae7068ed4)","(""(""""(endpoint)"""",resource)"",path)")	\\x347a1e2537cc7aea90a4938443f967a544ea0e3f60fdc4cb45c3347a3df94bc9
67ef3c53-234b-4dc3-a6c6-322d3bd4df08	72279ca2-d8b2-4397-9aaa-dd094a126016	("(""(""""(""""""""(widget)"""""""",widget)"""",id)"",ba62b0bf-fd7f-4b75-b129-4ae7ae97523a)","(""(""""(widget)"""",widget)"",common_js)")	\\xe3b0c44298fc1c149afbf4c8996fb92427ae41e4649b934ca495991b7852b855
6a4e9790-8155-4ae0-8d56-6939896579c4	e0cd2034-9be6-44ba-8144-f2eff9de58e5	("(""(""""(""""""""(widget)"""""""",widget)"""",id)"",bce2ca97-053f-48e4-8551-d6f03cd03ea4)","(""(""""(widget)"""",widget)"",html)")	\\xf920a0219b891f0cf9249635bead6206a8ee18d972a5291d4fb6ea878857139d
6cf74b96-fc53-4691-bedf-497160d1ec72	814d1d92-2283-424c-966e-fc55f26b7e9d	("(""(""""(""""""""(widget)"""""""",widget)"""",id)"",67f905b7-9d6f-40b0-bd4c-a644d4faa4ec)","(""(""""(widget)"""",widget)"",html)")	\\xf68918e0a15b4ab037a6e52d9a10ac02cfb01326f4d871ba0f9994ac66da3da4
6db69e3f-1e45-4e15-8299-1da37fe3c2e6	39c83c77-dc94-455d-9e52-097aa446608c	("(""(""""(""""""""(widget)"""""""",widget)"""",id)"",0990a23b-e5ca-480b-87d7-8234a15d6ad6)","(""(""""(widget)"""",widget)"",post_js)")	\\x4938388f0c68650a2120ab03dfbf8e39b08edca0d086b3c3fd02e84e501a5fab
6f87f90c-d295-403f-b770-b8a51274dd34	d0d845ee-2e90-4812-84e0-980518f735b7	("(""(""""(""""""""(widget)"""""""",widget)"""",id)"",67f905b7-9d6f-40b0-bd4c-a644d4faa4ec)","(""(""""(widget)"""",widget)"",post_js)")	\\x4938388f0c68650a2120ab03dfbf8e39b08edca0d086b3c3fd02e84e501a5fab
729eccbe-e90e-4880-bca5-f59b2bbf94c7	d0d845ee-2e90-4812-84e0-980518f735b7	("(""(""""(""""""""(widget)"""""""",widget)"""",id)"",67f905b7-9d6f-40b0-bd4c-a644d4faa4ec)","(""(""""(widget)"""",widget)"",html)")	\\xf68918e0a15b4ab037a6e52d9a10ac02cfb01326f4d871ba0f9994ac66da3da4
72cc15d0-80ff-4a83-aa03-8fb464184787	a23cb90e-52b0-45fb-ac7c-543527e240ee	("(""(""""(""""""""(endpoint)"""""""",resource)"""",id)"",385fb542-b0ed-4802-8eda-938ae7068ed4)","(""(""""(endpoint)"""",resource)"",id)")	\\xd0f1756ddc3ffa1a73c98c2aa3561bc7ae899baa3d5273a0996ab567af191702
73308ab5-fe06-4b83-ab9b-6d1df89c852d	0219609e-e8c9-4d78-a988-9a2661bfc10a	("(""(""""(""""""""(widget)"""""""",widget)"""",id)"",0e14ed65-0792-4c7e-803c-2e870fb65d04)","(""(""""(widget)"""",widget)"",post_js)")	\\x20af0663ffaf114b890285d986d5f5d1d138a73fac8404f7b7eea6e42db50c87
7355def5-79ee-4b95-888b-1905ff23602e	191259cb-ebfa-448a-b68c-70762d25dcc9	("(""(""""(""""""""(widget)"""""""",widget)"""",id)"",ebb21bca-47bc-4d54-a3a8-81d3d362f73a)","(""(""""(widget)"""",widget)"",post_js)")	\\x5cf2c9608674a858232efa6283a05e911aec572a98afddc78fd22e68a7d1eff5
736baa17-4fc1-4336-9782-ed55a04095a3	ab0cebd0-d342-4f11-8347-f1d789b73882	("(""(""""(""""""""(widget)"""""""",widget)"""",id)"",5adb74b2-8c13-4877-8f3f-0e24d0ff1865)","(""(""""(widget)"""",widget)"",pre_js)")	\\xe4b08665b2511bc86ca7cf1116f4a4df34ec5c7f0a19329e166cd8a00e862382
74a9c9ac-7893-4166-b565-054768199023	cbf60f56-2fb0-42fa-9c8c-fa9793cfcbee	("(""(""""(""""""""(widget)"""""""",widget)"""",id)"",0990a23b-e5ca-480b-87d7-8234a15d6ad6)","(""(""""(widget)"""",widget)"",server_js)")	\\xe3b0c44298fc1c149afbf4c8996fb92427ae41e4649b934ca495991b7852b855
75cc3f65-1133-4a03-8915-95479f40c346	59d7dff0-c05c-4ea6-ac7e-5cc1f9b3630f	("(""(""""(""""""""(widget)"""""""",widget)"""",id)"",f5f69879-360a-4915-983e-27440629f431)","(""(""""(widget)"""",widget)"",name)")	\\x8fb6d5f37e8055ce720bd0b1d56587f88c0071f285966ba17e72b2b12672aa73
778f7ef7-0972-4671-ab65-948afbaa6cc8	b4971556-3159-4efe-a2cb-d7f7e2445f15	("(""(""""(""""""""(widget)"""""""",widget)"""",id)"",f5f69879-360a-4915-983e-27440629f431)","(""(""""(widget)"""",widget)"",server_js)")	\\xe3b0c44298fc1c149afbf4c8996fb92427ae41e4649b934ca495991b7852b855
78da2a91-7f1c-4f1b-bd10-f31d457e4c57	ab0cebd0-d342-4f11-8347-f1d789b73882	("(""(""""(""""""""(widget)"""""""",widget)"""",id)"",5adb74b2-8c13-4877-8f3f-0e24d0ff1865)","(""(""""(widget)"""",widget)"",html)")	\\x70afa6a2086946acf677b6be9f252e065d8505dc672be2452595d16ee46d7988
79059cbf-8b17-40ff-bafc-7c2ffbca5b44	f09ba4c0-c1ce-4f14-a565-5f6468bef82f	("(""(""""(""""""""(endpoint)"""""""",resource)"""",id)"",385fb542-b0ed-4802-8eda-938ae7068ed4)","(""(""""(endpoint)"""",resource)"",active)")	\\xb5bea41b6c623f7c09f1bf24dcae58ebab3c0cdd90ad966bc43a45b44867e12b
7a5df73c-5301-43b8-85b2-83ee15fbfc8e	f7364bda-e99a-4e5b-aba1-a9c7e2aae7c8	("(""(""""(""""""""(widget)"""""""",widget)"""",id)"",0990a23b-e5ca-480b-87d7-8234a15d6ad6)","(""(""""(widget)"""",widget)"",post_js)")	\\x4938388f0c68650a2120ab03dfbf8e39b08edca0d086b3c3fd02e84e501a5fab
7b296176-beb9-4f3e-97b6-8a06bc00b7df	cbf60f56-2fb0-42fa-9c8c-fa9793cfcbee	("(""(""""(""""""""(widget)"""""""",widget)"""",id)"",0990a23b-e5ca-480b-87d7-8234a15d6ad6)","(""(""""(widget)"""",widget)"",post_js)")	\\x4938388f0c68650a2120ab03dfbf8e39b08edca0d086b3c3fd02e84e501a5fab
7bc0e601-6ec4-4b6b-8f3b-171febcf7d85	f7364bda-e99a-4e5b-aba1-a9c7e2aae7c8	("(""(""""(""""""""(widget)"""""""",widget)"""",id)"",0990a23b-e5ca-480b-87d7-8234a15d6ad6)","(""(""""(widget)"""",widget)"",name)")	\\x0d6e4079e36703ebd37c00722f5891d28b0e2811dc114b129215123adcce3605
7bfdc521-bc57-4c53-b1d3-654f0ae920bb	6b19991a-d09e-488e-83eb-e981b212e1b6	("(""(""""(""""""""(widget)"""""""",widget)"""",id)"",67f905b7-9d6f-40b0-bd4c-a644d4faa4ec)","(""(""""(widget)"""",widget)"",post_js)")	\\x4938388f0c68650a2120ab03dfbf8e39b08edca0d086b3c3fd02e84e501a5fab
7c463a2a-ed32-4a95-9bb7-abc422d47bd0	cd3749db-53a1-4218-a176-93413ed481f2	("(""(""""(""""""""(documentation)"""""""",bundle_doc)"""",id)"",1632be68-2fa4-40d4-887b-177cb372d35b)","(""(""""(documentation)"""",bundle_doc)"",title)")	\\xe3b0c44298fc1c149afbf4c8996fb92427ae41e4649b934ca495991b7852b855
7daaf5b4-6820-452a-ace8-fdff720c4c7a	e2f35fe4-5974-4713-9cc2-5df18a853832	("(""(""""(""""""""(widget)"""""""",widget)"""",id)"",bce2ca97-053f-48e4-8551-d6f03cd03ea4)","(""(""""(widget)"""",widget)"",html)")	\\xf920a0219b891f0cf9249635bead6206a8ee18d972a5291d4fb6ea878857139d
7df3092e-1142-4283-9d9c-6cf0ac772ab9	e0cd2034-9be6-44ba-8144-f2eff9de58e5	("(""(""""(""""""""(widget)"""""""",widget)"""",id)"",bce2ca97-053f-48e4-8551-d6f03cd03ea4)","(""(""""(widget)"""",widget)"",post_js)")	\\x4938388f0c68650a2120ab03dfbf8e39b08edca0d086b3c3fd02e84e501a5fab
7e742419-71da-48f6-b45e-1336528a35d2	3f387f63-1666-4af1-9c36-b1ff6906da39	("(""(""""(""""""""(widget)"""""""",widget)"""",id)"",0e14ed65-0792-4c7e-803c-2e870fb65d04)","(""(""""(widget)"""",widget)"",pre_js)")	\\xe4b08665b2511bc86ca7cf1116f4a4df34ec5c7f0a19329e166cd8a00e862382
7ed6b7ac-6e13-4193-9e15-f268b2121482	72279ca2-d8b2-4397-9aaa-dd094a126016	("(""(""""(""""""""(widget)"""""""",widget)"""",id)"",ba62b0bf-fd7f-4b75-b129-4ae7ae97523a)","(""(""""(widget)"""",widget)"",name)")	\\x532654f34aa745f4189f03e83e52843001a2ab37282b9e5d0310717ae37770f7
7f76e53c-9c34-44b5-a418-9d72c9367216	cbf60f56-2fb0-42fa-9c8c-fa9793cfcbee	("(""(""""(""""""""(widget)"""""""",widget)"""",id)"",0990a23b-e5ca-480b-87d7-8234a15d6ad6)","(""(""""(widget)"""",widget)"",pre_js)")	\\xe4b08665b2511bc86ca7cf1116f4a4df34ec5c7f0a19329e166cd8a00e862382
80ff0dd3-ad72-4f64-be75-5ff73ae7fc50	f585603d-248a-4f36-92c9-a4a8a9492fd2	("(""(""""(""""""""(widget)"""""""",widget)"""",id)"",8fdc7862-2dba-4e9a-b973-47fe4d293c6b)","(""(""""(widget)"""",widget)"",css)")	\\x8a743fd87439d8e6a2e25dabc299bfb56d795584216efe7ceb06c8b5db072e43
822075a3-57ef-42f7-b288-784adb6ea393	3f387f63-1666-4af1-9c36-b1ff6906da39	("(""(""""(""""""""(widget)"""""""",widget)"""",id)"",0e14ed65-0792-4c7e-803c-2e870fb65d04)","(""(""""(widget)"""",widget)"",html)")	\\xf65e40d4da8e44cb167f1e0443285390ba04e20794020e4eaaf3ccaa4a8abbf0
82b00bd9-29ea-4d33-b8f9-ef0f3264164e	f585603d-248a-4f36-92c9-a4a8a9492fd2	("(""(""""(""""""""(widget)"""""""",widget)"""",id)"",8fdc7862-2dba-4e9a-b973-47fe4d293c6b)","(""(""""(widget)"""",widget)"",pre_js)")	\\xe4b08665b2511bc86ca7cf1116f4a4df34ec5c7f0a19329e166cd8a00e862382
82fa36c4-76c7-4231-91b8-e6bd134e1175	1eae8caf-bdf9-4969-8ce1-157ff0ab0972	("(""(""""(""""""""(widget)"""""""",widget)"""",id)"",8fdc7862-2dba-4e9a-b973-47fe4d293c6b)","(""(""""(widget)"""",widget)"",help)")	\N
830d1aae-ba16-43b7-868d-7b9dfc5cf753	99f589fd-ba46-4142-9d3c-7db49a85214c	("(""(""""(""""""""(widget)"""""""",widget)"""",id)"",ebb21bca-47bc-4d54-a3a8-81d3d362f73a)","(""(""""(widget)"""",widget)"",post_js)")	\\x5cf2c9608674a858232efa6283a05e911aec572a98afddc78fd22e68a7d1eff5
83eb3999-32c0-4e2f-be21-a881ab8a4f08	f585603d-248a-4f36-92c9-a4a8a9492fd2	("(""(""""(""""""""(widget)"""""""",widget)"""",id)"",8fdc7862-2dba-4e9a-b973-47fe4d293c6b)","(""(""""(widget)"""",widget)"",id)")	\\xd6219b7f18e0d510a965e60307774f65a41d92b456a429ac513fa34b7bc7c918
8437c324-e638-4a0e-b989-7279de64ff19	d0d845ee-2e90-4812-84e0-980518f735b7	("(""(""""(""""""""(widget)"""""""",widget)"""",id)"",67f905b7-9d6f-40b0-bd4c-a644d4faa4ec)","(""(""""(widget)"""",widget)"",pre_js)")	\\xe4b08665b2511bc86ca7cf1116f4a4df34ec5c7f0a19329e166cd8a00e862382
84a2de56-2908-4974-a1f0-d61e725b9051	cbf60f56-2fb0-42fa-9c8c-fa9793cfcbee	("(""(""""(""""""""(widget)"""""""",widget)"""",id)"",0990a23b-e5ca-480b-87d7-8234a15d6ad6)","(""(""""(widget)"""",widget)"",id)")	\\xec7d44905b80bbabab509acefb21e0fee66ec1c4bd0cc5a44ba66ed94d0d91a2
84b181d6-d62d-4127-9bc6-a5b8106760fd	a23cb90e-52b0-45fb-ac7c-543527e240ee	("(""(""""(""""""""(endpoint)"""""""",resource)"""",id)"",385fb542-b0ed-4802-8eda-938ae7068ed4)","(""(""""(endpoint)"""",resource)"",path)")	\\x347a1e2537cc7aea90a4938443f967a544ea0e3f60fdc4cb45c3347a3df94bc9
8607c276-5c1d-4dcf-ac45-59c2bc2e4259	cbf60f56-2fb0-42fa-9c8c-fa9793cfcbee	("(""(""""(""""""""(widget)"""""""",widget)"""",id)"",0990a23b-e5ca-480b-87d7-8234a15d6ad6)","(""(""""(widget)"""",widget)"",common_js)")	\\xe3b0c44298fc1c149afbf4c8996fb92427ae41e4649b934ca495991b7852b855
86f96642-157c-4abf-999c-504d478f3171	6adf235a-f94f-44e8-979f-cde3f0446098	("(""(""""(""""""""(widget)"""""""",widget)"""",id)"",bce2ca97-053f-48e4-8551-d6f03cd03ea4)","(""(""""(widget)"""",widget)"",id)")	\\xe6958b6d199ed9ffcc3ef2101b517208ff7c23351c391001092c757a799953a0
873a8d2e-9cef-4295-8739-788815899d9d	b67877b7-8c05-447d-9cc2-2f1656096d87	("(""(""""(""""""""(endpoint)"""""""",resource)"""",id)"",385fb542-b0ed-4802-8eda-938ae7068ed4)","(""(""""(endpoint)"""",resource)"",id)")	\\xd0f1756ddc3ffa1a73c98c2aa3561bc7ae899baa3d5273a0996ab567af191702
875077ed-4577-4902-9943-d3903bf55552	349c6390-edf5-4f50-8438-6e7d0109e127	("(""(""""(""""""""(widget)"""""""",widget)"""",id)"",5adb74b2-8c13-4877-8f3f-0e24d0ff1865)","(""(""""(widget)"""",widget)"",common_js)")	\\xe3b0c44298fc1c149afbf4c8996fb92427ae41e4649b934ca495991b7852b855
8820e65c-ffb2-4ae6-9a7d-539faa3d9574	b67877b7-8c05-447d-9cc2-2f1656096d87	("(""(""""(""""""""(endpoint)"""""""",resource)"""",id)"",385fb542-b0ed-4802-8eda-938ae7068ed4)","(""(""""(endpoint)"""",resource)"",active)")	\\xb5bea41b6c623f7c09f1bf24dcae58ebab3c0cdd90ad966bc43a45b44867e12b
892a0153-106f-46e2-bfbf-7e078155a9c6	6adf235a-f94f-44e8-979f-cde3f0446098	("(""(""""(""""""""(widget)"""""""",widget)"""",id)"",bce2ca97-053f-48e4-8551-d6f03cd03ea4)","(""(""""(widget)"""",widget)"",help)")	\N
8a4b6279-3cd8-4ae3-a191-47fe1f289f43	39c83c77-dc94-455d-9e52-097aa446608c	("(""(""""(""""""""(widget)"""""""",widget)"""",id)"",0990a23b-e5ca-480b-87d7-8234a15d6ad6)","(""(""""(widget)"""",widget)"",css)")	\\x0ba9b693da6b2dbb83cee744e953ac5cb5f3d2cb93a4a0550b607a7fdcca02c2
8cfce46d-1f7a-4792-975b-94c0d602f857	d88a53df-432e-4631-90f3-948920ca0bf5	("(""(""""(""""""""(documentation)"""""""",bundle_doc)"""",id)"",1632be68-2fa4-40d4-887b-177cb372d35b)","(""(""""(documentation)"""",bundle_doc)"",title)")	\\xe3b0c44298fc1c149afbf4c8996fb92427ae41e4649b934ca495991b7852b855
8d89385e-0b4f-4aaf-9c7a-1b01b541fc54	e2f35fe4-5974-4713-9cc2-5df18a853832	("(""(""""(""""""""(widget)"""""""",widget)"""",id)"",bce2ca97-053f-48e4-8551-d6f03cd03ea4)","(""(""""(widget)"""",widget)"",css)")	\\xdc80a79714795da2576be11722e24cd5156631acb145ade55480622593b18b52
90902fdb-a5c4-4831-8f6e-f05b7d28382f	3f387f63-1666-4af1-9c36-b1ff6906da39	("(""(""""(""""""""(widget)"""""""",widget)"""",id)"",0e14ed65-0792-4c7e-803c-2e870fb65d04)","(""(""""(widget)"""",widget)"",common_js)")	\\xe3b0c44298fc1c149afbf4c8996fb92427ae41e4649b934ca495991b7852b855
90c69064-3436-4c9d-8f3f-080b2b07b81b	f585603d-248a-4f36-92c9-a4a8a9492fd2	("(""(""""(""""""""(widget)"""""""",widget)"""",id)"",8fdc7862-2dba-4e9a-b973-47fe4d293c6b)","(""(""""(widget)"""",widget)"",html)")	\\xde070705abaaa7e73cc960c8fe93ad3f5231f871c52a0432139b4480c63c77ef
916138fc-555d-42bd-bbba-e4990bda4fa1	349c6390-edf5-4f50-8438-6e7d0109e127	("(""(""""(""""""""(widget)"""""""",widget)"""",id)"",5adb74b2-8c13-4877-8f3f-0e24d0ff1865)","(""(""""(widget)"""",widget)"",id)")	\\x569e2034b6b4420225e93ac611ff908336b22eb9df83a289753e56cf3d46a9e6
922baeaf-7982-4809-973c-adf7ad01448e	814d1d92-2283-424c-966e-fc55f26b7e9d	("(""(""""(""""""""(widget)"""""""",widget)"""",id)"",67f905b7-9d6f-40b0-bd4c-a644d4faa4ec)","(""(""""(widget)"""",widget)"",post_js)")	\\x4938388f0c68650a2120ab03dfbf8e39b08edca0d086b3c3fd02e84e501a5fab
957283cf-c6bb-4b5d-bce1-7c01fe38b8ca	72279ca2-d8b2-4397-9aaa-dd094a126016	("(""(""""(""""""""(widget)"""""""",widget)"""",id)"",ba62b0bf-fd7f-4b75-b129-4ae7ae97523a)","(""(""""(widget)"""",widget)"",server_js)")	\\xe3b0c44298fc1c149afbf4c8996fb92427ae41e4649b934ca495991b7852b855
974b419a-5ca2-4f6e-8949-e87504d794bc	6adf235a-f94f-44e8-979f-cde3f0446098	("(""(""""(""""""""(widget)"""""""",widget)"""",id)"",bce2ca97-053f-48e4-8551-d6f03cd03ea4)","(""(""""(widget)"""",widget)"",post_js)")	\\x4938388f0c68650a2120ab03dfbf8e39b08edca0d086b3c3fd02e84e501a5fab
988a1634-2dc7-42e3-a0d2-7e2f389e87b7	d88a53df-432e-4631-90f3-948920ca0bf5	("(""(""""(""""""""(documentation)"""""""",bundle_doc)"""",id)"",1632be68-2fa4-40d4-887b-177cb372d35b)","(""(""""(documentation)"""",bundle_doc)"",id)")	\\xb0512e7661e1d14a8213e01e99c2a9ee40e49f72603902f46dd67a4b8d881c6e
9a4d34a3-1bae-4806-ab28-d719ea06e10a	59d7dff0-c05c-4ea6-ac7e-5cc1f9b3630f	("(""(""""(""""""""(widget)"""""""",widget)"""",id)"",f5f69879-360a-4915-983e-27440629f431)","(""(""""(widget)"""",widget)"",pre_js)")	\\xe4b08665b2511bc86ca7cf1116f4a4df34ec5c7f0a19329e166cd8a00e862382
9b8c0677-99cc-4b86-b582-1cc9995516cc	39c83c77-dc94-455d-9e52-097aa446608c	("(""(""""(""""""""(widget)"""""""",widget)"""",id)"",0990a23b-e5ca-480b-87d7-8234a15d6ad6)","(""(""""(widget)"""",widget)"",help)")	\N
9d1357b9-c2e4-4bfe-a8b2-98906b8bfad7	3f387f63-1666-4af1-9c36-b1ff6906da39	("(""(""""(""""""""(widget)"""""""",widget)"""",id)"",0e14ed65-0792-4c7e-803c-2e870fb65d04)","(""(""""(widget)"""",widget)"",server_js)")	\\xe3b0c44298fc1c149afbf4c8996fb92427ae41e4649b934ca495991b7852b855
9d912688-c9d5-4793-9a27-8f3be0a1be38	39c83c77-dc94-455d-9e52-097aa446608c	("(""(""""(""""""""(widget)"""""""",widget)"""",id)"",0990a23b-e5ca-480b-87d7-8234a15d6ad6)","(""(""""(widget)"""",widget)"",html)")	\\x6db6ac45fd8aaac4f6be740fdffa1fbfb3e50471e32bb4be6e37d1c12a913d42
9e094b45-dc4b-4f9d-b48c-20736ad00b3f	0219609e-e8c9-4d78-a988-9a2661bfc10a	("(""(""""(""""""""(widget)"""""""",widget)"""",id)"",0e14ed65-0792-4c7e-803c-2e870fb65d04)","(""(""""(widget)"""",widget)"",pre_js)")	\\xe4b08665b2511bc86ca7cf1116f4a4df34ec5c7f0a19329e166cd8a00e862382
9e0c4385-8972-4cd3-91f4-a54f0e8f32d5	3433c4fd-dd7f-47f1-9096-27ae9b93b8b5	("(""(""""(""""""""(widget)"""""""",widget)"""",id)"",f5f69879-360a-4915-983e-27440629f431)","(""(""""(widget)"""",widget)"",server_js)")	\\xe3b0c44298fc1c149afbf4c8996fb92427ae41e4649b934ca495991b7852b855
9e5e57e1-4a98-4ebb-bff0-bddc612669e3	d0d845ee-2e90-4812-84e0-980518f735b7	("(""(""""(""""""""(widget)"""""""",widget)"""",id)"",67f905b7-9d6f-40b0-bd4c-a644d4faa4ec)","(""(""""(widget)"""",widget)"",css)")	\\x0ba9b693da6b2dbb83cee744e953ac5cb5f3d2cb93a4a0550b607a7fdcca02c2
a201e004-5c2e-4303-8640-188e63442ec4	72279ca2-d8b2-4397-9aaa-dd094a126016	("(""(""""(""""""""(widget)"""""""",widget)"""",id)"",ba62b0bf-fd7f-4b75-b129-4ae7ae97523a)","(""(""""(widget)"""",widget)"",id)")	\\x03efbe1d14a4adee7bb1eba35e8f54e3c93ab52424696a67a74a2f6e5448533b
a2831106-1589-49bd-b9c8-514eb2c71865	39c83c77-dc94-455d-9e52-097aa446608c	("(""(""""(""""""""(widget)"""""""",widget)"""",id)"",0990a23b-e5ca-480b-87d7-8234a15d6ad6)","(""(""""(widget)"""",widget)"",pre_js)")	\\xe4b08665b2511bc86ca7cf1116f4a4df34ec5c7f0a19329e166cd8a00e862382
a37d97ee-e026-4785-b2f3-b5c376d39f6d	0219609e-e8c9-4d78-a988-9a2661bfc10a	("(""(""""(""""""""(widget)"""""""",widget)"""",id)"",0e14ed65-0792-4c7e-803c-2e870fb65d04)","(""(""""(widget)"""",widget)"",css)")	\\x5bfedd8674718ff919b8dd9556d17f4a5d668bb6102f93102bb21da451730135
a5ede936-a23c-43dc-b731-2e667b533746	3f387f63-1666-4af1-9c36-b1ff6906da39	("(""(""""(""""""""(widget)"""""""",widget)"""",id)"",0e14ed65-0792-4c7e-803c-2e870fb65d04)","(""(""""(widget)"""",widget)"",css)")	\\x5bfedd8674718ff919b8dd9556d17f4a5d668bb6102f93102bb21da451730135
a60bddf0-c07f-4df7-8c36-3e5d7494935a	b67877b7-8c05-447d-9cc2-2f1656096d87	("(""(""""(""""""""(endpoint)"""""""",resource)"""",id)"",385fb542-b0ed-4802-8eda-938ae7068ed4)","(""(""""(endpoint)"""",resource)"",content)")	\\xe8ea95712bf5e78b8c4b163d4ce3e059a9522b988a2337552071d3e011a93872
a61c4f26-0b85-4981-b47e-bb7469d5604b	349c6390-edf5-4f50-8438-6e7d0109e127	("(""(""""(""""""""(widget)"""""""",widget)"""",id)"",5adb74b2-8c13-4877-8f3f-0e24d0ff1865)","(""(""""(widget)"""",widget)"",help)")	\N
a6396260-2f50-4188-ac11-330e3d659fd1	e41a4765-90ca-4501-ac7d-a26de1cec7e1	("(""(""""(""""""""(widget)"""""""",widget)"""",id)"",8fdc7862-2dba-4e9a-b973-47fe4d293c6b)","(""(""""(widget)"""",widget)"",help)")	\N
a794fa8c-7009-4c8e-a757-a5e0914b0e2d	f7364bda-e99a-4e5b-aba1-a9c7e2aae7c8	("(""(""""(""""""""(widget)"""""""",widget)"""",id)"",0990a23b-e5ca-480b-87d7-8234a15d6ad6)","(""(""""(widget)"""",widget)"",css)")	\\x0ba9b693da6b2dbb83cee744e953ac5cb5f3d2cb93a4a0550b607a7fdcca02c2
aba59a2e-b581-4c98-bce8-3832b605c6f4	99f589fd-ba46-4142-9d3c-7db49a85214c	("(""(""""(""""""""(widget)"""""""",widget)"""",id)"",ebb21bca-47bc-4d54-a3a8-81d3d362f73a)","(""(""""(widget)"""",widget)"",help)")	\N
acd2dcaf-222f-4ef8-b73c-041c3925e12c	1eae8caf-bdf9-4969-8ce1-157ff0ab0972	("(""(""""(""""""""(widget)"""""""",widget)"""",id)"",8fdc7862-2dba-4e9a-b973-47fe4d293c6b)","(""(""""(widget)"""",widget)"",id)")	\\xd6219b7f18e0d510a965e60307774f65a41d92b456a429ac513fa34b7bc7c918
adb3e6c6-4306-41c1-b2b7-e03e181fd6ba	59d7dff0-c05c-4ea6-ac7e-5cc1f9b3630f	("(""(""""(""""""""(widget)"""""""",widget)"""",id)"",f5f69879-360a-4915-983e-27440629f431)","(""(""""(widget)"""",widget)"",help)")	\N
ae4b2c32-9752-467f-819e-5d83b9683717	e0cd2034-9be6-44ba-8144-f2eff9de58e5	("(""(""""(""""""""(widget)"""""""",widget)"""",id)"",bce2ca97-053f-48e4-8551-d6f03cd03ea4)","(""(""""(widget)"""",widget)"",server_js)")	\\xe3b0c44298fc1c149afbf4c8996fb92427ae41e4649b934ca495991b7852b855
b01d7176-a0af-4ff1-8dff-bb0610347778	e41a4765-90ca-4501-ac7d-a26de1cec7e1	("(""(""""(""""""""(widget)"""""""",widget)"""",id)"",8fdc7862-2dba-4e9a-b973-47fe4d293c6b)","(""(""""(widget)"""",widget)"",css)")	\\x8a743fd87439d8e6a2e25dabc299bfb56d795584216efe7ceb06c8b5db072e43
b0db764a-04bf-45ee-8fd3-144393011c1f	0219609e-e8c9-4d78-a988-9a2661bfc10a	("(""(""""(""""""""(widget)"""""""",widget)"""",id)"",0e14ed65-0792-4c7e-803c-2e870fb65d04)","(""(""""(widget)"""",widget)"",name)")	\\xe2a2881b4f2c35c5b2bcbf386107385feec0b71610043ac7ddfe51d38100e3dd
b3c94565-7ce6-4460-bb6d-76d5ab430da7	0422a479-25c0-4b72-ba47-d9b41d186fd5	("(""(""""(""""""""(widget)"""""""",widget)"""",id)"",ba62b0bf-fd7f-4b75-b129-4ae7ae97523a)","(""(""""(widget)"""",widget)"",css)")	\\x0ba9b693da6b2dbb83cee744e953ac5cb5f3d2cb93a4a0550b607a7fdcca02c2
b4169142-7a03-48fa-9af8-591bf492a15a	ab0cebd0-d342-4f11-8347-f1d789b73882	("(""(""""(""""""""(widget)"""""""",widget)"""",id)"",5adb74b2-8c13-4877-8f3f-0e24d0ff1865)","(""(""""(widget)"""",widget)"",server_js)")	\\xe3b0c44298fc1c149afbf4c8996fb92427ae41e4649b934ca495991b7852b855
b595bdb9-7e59-4193-bc4f-550a302ba909	3433c4fd-dd7f-47f1-9096-27ae9b93b8b5	("(""(""""(""""""""(widget)"""""""",widget)"""",id)"",f5f69879-360a-4915-983e-27440629f431)","(""(""""(widget)"""",widget)"",css)")	\\xe55479deca8fae016a12f5a6f480bff69bd5939a5be7f44796b903e4ba7d89e7
b5e80a5c-5964-4f20-a8df-41af5601916b	f7364bda-e99a-4e5b-aba1-a9c7e2aae7c8	("(""(""""(""""""""(widget)"""""""",widget)"""",id)"",0990a23b-e5ca-480b-87d7-8234a15d6ad6)","(""(""""(widget)"""",widget)"",html)")	\\x6db6ac45fd8aaac4f6be740fdffa1fbfb3e50471e32bb4be6e37d1c12a913d42
b5f7b87e-2571-4462-ac84-69d44040792f	cbf60f56-2fb0-42fa-9c8c-fa9793cfcbee	("(""(""""(""""""""(widget)"""""""",widget)"""",id)"",0990a23b-e5ca-480b-87d7-8234a15d6ad6)","(""(""""(widget)"""",widget)"",html)")	\\x6db6ac45fd8aaac4f6be740fdffa1fbfb3e50471e32bb4be6e37d1c12a913d42
b64a4f83-8c37-4659-a485-2ace29b587c6	3433c4fd-dd7f-47f1-9096-27ae9b93b8b5	("(""(""""(""""""""(widget)"""""""",widget)"""",id)"",f5f69879-360a-4915-983e-27440629f431)","(""(""""(widget)"""",widget)"",pre_js)")	\\xe4b08665b2511bc86ca7cf1116f4a4df34ec5c7f0a19329e166cd8a00e862382
bb102c15-cde6-4363-8351-8eb7ba0f00f2	1eae8caf-bdf9-4969-8ce1-157ff0ab0972	("(""(""""(""""""""(widget)"""""""",widget)"""",id)"",8fdc7862-2dba-4e9a-b973-47fe4d293c6b)","(""(""""(widget)"""",widget)"",pre_js)")	\\xe4b08665b2511bc86ca7cf1116f4a4df34ec5c7f0a19329e166cd8a00e862382
bbeb41ff-655e-497b-be28-20362c6dae05	b67877b7-8c05-447d-9cc2-2f1656096d87	("(""(""""(""""""""(endpoint)"""""""",resource)"""",id)"",385fb542-b0ed-4802-8eda-938ae7068ed4)","(""(""""(endpoint)"""",resource)"",path)")	\\x347a1e2537cc7aea90a4938443f967a544ea0e3f60fdc4cb45c3347a3df94bc9
bf0b3e6c-a409-4b6a-a99b-e4d500486490	191259cb-ebfa-448a-b68c-70762d25dcc9	("(""(""""(""""""""(widget)"""""""",widget)"""",id)"",ebb21bca-47bc-4d54-a3a8-81d3d362f73a)","(""(""""(widget)"""",widget)"",css)")	\\x0ba9b693da6b2dbb83cee744e953ac5cb5f3d2cb93a4a0550b607a7fdcca02c2
bf5e86ba-5a82-401e-bedc-b2c6506551c5	349c6390-edf5-4f50-8438-6e7d0109e127	("(""(""""(""""""""(widget)"""""""",widget)"""",id)"",5adb74b2-8c13-4877-8f3f-0e24d0ff1865)","(""(""""(widget)"""",widget)"",server_js)")	\\xe3b0c44298fc1c149afbf4c8996fb92427ae41e4649b934ca495991b7852b855
c0961f0c-559a-4d9e-8e9f-47f310a7ecb4	d0d845ee-2e90-4812-84e0-980518f735b7	("(""(""""(""""""""(widget)"""""""",widget)"""",id)"",67f905b7-9d6f-40b0-bd4c-a644d4faa4ec)","(""(""""(widget)"""",widget)"",server_js)")	\\xe3b0c44298fc1c149afbf4c8996fb92427ae41e4649b934ca495991b7852b855
c17d96a9-1457-4e65-90b6-5990839635af	6b19991a-d09e-488e-83eb-e981b212e1b6	("(""(""""(""""""""(widget)"""""""",widget)"""",id)"",67f905b7-9d6f-40b0-bd4c-a644d4faa4ec)","(""(""""(widget)"""",widget)"",name)")	\\x2dd61805c67f9c2aa781c07a3b10587cf247c4f80cd147226027373e47e4c6df
c465b261-687f-4c04-a547-88b2d9acf3a6	f585603d-248a-4f36-92c9-a4a8a9492fd2	("(""(""""(""""""""(widget)"""""""",widget)"""",id)"",8fdc7862-2dba-4e9a-b973-47fe4d293c6b)","(""(""""(widget)"""",widget)"",post_js)")	\\x69ed642adbb6ae1457fe172cc7e8ba40805b2c9ffdd72f1ddd28516286d01db2
c5006365-6e24-479c-a2c2-9fd291d5d03f	d88a53df-432e-4631-90f3-948920ca0bf5	("(""(""""(""""""""(documentation)"""""""",bundle_doc)"""",id)"",1632be68-2fa4-40d4-887b-177cb372d35b)","(""(""""(documentation)"""",bundle_doc)"",bundle_id)")	\\x1e4e30d01eb0b451ae83d738fabf22cea8da91a6ab096fab8dbc16f6588e673c
c51a0f8d-82f1-4cb1-9fbe-d0bf79013c3c	527c3184-62af-42ce-9d9d-5456ed8d4adc	("(""(""""(""""""""(documentation)"""""""",bundle_doc)"""",id)"",1632be68-2fa4-40d4-887b-177cb372d35b)","(""(""""(documentation)"""",bundle_doc)"",content)")	\\xa19b006cb652ef0934bcfadd814857e262781822e1170ef2c79a45e22ba7fe5e
c6286534-6614-4ccc-9e26-ee74161f6f21	39c83c77-dc94-455d-9e52-097aa446608c	("(""(""""(""""""""(widget)"""""""",widget)"""",id)"",0990a23b-e5ca-480b-87d7-8234a15d6ad6)","(""(""""(widget)"""",widget)"",id)")	\\xec7d44905b80bbabab509acefb21e0fee66ec1c4bd0cc5a44ba66ed94d0d91a2
c64e9637-9dc2-4384-a37a-e1c7e3f81aec	72279ca2-d8b2-4397-9aaa-dd094a126016	("(""(""""(""""""""(widget)"""""""",widget)"""",id)"",ba62b0bf-fd7f-4b75-b129-4ae7ae97523a)","(""(""""(widget)"""",widget)"",help)")	\N
c78fd076-d5ae-4c88-925e-4b4154caa7a6	191259cb-ebfa-448a-b68c-70762d25dcc9	("(""(""""(""""""""(widget)"""""""",widget)"""",id)"",ebb21bca-47bc-4d54-a3a8-81d3d362f73a)","(""(""""(widget)"""",widget)"",server_js)")	\\xe3b0c44298fc1c149afbf4c8996fb92427ae41e4649b934ca495991b7852b855
c848c41f-3d9e-4b93-8ce0-bd94291f8924	f7364bda-e99a-4e5b-aba1-a9c7e2aae7c8	("(""(""""(""""""""(widget)"""""""",widget)"""",id)"",0990a23b-e5ca-480b-87d7-8234a15d6ad6)","(""(""""(widget)"""",widget)"",help)")	\N
c87118d8-2691-4a02-9439-5ed8afd2ba8b	6b19991a-d09e-488e-83eb-e981b212e1b6	("(""(""""(""""""""(widget)"""""""",widget)"""",id)"",67f905b7-9d6f-40b0-bd4c-a644d4faa4ec)","(""(""""(widget)"""",widget)"",server_js)")	\\xe3b0c44298fc1c149afbf4c8996fb92427ae41e4649b934ca495991b7852b855
c934dd70-9e55-4e8d-9efe-63141692432c	3433c4fd-dd7f-47f1-9096-27ae9b93b8b5	("(""(""""(""""""""(widget)"""""""",widget)"""",id)"",f5f69879-360a-4915-983e-27440629f431)","(""(""""(widget)"""",widget)"",name)")	\\x8fb6d5f37e8055ce720bd0b1d56587f88c0071f285966ba17e72b2b12672aa73
cb02f591-31c1-4ba5-b8d3-34836887d930	e2f35fe4-5974-4713-9cc2-5df18a853832	("(""(""""(""""""""(widget)"""""""",widget)"""",id)"",bce2ca97-053f-48e4-8551-d6f03cd03ea4)","(""(""""(widget)"""",widget)"",common_js)")	\\xe3b0c44298fc1c149afbf4c8996fb92427ae41e4649b934ca495991b7852b855
cb551d1e-88c9-4bed-82a1-3e59660dff40	ab0cebd0-d342-4f11-8347-f1d789b73882	("(""(""""(""""""""(widget)"""""""",widget)"""",id)"",5adb74b2-8c13-4877-8f3f-0e24d0ff1865)","(""(""""(widget)"""",widget)"",common_js)")	\\xe3b0c44298fc1c149afbf4c8996fb92427ae41e4649b934ca495991b7852b855
cd4aef56-edc0-4f9b-9bcd-5094b7e2921e	b4971556-3159-4efe-a2cb-d7f7e2445f15	("(""(""""(""""""""(widget)"""""""",widget)"""",id)"",f5f69879-360a-4915-983e-27440629f431)","(""(""""(widget)"""",widget)"",id)")	\\x77beadf9e07d7c4df13447b0e83f0ffb565b5e77fd433fbd7f68d966a97f5600
cd788f72-0428-470d-8160-1ea28f3c9c4c	b4971556-3159-4efe-a2cb-d7f7e2445f15	("(""(""""(""""""""(widget)"""""""",widget)"""",id)"",f5f69879-360a-4915-983e-27440629f431)","(""(""""(widget)"""",widget)"",html)")	\\x9524ba3be531bdb3f056da8e0d5cff2979d0e0a8246dec8de4992b1559459539
ce420ccb-fd72-4092-9137-66b01ae6eb3a	814d1d92-2283-424c-966e-fc55f26b7e9d	("(""(""""(""""""""(widget)"""""""",widget)"""",id)"",67f905b7-9d6f-40b0-bd4c-a644d4faa4ec)","(""(""""(widget)"""",widget)"",name)")	\\x2dd61805c67f9c2aa781c07a3b10587cf247c4f80cd147226027373e47e4c6df
ce504cf7-b6df-40f3-8d9c-f0f836ac1379	527c3184-62af-42ce-9d9d-5456ed8d4adc	("(""(""""(""""""""(documentation)"""""""",bundle_doc)"""",id)"",1632be68-2fa4-40d4-887b-177cb372d35b)","(""(""""(documentation)"""",bundle_doc)"",bundle_id)")	\\x1e4e30d01eb0b451ae83d738fabf22cea8da91a6ab096fab8dbc16f6588e673c
cf43beb0-93c6-45b2-a82d-a9394e96f510	6adf235a-f94f-44e8-979f-cde3f0446098	("(""(""""(""""""""(widget)"""""""",widget)"""",id)"",bce2ca97-053f-48e4-8551-d6f03cd03ea4)","(""(""""(widget)"""",widget)"",server_js)")	\\xe3b0c44298fc1c149afbf4c8996fb92427ae41e4649b934ca495991b7852b855
cfdeb77d-d79f-4016-a6e2-930a744f9d5e	59d7dff0-c05c-4ea6-ac7e-5cc1f9b3630f	("(""(""""(""""""""(widget)"""""""",widget)"""",id)"",f5f69879-360a-4915-983e-27440629f431)","(""(""""(widget)"""",widget)"",id)")	\\x77beadf9e07d7c4df13447b0e83f0ffb565b5e77fd433fbd7f68d966a97f5600
cff3fd2b-b648-416e-9297-b91bfa9f7b3c	b4971556-3159-4efe-a2cb-d7f7e2445f15	("(""(""""(""""""""(widget)"""""""",widget)"""",id)"",f5f69879-360a-4915-983e-27440629f431)","(""(""""(widget)"""",widget)"",pre_js)")	\\xe4b08665b2511bc86ca7cf1116f4a4df34ec5c7f0a19329e166cd8a00e862382
d2881ad1-7c66-459a-9dad-5cf37fdfcb59	3433c4fd-dd7f-47f1-9096-27ae9b93b8b5	("(""(""""(""""""""(widget)"""""""",widget)"""",id)"",f5f69879-360a-4915-983e-27440629f431)","(""(""""(widget)"""",widget)"",post_js)")	\\xa95033e027db23f73617c0a7231072b10b3b81ce427f2aab26329eaae12022a0
d37faf4b-4d97-4975-b02f-d3112d69420a	e0cd2034-9be6-44ba-8144-f2eff9de58e5	("(""(""""(""""""""(widget)"""""""",widget)"""",id)"",bce2ca97-053f-48e4-8551-d6f03cd03ea4)","(""(""""(widget)"""",widget)"",id)")	\\xe6958b6d199ed9ffcc3ef2101b517208ff7c23351c391001092c757a799953a0
d50fe6fe-9def-41e0-aba1-f73e2c3745dc	3f387f63-1666-4af1-9c36-b1ff6906da39	("(""(""""(""""""""(widget)"""""""",widget)"""",id)"",0e14ed65-0792-4c7e-803c-2e870fb65d04)","(""(""""(widget)"""",widget)"",id)")	\\xcee59d26dd90dd705c2a480a05bfb8949d8c0e3239e0147852798d73ef3a46f1
d53eb863-43ca-406b-a569-03f2c2768c20	0219609e-e8c9-4d78-a988-9a2661bfc10a	("(""(""""(""""""""(widget)"""""""",widget)"""",id)"",0e14ed65-0792-4c7e-803c-2e870fb65d04)","(""(""""(widget)"""",widget)"",help)")	\N
d800b262-fbd3-45c7-9a99-3555c07abd9c	349c6390-edf5-4f50-8438-6e7d0109e127	("(""(""""(""""""""(widget)"""""""",widget)"""",id)"",5adb74b2-8c13-4877-8f3f-0e24d0ff1865)","(""(""""(widget)"""",widget)"",css)")	\\x0ba9b693da6b2dbb83cee744e953ac5cb5f3d2cb93a4a0550b607a7fdcca02c2
d9fbe176-5352-43c4-9a92-fcd66d69560a	f7364bda-e99a-4e5b-aba1-a9c7e2aae7c8	("(""(""""(""""""""(widget)"""""""",widget)"""",id)"",0990a23b-e5ca-480b-87d7-8234a15d6ad6)","(""(""""(widget)"""",widget)"",common_js)")	\\xe3b0c44298fc1c149afbf4c8996fb92427ae41e4649b934ca495991b7852b855
dac211c6-4e45-4cee-a3f6-c606dada6820	39c83c77-dc94-455d-9e52-097aa446608c	("(""(""""(""""""""(widget)"""""""",widget)"""",id)"",0990a23b-e5ca-480b-87d7-8234a15d6ad6)","(""(""""(widget)"""",widget)"",name)")	\\x0d6e4079e36703ebd37c00722f5891d28b0e2811dc114b129215123adcce3605
dd30c2b7-3797-412e-bfc4-12e21517f4a7	0219609e-e8c9-4d78-a988-9a2661bfc10a	("(""(""""(""""""""(widget)"""""""",widget)"""",id)"",0e14ed65-0792-4c7e-803c-2e870fb65d04)","(""(""""(widget)"""",widget)"",server_js)")	\\xe3b0c44298fc1c149afbf4c8996fb92427ae41e4649b934ca495991b7852b855
df34a0b3-5f84-439e-a051-4b01b81258f5	e2f35fe4-5974-4713-9cc2-5df18a853832	("(""(""""(""""""""(widget)"""""""",widget)"""",id)"",bce2ca97-053f-48e4-8551-d6f03cd03ea4)","(""(""""(widget)"""",widget)"",help)")	\N
dfce5f52-58df-4c3b-a577-4fe78b3a5522	0422a479-25c0-4b72-ba47-d9b41d186fd5	("(""(""""(""""""""(widget)"""""""",widget)"""",id)"",ba62b0bf-fd7f-4b75-b129-4ae7ae97523a)","(""(""""(widget)"""",widget)"",post_js)")	\\x4938388f0c68650a2120ab03dfbf8e39b08edca0d086b3c3fd02e84e501a5fab
dfde913c-7d45-4e4a-bf60-7ce6a61fea82	f09ba4c0-c1ce-4f14-a565-5f6468bef82f	("(""(""""(""""""""(endpoint)"""""""",resource)"""",id)"",385fb542-b0ed-4802-8eda-938ae7068ed4)","(""(""""(endpoint)"""",resource)"",mimetype_id)")	\\xdd2741e2734916143a6dbf1d1939cbc04396f10356faf54aba282066cec41b5f
e32bd801-1b76-46ec-9147-a79146214231	39c83c77-dc94-455d-9e52-097aa446608c	("(""(""""(""""""""(widget)"""""""",widget)"""",id)"",0990a23b-e5ca-480b-87d7-8234a15d6ad6)","(""(""""(widget)"""",widget)"",server_js)")	\\xe3b0c44298fc1c149afbf4c8996fb92427ae41e4649b934ca495991b7852b855
e57b7e34-27f2-4805-9d5f-3bbe02000790	0422a479-25c0-4b72-ba47-d9b41d186fd5	("(""(""""(""""""""(widget)"""""""",widget)"""",id)"",ba62b0bf-fd7f-4b75-b129-4ae7ae97523a)","(""(""""(widget)"""",widget)"",html)")	\\xb6d0ef4875e96df9727451504df6fb901e23e1470a747e15776d73079430df02
e5fbf500-3f09-41f3-a594-b9e3c0bb2217	349c6390-edf5-4f50-8438-6e7d0109e127	("(""(""""(""""""""(widget)"""""""",widget)"""",id)"",5adb74b2-8c13-4877-8f3f-0e24d0ff1865)","(""(""""(widget)"""",widget)"",name)")	\\xd0f6c74f8ddef4fc02791d2b5263576b657fa098a7ad9154d4a130845cde3a8a
e68edae7-7de8-4941-8794-2892affaeb16	0422a479-25c0-4b72-ba47-d9b41d186fd5	("(""(""""(""""""""(widget)"""""""",widget)"""",id)"",ba62b0bf-fd7f-4b75-b129-4ae7ae97523a)","(""(""""(widget)"""",widget)"",server_js)")	\\xe3b0c44298fc1c149afbf4c8996fb92427ae41e4649b934ca495991b7852b855
e69bad3c-f873-412e-9975-e71ce6dc5d34	e2f35fe4-5974-4713-9cc2-5df18a853832	("(""(""""(""""""""(widget)"""""""",widget)"""",id)"",bce2ca97-053f-48e4-8551-d6f03cd03ea4)","(""(""""(widget)"""",widget)"",pre_js)")	\\xe4b08665b2511bc86ca7cf1116f4a4df34ec5c7f0a19329e166cd8a00e862382
e6d3d21f-cb28-43f7-af54-937b6dbf2e5b	e41a4765-90ca-4501-ac7d-a26de1cec7e1	("(""(""""(""""""""(widget)"""""""",widget)"""",id)"",8fdc7862-2dba-4e9a-b973-47fe4d293c6b)","(""(""""(widget)"""",widget)"",name)")	\\x40a55c8eae30c72616632afbca6f218d6f5b1b9a59697dff7d435a03fe1b6cb0
e7560ff3-3e2f-45b4-a0c8-67e46069f57f	99f589fd-ba46-4142-9d3c-7db49a85214c	("(""(""""(""""""""(widget)"""""""",widget)"""",id)"",ebb21bca-47bc-4d54-a3a8-81d3d362f73a)","(""(""""(widget)"""",widget)"",css)")	\\x0ba9b693da6b2dbb83cee744e953ac5cb5f3d2cb93a4a0550b607a7fdcca02c2
e82e3156-638b-4c65-9062-aeb550553874	3433c4fd-dd7f-47f1-9096-27ae9b93b8b5	("(""(""""(""""""""(widget)"""""""",widget)"""",id)"",f5f69879-360a-4915-983e-27440629f431)","(""(""""(widget)"""",widget)"",help)")	\N
e8676591-25a2-45a7-93c6-d5d1306abee8	814d1d92-2283-424c-966e-fc55f26b7e9d	("(""(""""(""""""""(widget)"""""""",widget)"""",id)"",67f905b7-9d6f-40b0-bd4c-a644d4faa4ec)","(""(""""(widget)"""",widget)"",common_js)")	\\xe3b0c44298fc1c149afbf4c8996fb92427ae41e4649b934ca495991b7852b855
e9e2d1ac-8993-4d8e-8ec2-690332e69e4d	a23cb90e-52b0-45fb-ac7c-543527e240ee	("(""(""""(""""""""(endpoint)"""""""",resource)"""",id)"",385fb542-b0ed-4802-8eda-938ae7068ed4)","(""(""""(endpoint)"""",resource)"",active)")	\\xb5bea41b6c623f7c09f1bf24dcae58ebab3c0cdd90ad966bc43a45b44867e12b
eb346d15-7be1-4623-8b69-0cd62948c830	e41a4765-90ca-4501-ac7d-a26de1cec7e1	("(""(""""(""""""""(widget)"""""""",widget)"""",id)"",8fdc7862-2dba-4e9a-b973-47fe4d293c6b)","(""(""""(widget)"""",widget)"",html)")	\\xde070705abaaa7e73cc960c8fe93ad3f5231f871c52a0432139b4480c63c77ef
ec239c45-e7fb-4f80-8a9a-2c84e463d6ce	191259cb-ebfa-448a-b68c-70762d25dcc9	("(""(""""(""""""""(widget)"""""""",widget)"""",id)"",ebb21bca-47bc-4d54-a3a8-81d3d362f73a)","(""(""""(widget)"""",widget)"",common_js)")	\\xe3b0c44298fc1c149afbf4c8996fb92427ae41e4649b934ca495991b7852b855
ee6e23dd-a78d-4689-9837-64785400513e	f7364bda-e99a-4e5b-aba1-a9c7e2aae7c8	("(""(""""(""""""""(widget)"""""""",widget)"""",id)"",0990a23b-e5ca-480b-87d7-8234a15d6ad6)","(""(""""(widget)"""",widget)"",server_js)")	\\xe3b0c44298fc1c149afbf4c8996fb92427ae41e4649b934ca495991b7852b855
f0a23783-b221-45cc-8a49-06514663668f	191259cb-ebfa-448a-b68c-70762d25dcc9	("(""(""""(""""""""(widget)"""""""",widget)"""",id)"",ebb21bca-47bc-4d54-a3a8-81d3d362f73a)","(""(""""(widget)"""",widget)"",name)")	\\xc0bd433e4e19e3e6e6b8fcf2bb4c957a077adfcb6485232c7110f49788000a13
f131532d-8b21-438a-8252-eea3eb7298ed	349c6390-edf5-4f50-8438-6e7d0109e127	("(""(""""(""""""""(widget)"""""""",widget)"""",id)"",5adb74b2-8c13-4877-8f3f-0e24d0ff1865)","(""(""""(widget)"""",widget)"",post_js)")	\\xbdbd247aacd7732659ada37b4448b6d10eea6f24646057cab1752ce311dc6298
f325323c-ef10-4fae-b31d-e14e35644b1e	0219609e-e8c9-4d78-a988-9a2661bfc10a	("(""(""""(""""""""(widget)"""""""",widget)"""",id)"",0e14ed65-0792-4c7e-803c-2e870fb65d04)","(""(""""(widget)"""",widget)"",id)")	\\xcee59d26dd90dd705c2a480a05bfb8949d8c0e3239e0147852798d73ef3a46f1
f44eacc3-e163-45a4-b086-43b226fc5a28	ab0cebd0-d342-4f11-8347-f1d789b73882	("(""(""""(""""""""(widget)"""""""",widget)"""",id)"",5adb74b2-8c13-4877-8f3f-0e24d0ff1865)","(""(""""(widget)"""",widget)"",css)")	\\x0ba9b693da6b2dbb83cee744e953ac5cb5f3d2cb93a4a0550b607a7fdcca02c2
f6cd2716-7e52-45ff-a4ae-0dd1e49d8907	e0cd2034-9be6-44ba-8144-f2eff9de58e5	("(""(""""(""""""""(widget)"""""""",widget)"""",id)"",bce2ca97-053f-48e4-8551-d6f03cd03ea4)","(""(""""(widget)"""",widget)"",pre_js)")	\\xe4b08665b2511bc86ca7cf1116f4a4df34ec5c7f0a19329e166cd8a00e862382
f85b82d6-4112-47e6-8119-c01471955a98	1eae8caf-bdf9-4969-8ce1-157ff0ab0972	("(""(""""(""""""""(widget)"""""""",widget)"""",id)"",8fdc7862-2dba-4e9a-b973-47fe4d293c6b)","(""(""""(widget)"""",widget)"",html)")	\\xde070705abaaa7e73cc960c8fe93ad3f5231f871c52a0432139b4480c63c77ef
f8c97f06-977f-480a-ae1d-943adbc40d5e	e41a4765-90ca-4501-ac7d-a26de1cec7e1	("(""(""""(""""""""(widget)"""""""",widget)"""",id)"",8fdc7862-2dba-4e9a-b973-47fe4d293c6b)","(""(""""(widget)"""",widget)"",server_js)")	\\xe3b0c44298fc1c149afbf4c8996fb92427ae41e4649b934ca495991b7852b855
f921ca42-c774-4dc2-a493-52875f3ea8ce	0219609e-e8c9-4d78-a988-9a2661bfc10a	("(""(""""(""""""""(widget)"""""""",widget)"""",id)"",0e14ed65-0792-4c7e-803c-2e870fb65d04)","(""(""""(widget)"""",widget)"",html)")	\\xf65e40d4da8e44cb167f1e0443285390ba04e20794020e4eaaf3ccaa4a8abbf0
f9fc6894-9f07-4a6b-b61d-c47a0b8574aa	f7364bda-e99a-4e5b-aba1-a9c7e2aae7c8	("(""(""""(""""""""(widget)"""""""",widget)"""",id)"",0990a23b-e5ca-480b-87d7-8234a15d6ad6)","(""(""""(widget)"""",widget)"",id)")	\\xec7d44905b80bbabab509acefb21e0fee66ec1c4bd0cc5a44ba66ed94d0d91a2
fa6065f1-47c9-473b-b62e-69e8c6d0e311	d0d845ee-2e90-4812-84e0-980518f735b7	("(""(""""(""""""""(widget)"""""""",widget)"""",id)"",67f905b7-9d6f-40b0-bd4c-a644d4faa4ec)","(""(""""(widget)"""",widget)"",name)")	\\x2dd61805c67f9c2aa781c07a3b10587cf247c4f80cd147226027373e47e4c6df
fb21e33d-425e-47c0-b9c1-c98b7b572be4	e2f35fe4-5974-4713-9cc2-5df18a853832	("(""(""""(""""""""(widget)"""""""",widget)"""",id)"",bce2ca97-053f-48e4-8551-d6f03cd03ea4)","(""(""""(widget)"""",widget)"",name)")	\\xcae662172fd450bb0cd710a769079c05bfc5d8e35efa6576edc7d0377afdd4a2
fc343ca2-863a-4226-87f0-d0c4f5bba18b	0422a479-25c0-4b72-ba47-d9b41d186fd5	("(""(""""(""""""""(widget)"""""""",widget)"""",id)"",ba62b0bf-fd7f-4b75-b129-4ae7ae97523a)","(""(""""(widget)"""",widget)"",id)")	\\x03efbe1d14a4adee7bb1eba35e8f54e3c93ab52424696a67a74a2f6e5448533b
fc5203fc-1ee5-40d5-afd5-a99d921e9041	6adf235a-f94f-44e8-979f-cde3f0446098	("(""(""""(""""""""(widget)"""""""",widget)"""",id)"",bce2ca97-053f-48e4-8551-d6f03cd03ea4)","(""(""""(widget)"""",widget)"",name)")	\\xcae662172fd450bb0cd710a769079c05bfc5d8e35efa6576edc7d0377afdd4a2
fe78dd1f-98c0-407d-ba2b-40760ff21081	ab0cebd0-d342-4f11-8347-f1d789b73882	("(""(""""(""""""""(widget)"""""""",widget)"""",id)"",5adb74b2-8c13-4877-8f3f-0e24d0ff1865)","(""(""""(widget)"""",widget)"",help)")	\N
ffd05de4-1230-425e-9ba2-9c0cdd65e77c	191259cb-ebfa-448a-b68c-70762d25dcc9	("(""(""""(""""""""(widget)"""""""",widget)"""",id)"",ebb21bca-47bc-4d54-a3a8-81d3d362f73a)","(""(""""(widget)"""",widget)"",id)")	\\x85a9efe66bfa83aaf1603171346048b3108ff5aae2242918288b04f494fb7fad
ffe0fcd3-b230-4986-b40a-ba6cb03fe423	f585603d-248a-4f36-92c9-a4a8a9492fd2	("(""(""""(""""""""(widget)"""""""",widget)"""",id)"",8fdc7862-2dba-4e9a-b973-47fe4d293c6b)","(""(""""(widget)"""",widget)"",common_js)")	\\xe3b0c44298fc1c149afbf4c8996fb92427ae41e4649b934ca495991b7852b855
