001b7da2-a87b-490c-afc9-1581fa53db19	8c12a950-05ae-41bc-b9cf-9f6a430b02e7	("(""(""""(""""""""(widget)"""""""",widget)"""",id)"",18251e25-cfca-4f4d-bde5-c9c5be89eaba)","(""(""""(widget)"""",widget)"",html)")	\\xb4109920496eb265c91078c527592d80d8d7f49546c9c8231d5ef4f0fdb5cb13
01eec277-461f-47cb-96bc-f8fea2e5d82f	ac1d35ae-0838-44f3-bfb6-217dae5d58b2	("(""(""""(""""""""(widget)"""""""",widget)"""",id)"",e83c6a04-bc73-43ed-ab3e-2642bf43e9e1)","(""(""""(widget)"""",widget)"",html)")	\\xb462be37eb1d011a9e7009fc3ded570a9d5f1c3767572003c9d124b76d4213b7
0bcffc7f-961b-4cc2-9869-ea8503ae5959	e3dd8693-3ea5-4ea0-b77c-b4e1f2135c3a	("(""(""""(""""""""(widget)"""""""",widget)"""",id)"",e83c6a04-bc73-43ed-ab3e-2642bf43e9e1)","(""(""""(widget)"""",widget)"",html)")	\\xb462be37eb1d011a9e7009fc3ded570a9d5f1c3767572003c9d124b76d4213b7
0e4cce1c-01a8-4424-9ab8-9dbde8ddf5f7	e3dd8693-3ea5-4ea0-b77c-b4e1f2135c3a	("(""(""""(""""""""(widget)"""""""",widget)"""",id)"",e83c6a04-bc73-43ed-ab3e-2642bf43e9e1)","(""(""""(widget)"""",widget)"",pre_js)")	\\xe4b08665b2511bc86ca7cf1116f4a4df34ec5c7f0a19329e166cd8a00e862382
12995c92-ce0e-4fc1-838c-bcac3e7dcbbd	19d5c347-5f00-4ee2-a223-1e34ab9c31eb	("(""(""""(""""""""(widget)"""""""",widget)"""",id)"",e83c6a04-bc73-43ed-ab3e-2642bf43e9e1)","(""(""""(widget)"""",widget)"",name)")	\\x00a9e4255a5b63067b76cbfb9fd67f26bdb91be802d5ffcb177ec1b7a8d4c623
146b7b68-6cc2-4244-9358-2fc9f3568026	8c12a950-05ae-41bc-b9cf-9f6a430b02e7	("(""(""""(""""""""(widget)"""""""",widget)"""",id)"",18251e25-cfca-4f4d-bde5-c9c5be89eaba)","(""(""""(widget)"""",widget)"",server_js)")	\\xe3b0c44298fc1c149afbf4c8996fb92427ae41e4649b934ca495991b7852b855
15e95db7-87ea-4a6c-ab17-618c0ee84a2c	19d5c347-5f00-4ee2-a223-1e34ab9c31eb	("(""(""""(""""""""(widget)"""""""",widget)"""",id)"",e83c6a04-bc73-43ed-ab3e-2642bf43e9e1)","(""(""""(widget)"""",widget)"",css)")	\\x0ba9b693da6b2dbb83cee744e953ac5cb5f3d2cb93a4a0550b607a7fdcca02c2
2004875f-3cdf-4c49-ad6e-4c83fb87e004	8c12a950-05ae-41bc-b9cf-9f6a430b02e7	("(""(""""(""""""""(widget)"""""""",widget)"""",id)"",18251e25-cfca-4f4d-bde5-c9c5be89eaba)","(""(""""(widget)"""",widget)"",css)")	\\x0ba9b693da6b2dbb83cee744e953ac5cb5f3d2cb93a4a0550b607a7fdcca02c2
21d64b40-92ec-4cd1-9396-73e66ddb4a80	a80e3768-9fd3-47d8-aaa2-21767c3ac13c	("(""(""""(""""""""(widget)"""""""",widget)"""",id)"",18251e25-cfca-4f4d-bde5-c9c5be89eaba)","(""(""""(widget)"""",widget)"",name)")	\\xa11a75e0feeecc1a9eff682b06ef0b1461ed4ee7a4d6da4ae333bdc1041d9d51
242e2bf8-8d86-4624-81cc-088db36379b3	244a3b27-6fff-42dc-a2b2-628aae6f592d	("(""(""""(""""""""(widget)"""""""",widget)"""",id)"",18251e25-cfca-4f4d-bde5-c9c5be89eaba)","(""(""""(widget)"""",widget)"",post_js)")	\\x01e906f9f83dac8d2e00e6a96e8a4ad833bf3638416acd8f8f9430bfcfc651d2
27d7a2ec-f2c9-479b-b49c-bdfcb9e546aa	15fe949a-c75c-4867-98c3-0b045758ed36	("(""(""""(""""""""(widget)"""""""",widget)"""",id)"",e83c6a04-bc73-43ed-ab3e-2642bf43e9e1)","(""(""""(widget)"""",widget)"",css)")	\\x0ba9b693da6b2dbb83cee744e953ac5cb5f3d2cb93a4a0550b607a7fdcca02c2
299586d5-4a6d-4748-aa71-44361a51549e	a80e3768-9fd3-47d8-aaa2-21767c3ac13c	("(""(""""(""""""""(widget)"""""""",widget)"""",id)"",18251e25-cfca-4f4d-bde5-c9c5be89eaba)","(""(""""(widget)"""",widget)"",server_js)")	\\xe3b0c44298fc1c149afbf4c8996fb92427ae41e4649b934ca495991b7852b855
37ce6c37-4e3f-4195-9e4d-1ee7ab61df6f	29cb1134-351e-4781-8800-b6549ffc32be	("(""(""""(""""""""(widget)"""""""",widget)"""",id)"",18251e25-cfca-4f4d-bde5-c9c5be89eaba)","(""(""""(widget)"""",widget)"",post_js)")	\\x4938388f0c68650a2120ab03dfbf8e39b08edca0d086b3c3fd02e84e501a5fab
3d279617-0ee4-4de4-becb-8018fb07cd60	29cb1134-351e-4781-8800-b6549ffc32be	("(""(""""(""""""""(widget)"""""""",widget)"""",id)"",18251e25-cfca-4f4d-bde5-c9c5be89eaba)","(""(""""(widget)"""",widget)"",css)")	\\x0ba9b693da6b2dbb83cee744e953ac5cb5f3d2cb93a4a0550b607a7fdcca02c2
40f0f5d2-b56b-4914-840e-054d01b0c308	5706a14c-499e-4b6c-8785-88a6be02c7e2	("(""(""""(""""""""(widget)"""""""",widget)"""",id)"",e83c6a04-bc73-43ed-ab3e-2642bf43e9e1)","(""(""""(widget)"""",widget)"",id)")	\\xd103fa289ce6b5f6c57d50cf2c1d655be29601b9ae168236d55431a1c5589120
48eea3b6-717b-4dae-a309-65ab15481bb9	29cb1134-351e-4781-8800-b6549ffc32be	("(""(""""(""""""""(widget)"""""""",widget)"""",id)"",18251e25-cfca-4f4d-bde5-c9c5be89eaba)","(""(""""(widget)"""",widget)"",server_js)")	\\xe3b0c44298fc1c149afbf4c8996fb92427ae41e4649b934ca495991b7852b855
498caa36-ce7e-4424-9831-e117bcdf40d8	a80e3768-9fd3-47d8-aaa2-21767c3ac13c	("(""(""""(""""""""(widget)"""""""",widget)"""",id)"",18251e25-cfca-4f4d-bde5-c9c5be89eaba)","(""(""""(widget)"""",widget)"",pre_js)")	\\xe4b08665b2511bc86ca7cf1116f4a4df34ec5c7f0a19329e166cd8a00e862382
4be9ddb6-c287-4231-a1fe-e023463c7d37	244a3b27-6fff-42dc-a2b2-628aae6f592d	("(""(""""(""""""""(widget)"""""""",widget)"""",id)"",18251e25-cfca-4f4d-bde5-c9c5be89eaba)","(""(""""(widget)"""",widget)"",server_js)")	\\xe3b0c44298fc1c149afbf4c8996fb92427ae41e4649b934ca495991b7852b855
503d49ac-acf4-4982-b8ef-7f77482a7c44	19d5c347-5f00-4ee2-a223-1e34ab9c31eb	("(""(""""(""""""""(widget)"""""""",widget)"""",id)"",e83c6a04-bc73-43ed-ab3e-2642bf43e9e1)","(""(""""(widget)"""",widget)"",html)")	\\xb462be37eb1d011a9e7009fc3ded570a9d5f1c3767572003c9d124b76d4213b7
52bf4dca-eac3-4efd-8c59-e0ca741acd90	e3dd8693-3ea5-4ea0-b77c-b4e1f2135c3a	("(""(""""(""""""""(widget)"""""""",widget)"""",id)"",e83c6a04-bc73-43ed-ab3e-2642bf43e9e1)","(""(""""(widget)"""",widget)"",css)")	\\x0ba9b693da6b2dbb83cee744e953ac5cb5f3d2cb93a4a0550b607a7fdcca02c2
5b8172b9-db98-4eb3-b6a0-372e4259b65d	15fe949a-c75c-4867-98c3-0b045758ed36	("(""(""""(""""""""(widget)"""""""",widget)"""",id)"",e83c6a04-bc73-43ed-ab3e-2642bf43e9e1)","(""(""""(widget)"""",widget)"",id)")	\\xd103fa289ce6b5f6c57d50cf2c1d655be29601b9ae168236d55431a1c5589120
5cf28896-43bf-4ec1-97fa-f98c3b5da28f	19d5c347-5f00-4ee2-a223-1e34ab9c31eb	("(""(""""(""""""""(widget)"""""""",widget)"""",id)"",e83c6a04-bc73-43ed-ab3e-2642bf43e9e1)","(""(""""(widget)"""",widget)"",id)")	\\xd103fa289ce6b5f6c57d50cf2c1d655be29601b9ae168236d55431a1c5589120
6325d3d2-7a47-4f2b-9e5c-8c1e0a5dff5b	29cb1134-351e-4781-8800-b6549ffc32be	("(""(""""(""""""""(widget)"""""""",widget)"""",id)"",18251e25-cfca-4f4d-bde5-c9c5be89eaba)","(""(""""(widget)"""",widget)"",id)")	\\xa2ff2522382852a144365e46f2f8646319024abb7ae1aa9c97c24177c44e3deb
660ce5d8-af65-4ce2-943f-9f0eed8bb576	a80e3768-9fd3-47d8-aaa2-21767c3ac13c	("(""(""""(""""""""(widget)"""""""",widget)"""",id)"",18251e25-cfca-4f4d-bde5-c9c5be89eaba)","(""(""""(widget)"""",widget)"",id)")	\\xa2ff2522382852a144365e46f2f8646319024abb7ae1aa9c97c24177c44e3deb
6df1c720-6f2c-44b0-9be7-2a759991ac4e	ac1d35ae-0838-44f3-bfb6-217dae5d58b2	("(""(""""(""""""""(widget)"""""""",widget)"""",id)"",e83c6a04-bc73-43ed-ab3e-2642bf43e9e1)","(""(""""(widget)"""",widget)"",pre_js)")	\\xe4b08665b2511bc86ca7cf1116f4a4df34ec5c7f0a19329e166cd8a00e862382
7153ade5-220f-4b15-b9a5-8538232e113d	e3dd8693-3ea5-4ea0-b77c-b4e1f2135c3a	("(""(""""(""""""""(widget)"""""""",widget)"""",id)"",e83c6a04-bc73-43ed-ab3e-2642bf43e9e1)","(""(""""(widget)"""",widget)"",id)")	\\xd103fa289ce6b5f6c57d50cf2c1d655be29601b9ae168236d55431a1c5589120
73b04430-b5b0-4e1c-a735-f231a8abc62d	ac1d35ae-0838-44f3-bfb6-217dae5d58b2	("(""(""""(""""""""(widget)"""""""",widget)"""",id)"",e83c6a04-bc73-43ed-ab3e-2642bf43e9e1)","(""(""""(widget)"""",widget)"",name)")	\\x00a9e4255a5b63067b76cbfb9fd67f26bdb91be802d5ffcb177ec1b7a8d4c623
75d597cd-45ec-4b7a-b480-e8eacae39904	8c12a950-05ae-41bc-b9cf-9f6a430b02e7	("(""(""""(""""""""(widget)"""""""",widget)"""",id)"",18251e25-cfca-4f4d-bde5-c9c5be89eaba)","(""(""""(widget)"""",widget)"",id)")	\\xa2ff2522382852a144365e46f2f8646319024abb7ae1aa9c97c24177c44e3deb
77cce73b-65a2-4309-8ab5-142407c99596	5706a14c-499e-4b6c-8785-88a6be02c7e2	("(""(""""(""""""""(widget)"""""""",widget)"""",id)"",e83c6a04-bc73-43ed-ab3e-2642bf43e9e1)","(""(""""(widget)"""",widget)"",post_js)")	\\x4938388f0c68650a2120ab03dfbf8e39b08edca0d086b3c3fd02e84e501a5fab
7b150f0d-dde8-4411-ad9c-e3e705d80333	244a3b27-6fff-42dc-a2b2-628aae6f592d	("(""(""""(""""""""(widget)"""""""",widget)"""",id)"",18251e25-cfca-4f4d-bde5-c9c5be89eaba)","(""(""""(widget)"""",widget)"",pre_js)")	\\xe4b08665b2511bc86ca7cf1116f4a4df34ec5c7f0a19329e166cd8a00e862382
8025c9ac-b171-4b17-8b88-9d5931b22c21	ac1d35ae-0838-44f3-bfb6-217dae5d58b2	("(""(""""(""""""""(widget)"""""""",widget)"""",id)"",e83c6a04-bc73-43ed-ab3e-2642bf43e9e1)","(""(""""(widget)"""",widget)"",id)")	\\xd103fa289ce6b5f6c57d50cf2c1d655be29601b9ae168236d55431a1c5589120
8099ee25-f590-4f69-b4cb-9233cfd53cd1	e3dd8693-3ea5-4ea0-b77c-b4e1f2135c3a	("(""(""""(""""""""(widget)"""""""",widget)"""",id)"",e83c6a04-bc73-43ed-ab3e-2642bf43e9e1)","(""(""""(widget)"""",widget)"",post_js)")	\\x4938388f0c68650a2120ab03dfbf8e39b08edca0d086b3c3fd02e84e501a5fab
82822d00-74ac-4c83-be65-8b32200904d7	19d5c347-5f00-4ee2-a223-1e34ab9c31eb	("(""(""""(""""""""(widget)"""""""",widget)"""",id)"",e83c6a04-bc73-43ed-ab3e-2642bf43e9e1)","(""(""""(widget)"""",widget)"",post_js)")	\\x4938388f0c68650a2120ab03dfbf8e39b08edca0d086b3c3fd02e84e501a5fab
82f4667b-8a15-42b5-9da7-f8f4d4988ded	15fe949a-c75c-4867-98c3-0b045758ed36	("(""(""""(""""""""(widget)"""""""",widget)"""",id)"",e83c6a04-bc73-43ed-ab3e-2642bf43e9e1)","(""(""""(widget)"""",widget)"",post_js)")	\\x01e906f9f83dac8d2e00e6a96e8a4ad833bf3638416acd8f8f9430bfcfc651d2
86221600-5d51-4a4e-9313-383da7b86f38	8c12a950-05ae-41bc-b9cf-9f6a430b02e7	("(""(""""(""""""""(widget)"""""""",widget)"""",id)"",18251e25-cfca-4f4d-bde5-c9c5be89eaba)","(""(""""(widget)"""",widget)"",pre_js)")	\\xe4b08665b2511bc86ca7cf1116f4a4df34ec5c7f0a19329e166cd8a00e862382
89a19485-9312-4d08-996c-d1ab6aa82cef	8c12a950-05ae-41bc-b9cf-9f6a430b02e7	("(""(""""(""""""""(widget)"""""""",widget)"""",id)"",18251e25-cfca-4f4d-bde5-c9c5be89eaba)","(""(""""(widget)"""",widget)"",name)")	\\xa11a75e0feeecc1a9eff682b06ef0b1461ed4ee7a4d6da4ae333bdc1041d9d51
8bac6c78-be86-47ae-978a-99fb094e4d3b	a80e3768-9fd3-47d8-aaa2-21767c3ac13c	("(""(""""(""""""""(widget)"""""""",widget)"""",id)"",18251e25-cfca-4f4d-bde5-c9c5be89eaba)","(""(""""(widget)"""",widget)"",css)")	\\x0ba9b693da6b2dbb83cee744e953ac5cb5f3d2cb93a4a0550b607a7fdcca02c2
8fd03806-7c86-48e8-a306-315179a00cc8	ac1d35ae-0838-44f3-bfb6-217dae5d58b2	("(""(""""(""""""""(widget)"""""""",widget)"""",id)"",e83c6a04-bc73-43ed-ab3e-2642bf43e9e1)","(""(""""(widget)"""",widget)"",css)")	\\x0ba9b693da6b2dbb83cee744e953ac5cb5f3d2cb93a4a0550b607a7fdcca02c2
9007705d-b4d3-4e67-85e6-b310e13b5431	15fe949a-c75c-4867-98c3-0b045758ed36	("(""(""""(""""""""(widget)"""""""",widget)"""",id)"",e83c6a04-bc73-43ed-ab3e-2642bf43e9e1)","(""(""""(widget)"""",widget)"",name)")	\\x00a9e4255a5b63067b76cbfb9fd67f26bdb91be802d5ffcb177ec1b7a8d4c623
974853cc-15d2-4e1a-9a4e-f0e6d25a115a	244a3b27-6fff-42dc-a2b2-628aae6f592d	("(""(""""(""""""""(widget)"""""""",widget)"""",id)"",18251e25-cfca-4f4d-bde5-c9c5be89eaba)","(""(""""(widget)"""",widget)"",css)")	\\x0ba9b693da6b2dbb83cee744e953ac5cb5f3d2cb93a4a0550b607a7fdcca02c2
9b086848-e16c-4df8-b647-196387e039a3	8c12a950-05ae-41bc-b9cf-9f6a430b02e7	("(""(""""(""""""""(widget)"""""""",widget)"""",id)"",18251e25-cfca-4f4d-bde5-c9c5be89eaba)","(""(""""(widget)"""",widget)"",common_js)")	\\xe3b0c44298fc1c149afbf4c8996fb92427ae41e4649b934ca495991b7852b855
9d419938-bbc1-47fa-b4e5-9b527c8a75be	a80e3768-9fd3-47d8-aaa2-21767c3ac13c	("(""(""""(""""""""(widget)"""""""",widget)"""",id)"",18251e25-cfca-4f4d-bde5-c9c5be89eaba)","(""(""""(widget)"""",widget)"",post_js)")	\\x78900e1c20f125bccfcc6f98137f14b5985899d33e1adef5d8a28878db116c16
a0d1a18b-ac90-4c11-8c30-a41223a49bb0	15fe949a-c75c-4867-98c3-0b045758ed36	("(""(""""(""""""""(widget)"""""""",widget)"""",id)"",e83c6a04-bc73-43ed-ab3e-2642bf43e9e1)","(""(""""(widget)"""",widget)"",html)")	\\xb462be37eb1d011a9e7009fc3ded570a9d5f1c3767572003c9d124b76d4213b7
a1373922-dd89-4318-aefb-02b500ff12a3	29cb1134-351e-4781-8800-b6549ffc32be	("(""(""""(""""""""(widget)"""""""",widget)"""",id)"",18251e25-cfca-4f4d-bde5-c9c5be89eaba)","(""(""""(widget)"""",widget)"",pre_js)")	\\xe4b08665b2511bc86ca7cf1116f4a4df34ec5c7f0a19329e166cd8a00e862382
a354ade3-5e7e-4282-a750-afedc55a3d9c	a80e3768-9fd3-47d8-aaa2-21767c3ac13c	("(""(""""(""""""""(widget)"""""""",widget)"""",id)"",18251e25-cfca-4f4d-bde5-c9c5be89eaba)","(""(""""(widget)"""",widget)"",common_js)")	\\xe3b0c44298fc1c149afbf4c8996fb92427ae41e4649b934ca495991b7852b855
afc25a0b-1010-41f7-a634-7dace6089f29	244a3b27-6fff-42dc-a2b2-628aae6f592d	("(""(""""(""""""""(widget)"""""""",widget)"""",id)"",18251e25-cfca-4f4d-bde5-c9c5be89eaba)","(""(""""(widget)"""",widget)"",name)")	\\xa11a75e0feeecc1a9eff682b06ef0b1461ed4ee7a4d6da4ae333bdc1041d9d51
c111b386-1dee-465e-bea9-c582e8011af7	5706a14c-499e-4b6c-8785-88a6be02c7e2	("(""(""""(""""""""(widget)"""""""",widget)"""",id)"",e83c6a04-bc73-43ed-ab3e-2642bf43e9e1)","(""(""""(widget)"""",widget)"",pre_js)")	\\xe4b08665b2511bc86ca7cf1116f4a4df34ec5c7f0a19329e166cd8a00e862382
c16ae8ac-596b-4b8d-ba8f-db8e03456f6c	244a3b27-6fff-42dc-a2b2-628aae6f592d	("(""(""""(""""""""(widget)"""""""",widget)"""",id)"",18251e25-cfca-4f4d-bde5-c9c5be89eaba)","(""(""""(widget)"""",widget)"",id)")	\\xa2ff2522382852a144365e46f2f8646319024abb7ae1aa9c97c24177c44e3deb
c32cc220-c375-4fe6-85b9-4a92b4936929	29cb1134-351e-4781-8800-b6549ffc32be	("(""(""""(""""""""(widget)"""""""",widget)"""",id)"",18251e25-cfca-4f4d-bde5-c9c5be89eaba)","(""(""""(widget)"""",widget)"",name)")	\\xa11a75e0feeecc1a9eff682b06ef0b1461ed4ee7a4d6da4ae333bdc1041d9d51
c73e72ce-5e04-400e-837d-9833446eda15	29cb1134-351e-4781-8800-b6549ffc32be	("(""(""""(""""""""(widget)"""""""",widget)"""",id)"",18251e25-cfca-4f4d-bde5-c9c5be89eaba)","(""(""""(widget)"""",widget)"",common_js)")	\\xe3b0c44298fc1c149afbf4c8996fb92427ae41e4649b934ca495991b7852b855
c7f6d6bf-2b34-4e7a-bbf0-3fd9aca1f9bc	244a3b27-6fff-42dc-a2b2-628aae6f592d	("(""(""""(""""""""(widget)"""""""",widget)"""",id)"",18251e25-cfca-4f4d-bde5-c9c5be89eaba)","(""(""""(widget)"""",widget)"",common_js)")	\\xe3b0c44298fc1c149afbf4c8996fb92427ae41e4649b934ca495991b7852b855
d2c68e92-4a30-4fec-99dc-2053cc2e77d7	244a3b27-6fff-42dc-a2b2-628aae6f592d	("(""(""""(""""""""(widget)"""""""",widget)"""",id)"",18251e25-cfca-4f4d-bde5-c9c5be89eaba)","(""(""""(widget)"""",widget)"",html)")	\\x5b5e12674367523b93ffc4ee7058996b466f5dc1251760466544a785c53f1d8b
d97289c5-c7be-4734-9b90-886fd53815d2	8c12a950-05ae-41bc-b9cf-9f6a430b02e7	("(""(""""(""""""""(widget)"""""""",widget)"""",id)"",18251e25-cfca-4f4d-bde5-c9c5be89eaba)","(""(""""(widget)"""",widget)"",post_js)")	\\x4938388f0c68650a2120ab03dfbf8e39b08edca0d086b3c3fd02e84e501a5fab
db35d553-47aa-4584-9a4a-874e02254873	ac1d35ae-0838-44f3-bfb6-217dae5d58b2	("(""(""""(""""""""(widget)"""""""",widget)"""",id)"",e83c6a04-bc73-43ed-ab3e-2642bf43e9e1)","(""(""""(widget)"""",widget)"",post_js)")	\\x4938388f0c68650a2120ab03dfbf8e39b08edca0d086b3c3fd02e84e501a5fab
e2fa66db-2942-47bf-956e-a2cbc73dfd5b	5706a14c-499e-4b6c-8785-88a6be02c7e2	("(""(""""(""""""""(widget)"""""""",widget)"""",id)"",e83c6a04-bc73-43ed-ab3e-2642bf43e9e1)","(""(""""(widget)"""",widget)"",name)")	\\x00a9e4255a5b63067b76cbfb9fd67f26bdb91be802d5ffcb177ec1b7a8d4c623
e6cb27d0-2f37-42c0-b9f5-bcdea0b757e8	19d5c347-5f00-4ee2-a223-1e34ab9c31eb	("(""(""""(""""""""(widget)"""""""",widget)"""",id)"",e83c6a04-bc73-43ed-ab3e-2642bf43e9e1)","(""(""""(widget)"""",widget)"",pre_js)")	\\xe4b08665b2511bc86ca7cf1116f4a4df34ec5c7f0a19329e166cd8a00e862382
eb66f21a-5167-4138-adb8-da3fcc4d4e75	a80e3768-9fd3-47d8-aaa2-21767c3ac13c	("(""(""""(""""""""(widget)"""""""",widget)"""",id)"",18251e25-cfca-4f4d-bde5-c9c5be89eaba)","(""(""""(widget)"""",widget)"",html)")	\\x5b5e12674367523b93ffc4ee7058996b466f5dc1251760466544a785c53f1d8b
eca10c72-b88b-4f0b-82b9-795cb3804a6c	5706a14c-499e-4b6c-8785-88a6be02c7e2	("(""(""""(""""""""(widget)"""""""",widget)"""",id)"",e83c6a04-bc73-43ed-ab3e-2642bf43e9e1)","(""(""""(widget)"""",widget)"",css)")	\\x0ba9b693da6b2dbb83cee744e953ac5cb5f3d2cb93a4a0550b607a7fdcca02c2
ecd3e655-d043-48d3-8c7a-ae2992c27b1b	5706a14c-499e-4b6c-8785-88a6be02c7e2	("(""(""""(""""""""(widget)"""""""",widget)"""",id)"",e83c6a04-bc73-43ed-ab3e-2642bf43e9e1)","(""(""""(widget)"""",widget)"",html)")	\\xb462be37eb1d011a9e7009fc3ded570a9d5f1c3767572003c9d124b76d4213b7
f2512823-7bcb-4fd7-8cc1-a05d0101b6b3	29cb1134-351e-4781-8800-b6549ffc32be	("(""(""""(""""""""(widget)"""""""",widget)"""",id)"",18251e25-cfca-4f4d-bde5-c9c5be89eaba)","(""(""""(widget)"""",widget)"",html)")	\\x5b5e12674367523b93ffc4ee7058996b466f5dc1251760466544a785c53f1d8b
f5faff0b-f02a-44bf-9ff2-759a989dc0f1	15fe949a-c75c-4867-98c3-0b045758ed36	("(""(""""(""""""""(widget)"""""""",widget)"""",id)"",e83c6a04-bc73-43ed-ab3e-2642bf43e9e1)","(""(""""(widget)"""",widget)"",pre_js)")	\\xe4b08665b2511bc86ca7cf1116f4a4df34ec5c7f0a19329e166cd8a00e862382
feb808dd-a0e6-4a4a-82ae-52bcaa8d2002	e3dd8693-3ea5-4ea0-b77c-b4e1f2135c3a	("(""(""""(""""""""(widget)"""""""",widget)"""",id)"",e83c6a04-bc73-43ed-ab3e-2642bf43e9e1)","(""(""""(widget)"""",widget)"",name)")	\\x00a9e4255a5b63067b76cbfb9fd67f26bdb91be802d5ffcb177ec1b7a8d4c623
