013c0601-05ad-40ed-b0aa-3c5ae4ca6f92	07a9735d-7a5c-430b-b852-86d24ee515d2	("(""(""""(semantics)"""",relation_purpose)"",id)",d97b737d-e9d3-4238-96f1-b952a1c37230)
014667f9-ce09-41c7-8d78-33d5e2f53f31	07a9735d-7a5c-430b-b852-86d24ee515d2	("(""(""""(semantics)"""",column_purpose)"",id)",2643fd82-2eba-4123-bf7a-b9c0daa1adcb)
015d1722-e0ed-40b4-ae42-8a495591a825	ce6ec5db-ac9e-4605-aeae-cb5c2b5ec12b	("(""(""""(semantics)"""",type)"",id)",30c85abd-fa53-4429-b088-5e78c7589568)
01d6ab6d-9608-4c95-8e11-eca98cc7dd2c	2768eac2-a214-4e01-8ec3-3a3e3727fac8	("(""(""""(semantics)"""",column)"",id)",127fe8b9-7429-475f-a062-20bbe09b1280)
021b2c88-11f6-41a4-b9b4-d65960614340	8f74bf64-037d-4363-938d-2b522e53f67d	("(""(""""(semantics)"""",type)"",id)",b4117506-4236-4f65-9a13-c7dca950ddf0)
0235eee6-11d7-472c-9281-fd0f77aa4db3	8f74bf64-037d-4363-938d-2b522e53f67d	("(""(""""(semantics)"""",column)"",id)",67f9ea1f-da5e-4bf7-ac01-59de72240047)
02af4bf6-4826-4e7f-8385-3921a64c6d63	01a9fb18-b8a8-4091-8323-ecf12ed646e9	("(""(""""(semantics)"""",relation_purpose)"",id)",8e0a718c-420d-4d46-9239-bf213e433d17)
03694440-6b3e-44e4-bc98-19b36829a1dc	130ab52f-b76a-4254-a244-a605dc6d6180	("(""(""""(semantics)"""",column_purpose)"",id)",f69056cc-c718-4835-a091-d12380639e79)
03806cfc-1283-44af-b1b6-a49936ad8b98	130ab52f-b76a-4254-a244-a605dc6d6180	("(""(""""(semantics)"""",type)"",id)",188d7c72-3d13-4508-b68a-b07733e48454)
04f79527-0ede-4604-957a-24a5533db46d	d7edc5b4-be19-4b94-b686-c051485c9f6d	("(""(""""(semantics)"""",column_purpose)"",id)",6159ecb9-3821-4a57-8463-fab618da324b)
0618fec3-152c-4d7e-b16b-77e7a90fdc7c	4255cd2a-3712-4e15-9f76-dd1700ccd6fb	("(""(""""(semantics)"""",relation_purpose)"",id)",df6d1b09-280a-436e-8b89-8d41feb95173)
06aa09de-b9bc-4540-bfab-ce45712cbeb7	8f74bf64-037d-4363-938d-2b522e53f67d	("(""(""""(semantics)"""",column_purpose)"",id)",9a04641e-2348-41d5-86fe-3ad726dbaa94)
06e17915-045c-4720-8222-46964e4067f1	01a9fb18-b8a8-4091-8323-ecf12ed646e9	("(""(""""(widget)"""",widget)"",id)",685b6e67-b3dc-4890-94c4-2b9b09e6e286)
0795313e-5e6b-4e09-b80a-366fe0063bb0	130ab52f-b76a-4254-a244-a605dc6d6180	("(""(""""(semantics)"""",relation_purpose)"",id)",f67acea7-d3d4-427b-8749-973c6664ce9a)
079c5d7f-98f2-4be5-ada1-aab3e8b7c8ef	ce6ec5db-ac9e-4605-aeae-cb5c2b5ec12b	("(""(""""(semantics)"""",relation_purpose)"",id)",f67acea7-d3d4-427b-8749-973c6664ce9a)
08fa9aa8-37ec-4e97-8e82-a83797df6a5d	d7edc5b4-be19-4b94-b686-c051485c9f6d	("(""(""""(semantics)"""",column)"",id)",2766f45b-c89f-45c5-bbb2-ea1106bc96d7)
094ba7c7-90f3-4138-9db7-e9467eec7e46	8f74bf64-037d-4363-938d-2b522e53f67d	("(""(""""(widget)"""",widget)"",id)",7e7fa68f-46e6-4d9f-bdb0-74449059ae7c)
0953f8d3-0dbc-45ed-b19d-45c3d41caa5c	130ab52f-b76a-4254-a244-a605dc6d6180	("(""(""""(semantics)"""",column_purpose)"",id)",f071b1ed-df9d-4279-ae2d-218b2bfffc14)
09ae48e2-c193-47e9-a5f4-f40c296ad380	07a9735d-7a5c-430b-b852-86d24ee515d2	("(""(""""(widget)"""",widget)"",id)",b9251ff6-33e3-451d-a381-460cad737c71)
09c24371-459e-414f-a180-e37dd5765cc6	130ab52f-b76a-4254-a244-a605dc6d6180	("(""(""""(semantics)"""",relation_purpose)"",id)",8e0a718c-420d-4d46-9239-bf213e433d17)
0a244c7e-84ef-4084-af41-1c6a7614e21f	4255cd2a-3712-4e15-9f76-dd1700ccd6fb	("(""(""""(semantics)"""",column_purpose)"",id)",2643fd82-2eba-4123-bf7a-b9c0daa1adcb)
0c0402dd-62c6-4977-b41f-3f40afef2ee9	4255cd2a-3712-4e15-9f76-dd1700ccd6fb	("(""(""""(semantics)"""",relation_purpose)"",id)",f67acea7-d3d4-427b-8749-973c6664ce9a)
0c786c36-d258-44d7-8574-6695edd67cee	130ab52f-b76a-4254-a244-a605dc6d6180	("(""(""""(semantics)"""",type)"",id)",cafc69ba-e748-4695-a5be-b9dfe803aff5)
0cac2b3e-3f0d-44a8-8b69-f67e67fffbb4	cbc57da4-857d-4411-9245-e19943c8c875	("(""(""""(semantics)"""",relation)"",id)",88d558bb-a389-4012-872e-665ec6b34982)
0ce10e2a-0151-45ef-83cd-a63aadad3118	07a9735d-7a5c-430b-b852-86d24ee515d2	("(""(""""(semantics)"""",relation)"",id)",d268c377-f258-412b-946f-671764b25913)
0de2abe9-8030-4ee1-a913-d13da8315344	4255cd2a-3712-4e15-9f76-dd1700ccd6fb	("(""(""""(semantics)"""",column_purpose)"",id)",340ef112-9934-4c65-9027-37f9a5aea110)
0e224873-a09c-4a10-8a65-f6c78c15e000	01a9fb18-b8a8-4091-8323-ecf12ed646e9	("(""(""""(semantics)"""",relation_purpose)"",id)",d1f29c6b-b861-40de-be53-a8ee785b1cfc)
0e2dd7c3-fd4b-4abb-a966-f76c615902b2	ce6ec5db-ac9e-4605-aeae-cb5c2b5ec12b	("(""(""""(semantics)"""",type)"",id)",132a51d6-2341-48e2-bcd9-9be794bd9942)
0f09fe69-5c99-480d-8d61-91a828938a8b	2768eac2-a214-4e01-8ec3-3a3e3727fac8	("(""(""""(semantics)"""",relation)"",id)",619b182f-4a17-4111-905f-091cfe578842)
0f69f8fb-8c97-491e-85d5-3b683212724f	d7edc5b4-be19-4b94-b686-c051485c9f6d	("(""(""""(semantics)"""",type)"",id)",132a51d6-2341-48e2-bcd9-9be794bd9942)
101fb41e-d5ed-40c3-91bf-98a746cef39e	2768eac2-a214-4e01-8ec3-3a3e3727fac8	("(""(""""(semantics)"""",relation_purpose)"",id)",f67acea7-d3d4-427b-8749-973c6664ce9a)
104f2724-2c93-44ca-b191-628a3a1b97fb	07a9735d-7a5c-430b-b852-86d24ee515d2	("(""(""""(semantics)"""",column_purpose)"",id)",c62d2ceb-6ed2-49ff-857a-f790d40111c8)
105fcfa8-a1fc-41e5-83c3-057b76bff088	4255cd2a-3712-4e15-9f76-dd1700ccd6fb	("(""(""""(semantics)"""",column)"",id)",67f9ea1f-da5e-4bf7-ac01-59de72240047)
108adc46-2e64-467c-9f48-1234d5b9ab0a	130ab52f-b76a-4254-a244-a605dc6d6180	("(""(""""(semantics)"""",relation)"",id)",88d558bb-a389-4012-872e-665ec6b34982)
10a12074-cd7c-4b12-a4fa-08c472fc9f54	4255cd2a-3712-4e15-9f76-dd1700ccd6fb	("(""(""""(semantics)"""",column_purpose)"",id)",501222cf-f62c-4cfb-b7bc-937dca0c7fca)
1190a0f6-13a4-40be-a5d5-cfe0a2ecf745	01a9fb18-b8a8-4091-8323-ecf12ed646e9	("(""(""""(widget)"""",widget)"",id)",b9251ff6-33e3-451d-a381-460cad737c71)
12d9a1cc-6573-4467-b3fc-063c6dab0fa1	8f74bf64-037d-4363-938d-2b522e53f67d	("(""(""""(semantics)"""",column_purpose)"",id)",340ef112-9934-4c65-9027-37f9a5aea110)
1306d67d-8ca6-4e9e-affd-9ceb028f570b	cbc57da4-857d-4411-9245-e19943c8c875	("(""(""""(widget)"""",widget)"",id)",d16078bd-a5dd-484b-b23b-dc7b811619a0)
1356083f-a5fb-4329-b848-c267624859ba	ce6ec5db-ac9e-4605-aeae-cb5c2b5ec12b	("(""(""""(widget)"""",widget)"",id)",b9251ff6-33e3-451d-a381-460cad737c71)
14aeae06-ff33-4cf1-b184-cc5fe4d72407	2768eac2-a214-4e01-8ec3-3a3e3727fac8	("(""(""""(semantics)"""",type)"",id)",188d7c72-3d13-4508-b68a-b07733e48454)
1530a20a-406a-4bbd-bfac-888c391b89f9	d7edc5b4-be19-4b94-b686-c051485c9f6d	("(""(""""(semantics)"""",relation)"",id)",d268c377-f258-412b-946f-671764b25913)
155804d4-214a-44fb-984b-e060002caaaa	2768eac2-a214-4e01-8ec3-3a3e3727fac8	("(""(""""(semantics)"""",column_purpose)"",id)",138b0f75-82c9-4eb5-afbf-c34bcbf0b008)
1694c19e-aae9-447e-a041-06421c7b7f3e	cbc57da4-857d-4411-9245-e19943c8c875	("(""(""""(semantics)"""",column)"",id)",127fe8b9-7429-475f-a062-20bbe09b1280)
169f8bf1-56c7-45f1-a841-e5160742afdf	01a9fb18-b8a8-4091-8323-ecf12ed646e9	("(""(""""(semantics)"""",column_purpose)"",id)",f32898b2-412a-41ce-a610-39e756db0321)
16c9e32c-a99c-4424-9f72-575780946f7c	4255cd2a-3712-4e15-9f76-dd1700ccd6fb	("(""(""""(widget)"""",widget)"",id)",fbcd433f-4644-4cf6-8695-3057fd928db3)
1701a9b1-3a25-4bfc-b2da-7dca541a3efe	8f74bf64-037d-4363-938d-2b522e53f67d	("(""(""""(semantics)"""",column_purpose)"",id)",2e8ca7b6-777d-4c06-94b7-efdfa651f16a)
174c340f-a11f-4c12-b1a1-db7d606a888a	cbc57da4-857d-4411-9245-e19943c8c875	("(""(""""(semantics)"""",type)"",id)",30c85abd-fa53-4429-b088-5e78c7589568)
1775def3-ad4c-4e66-b852-feea640f7a10	130ab52f-b76a-4254-a244-a605dc6d6180	("(""(""""(semantics)"""",type)"",id)",b4117506-4236-4f65-9a13-c7dca950ddf0)
17a8358c-1a4f-4949-83eb-ddee94947d5e	07a9735d-7a5c-430b-b852-86d24ee515d2	("(""(""""(semantics)"""",column)"",id)",127fe8b9-7429-475f-a062-20bbe09b1280)
187928f6-2c63-48d1-896a-91ef44662b52	2768eac2-a214-4e01-8ec3-3a3e3727fac8	("(""(""""(semantics)"""",column_purpose)"",id)",c62d2ceb-6ed2-49ff-857a-f790d40111c8)
190932d3-4eb9-4ae2-b3ff-bdd75da1e69b	ce6ec5db-ac9e-4605-aeae-cb5c2b5ec12b	("(""(""""(semantics)"""",relation_purpose)"",id)",d97b737d-e9d3-4238-96f1-b952a1c37230)
19e028e2-3f90-4274-b9f5-5ef1cbf2a6a9	cbc57da4-857d-4411-9245-e19943c8c875	("(""(""""(semantics)"""",column_purpose)"",id)",191b0c4b-75a3-462c-bb97-89340a023afc)
1a1e9bb6-672e-4a84-a930-606e930ddd11	4255cd2a-3712-4e15-9f76-dd1700ccd6fb	("(""(""""(semantics)"""",column_purpose)"",id)",c62d2ceb-6ed2-49ff-857a-f790d40111c8)
1a886c12-6b70-47ee-8cf5-0cc4c17ebdaf	d7edc5b4-be19-4b94-b686-c051485c9f6d	("(""(""""(widget)"""",widget)"",id)",685b6e67-b3dc-4890-94c4-2b9b09e6e286)
1a9e9b16-40ae-42e9-9df8-aded7797fc8c	d7edc5b4-be19-4b94-b686-c051485c9f6d	("(""(""""(semantics)"""",column_purpose)"",id)",f32898b2-412a-41ce-a610-39e756db0321)
1b1c5c55-845a-44d6-805d-c7f15945e53f	130ab52f-b76a-4254-a244-a605dc6d6180	("(""(""""(semantics)"""",relation)"",id)",619b182f-4a17-4111-905f-091cfe578842)
1b98f765-9fff-4838-b74d-8a4870c03514	01a9fb18-b8a8-4091-8323-ecf12ed646e9	("(""(""""(semantics)"""",column)"",id)",3448afcd-f2d3-4c84-a8e6-73917266bbb6)
1e568178-9d40-4c10-b2ba-2be911f42558	130ab52f-b76a-4254-a244-a605dc6d6180	("(""(""""(semantics)"""",column)"",id)",3448afcd-f2d3-4c84-a8e6-73917266bbb6)
1ea0512b-7080-4694-8fd6-fd00fbc0ea2d	d7edc5b4-be19-4b94-b686-c051485c9f6d	("(""(""""(semantics)"""",type)"",id)",30c85abd-fa53-4429-b088-5e78c7589568)
1f2a6129-ef38-47e4-acd3-2c7a513ffc99	ce6ec5db-ac9e-4605-aeae-cb5c2b5ec12b	("(""(""""(widget)"""",widget)"",id)",685b6e67-b3dc-4890-94c4-2b9b09e6e286)
1fd6ea93-70c8-463b-af7e-77975e6a3c80	4255cd2a-3712-4e15-9f76-dd1700ccd6fb	("(""(""""(semantics)"""",column)"",id)",3448afcd-f2d3-4c84-a8e6-73917266bbb6)
201c28eb-48ac-4492-ab74-2e3d7c12163f	01a9fb18-b8a8-4091-8323-ecf12ed646e9	("(""(""""(semantics)"""",relation)"",id)",88d558bb-a389-4012-872e-665ec6b34982)
202af238-5187-4388-bf26-18d0490c2805	ce6ec5db-ac9e-4605-aeae-cb5c2b5ec12b	("(""(""""(semantics)"""",column)"",id)",67f9ea1f-da5e-4bf7-ac01-59de72240047)
20a87e8d-3093-4068-b7c8-317dcf68419c	4255cd2a-3712-4e15-9f76-dd1700ccd6fb	("(""(""""(semantics)"""",column_purpose)"",id)",f071b1ed-df9d-4279-ae2d-218b2bfffc14)
215e7b35-648f-4e4d-bea7-7f6e2c629b11	d7edc5b4-be19-4b94-b686-c051485c9f6d	("(""(""""(widget)"""",widget)"",id)",50697996-f20f-4e45-9c4c-f3041dee2629)
2164270c-94d9-48d1-a636-ed53d9439331	130ab52f-b76a-4254-a244-a605dc6d6180	("(""(""""(semantics)"""",column)"",id)",127fe8b9-7429-475f-a062-20bbe09b1280)
2193b46f-6436-4843-a10e-2e6b0c9ae625	4255cd2a-3712-4e15-9f76-dd1700ccd6fb	("(""(""""(widget)"""",widget)"",id)",0b3b5614-8338-4d32-8290-fbb213d1b7c1)
225bd983-fcb5-4b0e-a64a-3714349f895c	ce6ec5db-ac9e-4605-aeae-cb5c2b5ec12b	("(""(""""(semantics)"""",type)"",id)",188d7c72-3d13-4508-b68a-b07733e48454)
235b9d9e-7a8e-4177-bb11-c402c6ece189	cbc57da4-857d-4411-9245-e19943c8c875	("(""(""""(semantics)"""",type)"",id)",132a51d6-2341-48e2-bcd9-9be794bd9942)
241bc6ca-d88e-4e46-a1f9-3673a7e251fd	ce6ec5db-ac9e-4605-aeae-cb5c2b5ec12b	("(""(""""(semantics)"""",relation)"",id)",916d8772-e268-42c7-bcd4-8e796d007b96)
2615a79f-1d03-4506-b887-e513bf1928d5	2768eac2-a214-4e01-8ec3-3a3e3727fac8	("(""(""""(semantics)"""",column)"",id)",22d7e730-ce65-42d3-86b1-7c5b8aabbe23)
26453ceb-5030-498e-9db1-c5962f4be6ff	07a9735d-7a5c-430b-b852-86d24ee515d2	("(""(""""(semantics)"""",column)"",id)",27004682-519f-439e-83bc-97a9338cd454)
274780b9-9b02-45f9-b163-1cd489197d24	130ab52f-b76a-4254-a244-a605dc6d6180	("(""(""""(semantics)"""",column)"",id)",27004682-519f-439e-83bc-97a9338cd454)
2906eaca-3e58-488b-9f9f-dbe11b0c15cf	2768eac2-a214-4e01-8ec3-3a3e3727fac8	("(""(""""(widget)"""",widget)"",id)",7e7fa68f-46e6-4d9f-bdb0-74449059ae7c)
293d1bee-8768-4c2a-bdf7-31c705c967fe	d7edc5b4-be19-4b94-b686-c051485c9f6d	("(""(""""(semantics)"""",relation_purpose)"",id)",f6c5abc9-3f72-42c6-ba43-10e51b46beaa)
293db274-f0f2-4304-887d-406ba0144cc7	ce6ec5db-ac9e-4605-aeae-cb5c2b5ec12b	("(""(""""(semantics)"""",column_purpose)"",id)",f69056cc-c718-4835-a091-d12380639e79)
2a1aa085-8766-42a6-8c26-2b0c1c25d292	01a9fb18-b8a8-4091-8323-ecf12ed646e9	("(""(""""(semantics)"""",relation_purpose)"",id)",f6c5abc9-3f72-42c6-ba43-10e51b46beaa)
2a47c9a7-d888-495a-ae08-fa2d0a98c9d7	4255cd2a-3712-4e15-9f76-dd1700ccd6fb	("(""(""""(semantics)"""",relation)"",id)",619b182f-4a17-4111-905f-091cfe578842)
2a554724-55e2-4982-a6fc-5dd8a677d341	07a9735d-7a5c-430b-b852-86d24ee515d2	("(""(""""(widget)"""",widget)"",id)",0b3b5614-8338-4d32-8290-fbb213d1b7c1)
2a881368-765a-4802-868c-234601c553fb	2768eac2-a214-4e01-8ec3-3a3e3727fac8	("(""(""""(semantics)"""",column_purpose)"",id)",2e8ca7b6-777d-4c06-94b7-efdfa651f16a)
2ad22315-9f44-4d6e-a5d9-f97043a42373	d7edc5b4-be19-4b94-b686-c051485c9f6d	("(""(""""(semantics)"""",relation)"",id)",88d558bb-a389-4012-872e-665ec6b34982)
2b6934ce-e602-481f-bb38-51bb8e4b38ea	2768eac2-a214-4e01-8ec3-3a3e3727fac8	("(""(""""(semantics)"""",type)"",id)",cafc69ba-e748-4695-a5be-b9dfe803aff5)
2ba372e7-5737-4178-a6ba-eb85bbb9cee0	4255cd2a-3712-4e15-9f76-dd1700ccd6fb	("(""(""""(semantics)"""",relation_purpose)"",id)",d97b737d-e9d3-4238-96f1-b952a1c37230)
2bf38409-a05b-4bed-bd81-97b719248f04	01a9fb18-b8a8-4091-8323-ecf12ed646e9	("(""(""""(widget)"""",widget)"",id)",7e7fa68f-46e6-4d9f-bdb0-74449059ae7c)
2c67187e-5fa5-4076-93b0-c669ff61763d	2768eac2-a214-4e01-8ec3-3a3e3727fac8	("(""(""""(semantics)"""",column_purpose)"",id)",2643fd82-2eba-4123-bf7a-b9c0daa1adcb)
2cc62c0d-ef9a-4d99-9c43-d013b530730e	130ab52f-b76a-4254-a244-a605dc6d6180	("(""(""""(semantics)"""",relation_purpose)"",id)",f6c5abc9-3f72-42c6-ba43-10e51b46beaa)
2d2567b4-f9e6-4a3e-9bc2-2bcd88c39a94	130ab52f-b76a-4254-a244-a605dc6d6180	("(""(""""(semantics)"""",column_purpose)"",id)",f32898b2-412a-41ce-a610-39e756db0321)
2e31f1b6-d6e5-42f5-983e-7fc865367a15	4255cd2a-3712-4e15-9f76-dd1700ccd6fb	("(""(""""(widget)"""",widget)"",id)",50697996-f20f-4e45-9c4c-f3041dee2629)
2ead2168-7f2e-460e-8575-dcbbab774238	2768eac2-a214-4e01-8ec3-3a3e3727fac8	("(""(""""(semantics)"""",type)"",id)",122b29f3-4029-4065-a0b4-465bac4be286)
2ed7dd87-2cc3-45b6-9739-adfef38fa120	ce6ec5db-ac9e-4605-aeae-cb5c2b5ec12b	("(""(""""(widget)"""",widget)"",id)",50697996-f20f-4e45-9c4c-f3041dee2629)
2f0dbce3-28b9-40a4-ab28-0a3960de8834	ce6ec5db-ac9e-4605-aeae-cb5c2b5ec12b	("(""(""""(semantics)"""",column_purpose)"",id)",c174b1ce-fd10-477d-9ff6-d6c4b5cd2e23)
2f5c5351-c833-471d-a330-59ec4bc9aa24	01a9fb18-b8a8-4091-8323-ecf12ed646e9	("(""(""""(widget)"""",widget)"",id)",9ab9441c-b4d5-4ad4-86eb-e0d4048b0195)
2ff85807-ca39-4ae7-bf44-714ab714c5e2	07a9735d-7a5c-430b-b852-86d24ee515d2	("(""(""""(semantics)"""",column_purpose)"",id)",138b0f75-82c9-4eb5-afbf-c34bcbf0b008)
307c3a63-1344-4d1a-a349-75d3fac32c90	cbc57da4-857d-4411-9245-e19943c8c875	("(""(""""(endpoint)"""",resource)"",id)",d5803ea0-00d3-4297-a78b-1599d2988c05)
3119a73b-827b-408b-a551-f35d4bc7bf90	d7edc5b4-be19-4b94-b686-c051485c9f6d	("(""(""""(semantics)"""",column_purpose)"",id)",138b0f75-82c9-4eb5-afbf-c34bcbf0b008)
316bfb26-3c92-4fdc-b7c9-780c610fa7ee	cbc57da4-857d-4411-9245-e19943c8c875	("(""(""""(semantics)"""",column)"",id)",5cc67297-5959-4bbd-b113-30ca581c6180)
31e856ad-c16f-4afc-b082-55fcfd5267fc	07a9735d-7a5c-430b-b852-86d24ee515d2	("(""(""""(semantics)"""",relation)"",id)",88d558bb-a389-4012-872e-665ec6b34982)
320e1b2f-41b2-4e03-a23f-387418ab520f	cbc57da4-857d-4411-9245-e19943c8c875	("(""(""""(semantics)"""",relation_purpose)"",id)",d1f29c6b-b861-40de-be53-a8ee785b1cfc)
32ddc3e5-a5ea-45b7-95b5-477d48ed4296	d7edc5b4-be19-4b94-b686-c051485c9f6d	("(""(""""(semantics)"""",type)"",id)",8d127696-d3d7-4d7e-8336-0821da3c9a55)
334023d6-b981-4b1e-87ea-f40e716eadd9	01a9fb18-b8a8-4091-8323-ecf12ed646e9	("(""(""""(semantics)"""",column_purpose)"",id)",c62d2ceb-6ed2-49ff-857a-f790d40111c8)
33ef4d4b-54d0-489d-8a5d-edcf977fdc5e	130ab52f-b76a-4254-a244-a605dc6d6180	("(""(""""(semantics)"""",column_purpose)"",id)",2e8ca7b6-777d-4c06-94b7-efdfa651f16a)
3530944b-0711-47b8-a544-dd555d20d041	01a9fb18-b8a8-4091-8323-ecf12ed646e9	("(""(""""(semantics)"""",type)"",id)",188d7c72-3d13-4508-b68a-b07733e48454)
35c19d51-8c5c-4816-86a9-9e9608edb0f7	cbc57da4-857d-4411-9245-e19943c8c875	("(""(""""(semantics)"""",column)"",id)",67f9ea1f-da5e-4bf7-ac01-59de72240047)
35c5a150-48b8-44ea-bb0a-93a9a6375d88	d7edc5b4-be19-4b94-b686-c051485c9f6d	("(""(""""(semantics)"""",type)"",id)",e55de128-dac3-4e87-be70-3665fb49a96e)
37390bd7-6a44-46a0-b5c6-b055139f9944	130ab52f-b76a-4254-a244-a605dc6d6180	("(""(""""(widget)"""",widget)"",id)",9ab9441c-b4d5-4ad4-86eb-e0d4048b0195)
3772c848-3813-4c3c-9a42-0390d610814c	8f74bf64-037d-4363-938d-2b522e53f67d	("(""(""""(semantics)"""",column)"",id)",2766f45b-c89f-45c5-bbb2-ea1106bc96d7)
37b8b17a-fbf2-467d-b89b-3e8754307d5e	cbc57da4-857d-4411-9245-e19943c8c875	("(""(""""(semantics)"""",relation)"",id)",d268c377-f258-412b-946f-671764b25913)
38787540-4513-4753-a9d7-605830ccf522	01a9fb18-b8a8-4091-8323-ecf12ed646e9	("(""(""""(widget)"""",widget)"",id)",8455594e-0a7c-497b-bdab-336f8cb56f51)
38935aa6-0cd4-4700-835f-02822b3dd6e6	8f74bf64-037d-4363-938d-2b522e53f67d	("(""(""""(widget)"""",widget)"",id)",faf836cf-b1eb-4173-b2f5-c14dfc79d3d3)
39185c6f-dc51-43ea-9117-e02b4fe3bf20	01a9fb18-b8a8-4091-8323-ecf12ed646e9	("(""(""""(semantics)"""",relation_purpose)"",id)",df6d1b09-280a-436e-8b89-8d41feb95173)
392894e9-eb23-4c5f-a3c8-e38161ddc3f6	4255cd2a-3712-4e15-9f76-dd1700ccd6fb	("(""(""""(semantics)"""",type)"",id)",a38553f8-c86c-4318-a39c-0f0e1aee5954)
3a76df6e-1e91-4acb-80a2-79975d3c8cce	07a9735d-7a5c-430b-b852-86d24ee515d2	("(""(""""(semantics)"""",column_purpose)"",id)",191b0c4b-75a3-462c-bb97-89340a023afc)
3a8b7fe4-e872-4917-b786-6c2f35223cb7	07a9735d-7a5c-430b-b852-86d24ee515d2	("(""(""""(semantics)"""",relation_purpose)"",id)",ef554d45-011b-4c93-9c8f-887d870dd0e6)
3aa6469b-17f2-4463-851e-46f4aceccc15	ce6ec5db-ac9e-4605-aeae-cb5c2b5ec12b	("(""(""""(semantics)"""",column_purpose)"",id)",138b0f75-82c9-4eb5-afbf-c34bcbf0b008)
3bd6beb8-46a0-41e0-9cc9-fd57b917ffce	130ab52f-b76a-4254-a244-a605dc6d6180	("(""(""""(semantics)"""",column)"",id)",2766f45b-c89f-45c5-bbb2-ea1106bc96d7)
3c2defbb-86a7-4827-82b7-1371fbda2bfe	2768eac2-a214-4e01-8ec3-3a3e3727fac8	("(""(""""(semantics)"""",column)"",id)",45bcce0e-96a8-4cb8-9d3f-4cf6b1555140)
3c9051ea-3091-4fb1-ac4a-966913ff85da	07a9735d-7a5c-430b-b852-86d24ee515d2	("(""(""""(semantics)"""",column_purpose)"",id)",f071b1ed-df9d-4279-ae2d-218b2bfffc14)
3e15c1bf-79ae-48ad-9529-c09bd6861398	d7edc5b4-be19-4b94-b686-c051485c9f6d	("(""(""""(semantics)"""",type)"",id)",188d7c72-3d13-4508-b68a-b07733e48454)
3ea455fe-75f6-4290-972e-5787ed867f03	8f74bf64-037d-4363-938d-2b522e53f67d	("(""(""""(semantics)"""",relation_purpose)"",id)",d97b737d-e9d3-4238-96f1-b952a1c37230)
3ef4faf3-00d9-4db6-9a85-8cf0c996b005	01a9fb18-b8a8-4091-8323-ecf12ed646e9	("(""(""""(semantics)"""",type)"",id)",30c85abd-fa53-4429-b088-5e78c7589568)
3f0acd0f-c7ea-42f0-bd44-b0a7ae8eb109	d7edc5b4-be19-4b94-b686-c051485c9f6d	("(""(""""(widget)"""",widget)"",id)",faf836cf-b1eb-4173-b2f5-c14dfc79d3d3)
3f90c71e-5ae3-4e30-b796-10e20b2f5c9e	d7edc5b4-be19-4b94-b686-c051485c9f6d	("(""(""""(semantics)"""",column_purpose)"",id)",2643fd82-2eba-4123-bf7a-b9c0daa1adcb)
3f93eddb-87f2-4ba9-8a6a-aae4d0cb95c3	130ab52f-b76a-4254-a244-a605dc6d6180	("(""(""""(semantics)"""",column_purpose)"",id)",2643fd82-2eba-4123-bf7a-b9c0daa1adcb)
401b3d29-2bfc-46e8-b92c-4097a08a993d	ce6ec5db-ac9e-4605-aeae-cb5c2b5ec12b	("(""(""""(semantics)"""",relation)"",id)",d268c377-f258-412b-946f-671764b25913)
4068333f-a8d9-46f1-a8f0-268aef316d3f	4255cd2a-3712-4e15-9f76-dd1700ccd6fb	("(""(""""(semantics)"""",column_purpose)"",id)",c174b1ce-fd10-477d-9ff6-d6c4b5cd2e23)
4082216b-ac06-4456-8699-25607cd09194	ce6ec5db-ac9e-4605-aeae-cb5c2b5ec12b	("(""(""""(semantics)"""",relation_purpose)"",id)",ef554d45-011b-4c93-9c8f-887d870dd0e6)
40ddebf1-1427-444e-8e59-985576c5975d	130ab52f-b76a-4254-a244-a605dc6d6180	("(""(""""(semantics)"""",relation)"",id)",916d8772-e268-42c7-bcd4-8e796d007b96)
416c152f-a909-425c-9986-a557a743f86a	07a9735d-7a5c-430b-b852-86d24ee515d2	("(""(""""(widget)"""",widget)"",id)",3da8b760-d32d-4472-bdc0-8e93ea8c53ac)
41e12e84-8d09-4568-b799-bd8ac1ebe2c4	cbc57da4-857d-4411-9245-e19943c8c875	("(""(""""(semantics)"""",column)"",id)",22d7e730-ce65-42d3-86b1-7c5b8aabbe23)
421b4a3e-0723-49db-8019-23dba9502fd6	ce6ec5db-ac9e-4605-aeae-cb5c2b5ec12b	("(""(""""(semantics)"""",column_purpose)"",id)",501222cf-f62c-4cfb-b7bc-937dca0c7fca)
424085c8-13ad-4bc7-b677-1049063a1192	8f74bf64-037d-4363-938d-2b522e53f67d	("(""(""""(semantics)"""",relation)"",id)",88d558bb-a389-4012-872e-665ec6b34982)
4284f760-ae5a-4a2e-af1a-4e079894b942	d7edc5b4-be19-4b94-b686-c051485c9f6d	("(""(""""(semantics)"""",column_purpose)"",id)",f071b1ed-df9d-4279-ae2d-218b2bfffc14)
42e5b01d-6b78-4ee0-a5dc-a74ce515f92f	2768eac2-a214-4e01-8ec3-3a3e3727fac8	("(""(""""(semantics)"""",column)"",id)",67f9ea1f-da5e-4bf7-ac01-59de72240047)
439a95d3-e884-4f61-8f34-b44d151a6bbe	07a9735d-7a5c-430b-b852-86d24ee515d2	("(""(""""(widget)"""",widget)"",id)",2c61d48d-8ade-4057-a506-62f5d2c47af7)
439f5043-ea3e-4ee7-b3be-4c51365f9cae	4255cd2a-3712-4e15-9f76-dd1700ccd6fb	("(""(""""(semantics)"""",column_purpose)"",id)",2e8ca7b6-777d-4c06-94b7-efdfa651f16a)
4413219f-1a4e-4f9b-8478-ab37a6c68f9e	130ab52f-b76a-4254-a244-a605dc6d6180	("(""(""""(widget)"""",widget)"",id)",2c61d48d-8ade-4057-a506-62f5d2c47af7)
442f823b-c28f-491b-8156-81980b6b98ae	8f74bf64-037d-4363-938d-2b522e53f67d	("(""(""""(semantics)"""",column)"",id)",5cc67297-5959-4bbd-b113-30ca581c6180)
444adc33-8b39-4195-a934-48698962e850	8f74bf64-037d-4363-938d-2b522e53f67d	("(""(""""(semantics)"""",relation)"",id)",619b182f-4a17-4111-905f-091cfe578842)
44e24d75-63c8-4b6e-9606-c6f304a94ae2	07a9735d-7a5c-430b-b852-86d24ee515d2	("(""(""""(semantics)"""",relation_purpose)"",id)",df6d1b09-280a-436e-8b89-8d41feb95173)
4510ddf8-2609-4a42-bffc-8d29ae56ebfb	07a9735d-7a5c-430b-b852-86d24ee515d2	("(""(""""(widget)"""",widget)"",id)",9ab9441c-b4d5-4ad4-86eb-e0d4048b0195)
45d93693-736d-4b13-8da6-a105be7e4070	ce6ec5db-ac9e-4605-aeae-cb5c2b5ec12b	("(""(""""(semantics)"""",relation_purpose)"",id)",8e0a718c-420d-4d46-9239-bf213e433d17)
45faf083-c4a6-44ea-a364-01f851204008	07a9735d-7a5c-430b-b852-86d24ee515d2	("(""(""""(semantics)"""",relation_purpose)"",id)",d1f29c6b-b861-40de-be53-a8ee785b1cfc)
461bd9c3-7bb6-4748-8d9e-dd5472359389	8f74bf64-037d-4363-938d-2b522e53f67d	("(""(""""(widget)"""",widget)"",id)",3da8b760-d32d-4472-bdc0-8e93ea8c53ac)
466082c2-0282-47fa-af92-2866d1478bfc	2768eac2-a214-4e01-8ec3-3a3e3727fac8	("(""(""""(widget)"""",widget)"",id)",b9251ff6-33e3-451d-a381-460cad737c71)
475d342c-f015-4568-a064-76a03c3f2e69	2768eac2-a214-4e01-8ec3-3a3e3727fac8	("(""(""""(semantics)"""",relation_purpose)"",id)",d1f29c6b-b861-40de-be53-a8ee785b1cfc)
479b7be7-f694-483a-be31-09fb1f78786d	ce6ec5db-ac9e-4605-aeae-cb5c2b5ec12b	("(""(""""(semantics)"""",type)"",id)",cafc69ba-e748-4695-a5be-b9dfe803aff5)
47ab6f10-6e0a-4f68-af4e-cb9c5ea51034	ce6ec5db-ac9e-4605-aeae-cb5c2b5ec12b	("(""(""""(widget)"""",widget)"",id)",faf836cf-b1eb-4173-b2f5-c14dfc79d3d3)
497cb0cd-ffc9-4a06-a87a-cf38f053794a	130ab52f-b76a-4254-a244-a605dc6d6180	("(""(""""(semantics)"""",column)"",id)",67f9ea1f-da5e-4bf7-ac01-59de72240047)
49898daa-f931-4a1e-93bb-afff9616da67	ce6ec5db-ac9e-4605-aeae-cb5c2b5ec12b	("(""(""""(widget)"""",widget)"",id)",8455594e-0a7c-497b-bdab-336f8cb56f51)
4a168814-41b7-4b96-a724-d6f09d9e301c	8f74bf64-037d-4363-938d-2b522e53f67d	("(""(""""(semantics)"""",type)"",id)",8d127696-d3d7-4d7e-8336-0821da3c9a55)
4b2d2ff6-1032-40b8-914b-779e8f77681d	cbc57da4-857d-4411-9245-e19943c8c875	("(""(""""(widget)"""",widget)"",id)",faf836cf-b1eb-4173-b2f5-c14dfc79d3d3)
4c844f31-7a10-4641-8309-0cb1cc6145a2	01a9fb18-b8a8-4091-8323-ecf12ed646e9	("(""(""""(widget)"""",widget)"",id)",50697996-f20f-4e45-9c4c-f3041dee2629)
4d4716a6-ea4c-457c-9c41-6aa5f9e00e8a	01a9fb18-b8a8-4091-8323-ecf12ed646e9	("(""(""""(semantics)"""",relation)"",id)",d268c377-f258-412b-946f-671764b25913)
4da3afa5-f00c-4ca5-8f05-f0ecf6761bd2	01a9fb18-b8a8-4091-8323-ecf12ed646e9	("(""(""""(semantics)"""",column_purpose)"",id)",f69056cc-c718-4835-a091-d12380639e79)
4e318536-8358-453b-ba20-878090cb4f9b	d7edc5b4-be19-4b94-b686-c051485c9f6d	("(""(""""(semantics)"""",column)"",id)",45bcce0e-96a8-4cb8-9d3f-4cf6b1555140)
4e6acd12-0c1c-4da0-9c8e-dbb52c6a8935	2768eac2-a214-4e01-8ec3-3a3e3727fac8	("(""(""""(widget)"""",widget)"",id)",3da8b760-d32d-4472-bdc0-8e93ea8c53ac)
4e80a8ab-76ed-42a6-ac04-6db5eceaf895	ce6ec5db-ac9e-4605-aeae-cb5c2b5ec12b	("(""(""""(semantics)"""",column_purpose)"",id)",250ac742-3a66-47e2-a173-0ec9090061f5)
4e917a3b-7fb2-469d-b789-e6b9f0c3bd25	4255cd2a-3712-4e15-9f76-dd1700ccd6fb	("(""(""""(widget)"""",widget)"",id)",2c61d48d-8ade-4057-a506-62f5d2c47af7)
4f4bfb84-5e0e-483f-917f-7c6a24034c1c	d7edc5b4-be19-4b94-b686-c051485c9f6d	("(""(""""(semantics)"""",column_purpose)"",id)",250ac742-3a66-47e2-a173-0ec9090061f5)
5009e8bb-5db2-4951-b6d3-1ad74fe9addc	4255cd2a-3712-4e15-9f76-dd1700ccd6fb	("(""(""""(semantics)"""",type)"",id)",8d127696-d3d7-4d7e-8336-0821da3c9a55)
502e13e9-f156-445a-b38d-3219c5981794	130ab52f-b76a-4254-a244-a605dc6d6180	("(""(""""(semantics)"""",column_purpose)"",id)",250ac742-3a66-47e2-a173-0ec9090061f5)
514fd439-9f4f-4bf8-8aea-b032c1033a27	2768eac2-a214-4e01-8ec3-3a3e3727fac8	("(""(""""(semantics)"""",column)"",id)",3448afcd-f2d3-4c84-a8e6-73917266bbb6)
5296d0d0-3ab1-4a25-9893-43f935745955	cbc57da4-857d-4411-9245-e19943c8c875	("(""(""""(semantics)"""",column)"",id)",2766f45b-c89f-45c5-bbb2-ea1106bc96d7)
53560fe5-0693-4097-915c-8f58d979edbb	01a9fb18-b8a8-4091-8323-ecf12ed646e9	("(""(""""(semantics)"""",column_purpose)"",id)",138b0f75-82c9-4eb5-afbf-c34bcbf0b008)
537de590-0087-4ce8-8b08-b7f09dd9e64b	2768eac2-a214-4e01-8ec3-3a3e3727fac8	("(""(""""(semantics)"""",column_purpose)"",id)",f32898b2-412a-41ce-a610-39e756db0321)
545ff0af-520a-4bd3-b32d-b779655499d5	01a9fb18-b8a8-4091-8323-ecf12ed646e9	("(""(""""(semantics)"""",type)"",id)",122b29f3-4029-4065-a0b4-465bac4be286)
54752ac5-8173-48ca-ba09-6e2d799d616c	ce6ec5db-ac9e-4605-aeae-cb5c2b5ec12b	("(""(""""(semantics)"""",type)"",id)",b4117506-4236-4f65-9a13-c7dca950ddf0)
54842d3f-8587-45f4-9025-24db4e32e14f	cbc57da4-857d-4411-9245-e19943c8c875	("(""(""""(semantics)"""",type)"",id)",122b29f3-4029-4065-a0b4-465bac4be286)
555fac85-10c6-452b-b8e8-0202e176b137	07a9735d-7a5c-430b-b852-86d24ee515d2	("(""(""""(semantics)"""",column_purpose)"",id)",250ac742-3a66-47e2-a173-0ec9090061f5)
571851ee-86d2-4d2b-8448-777f6206f053	2768eac2-a214-4e01-8ec3-3a3e3727fac8	("(""(""""(semantics)"""",relation_purpose)"",id)",ef554d45-011b-4c93-9c8f-887d870dd0e6)
572f1820-b3c1-4030-ad50-0bf2d05a5246	07a9735d-7a5c-430b-b852-86d24ee515d2	("(""(""""(semantics)"""",column_purpose)"",id)",f69056cc-c718-4835-a091-d12380639e79)
576f896b-a202-44ad-86b8-e6f60f77969e	8f74bf64-037d-4363-938d-2b522e53f67d	("(""(""""(semantics)"""",type)"",id)",cafc69ba-e748-4695-a5be-b9dfe803aff5)
57f68a06-9c75-4cc0-8db7-fd6e37e89fdd	cbc57da4-857d-4411-9245-e19943c8c875	("(""(""""(widget)"""",widget)"",id)",3da8b760-d32d-4472-bdc0-8e93ea8c53ac)
58928fec-d403-45ce-8acb-0f29a49ede72	130ab52f-b76a-4254-a244-a605dc6d6180	("(""(""""(widget)"""",widget)"",id)",50697996-f20f-4e45-9c4c-f3041dee2629)
5a1c6ac8-f160-47ad-9f6f-4223870764ca	8f74bf64-037d-4363-938d-2b522e53f67d	("(""(""""(semantics)"""",relation)"",id)",916d8772-e268-42c7-bcd4-8e796d007b96)
5b787ad5-e31e-43eb-bca0-657565c7a660	07a9735d-7a5c-430b-b852-86d24ee515d2	("(""(""""(semantics)"""",column_purpose)"",id)",501222cf-f62c-4cfb-b7bc-937dca0c7fca)
5bfa871b-458c-40bc-b1ac-eebaf831a9f3	d7edc5b4-be19-4b94-b686-c051485c9f6d	("(""(""""(semantics)"""",column)"",id)",3448afcd-f2d3-4c84-a8e6-73917266bbb6)
5c349a90-a764-4817-88eb-7348406fa195	8f74bf64-037d-4363-938d-2b522e53f67d	("(""(""""(widget)"""",widget)"",id)",0b3b5614-8338-4d32-8290-fbb213d1b7c1)
5c6de382-2d4c-41c6-affb-f5474c99e2c1	01a9fb18-b8a8-4091-8323-ecf12ed646e9	("(""(""""(semantics)"""",column)"",id)",8e90a3d1-a547-4e40-bcec-11359a7b0a94)
5cd79def-46e4-4b3a-8cf6-c70b5e8fe0da	d7edc5b4-be19-4b94-b686-c051485c9f6d	("(""(""""(semantics)"""",column)"",id)",8e90a3d1-a547-4e40-bcec-11359a7b0a94)
5cf3205d-8660-47a3-b9d5-0a66a72a9b9c	2768eac2-a214-4e01-8ec3-3a3e3727fac8	("(""(""""(semantics)"""",column_purpose)"",id)",9a04641e-2348-41d5-86fe-3ad726dbaa94)
5d23ddfd-1a3d-43e3-8387-c05cc1ae387c	cbc57da4-857d-4411-9245-e19943c8c875	("(""(""""(semantics)"""",relation_purpose)"",id)",d97b737d-e9d3-4238-96f1-b952a1c37230)
5d85f73f-7476-415f-bce1-fdc21f494c44	07a9735d-7a5c-430b-b852-86d24ee515d2	("(""(""""(semantics)"""",type)"",id)",188d7c72-3d13-4508-b68a-b07733e48454)
5e525b51-d886-4215-970a-516d962b1763	cbc57da4-857d-4411-9245-e19943c8c875	("(""(""""(semantics)"""",column)"",id)",27004682-519f-439e-83bc-97a9338cd454)
5e81d57c-e6fe-442d-8346-62b5f3f607ad	ce6ec5db-ac9e-4605-aeae-cb5c2b5ec12b	("(""(""""(semantics)"""",column_purpose)"",id)",9a04641e-2348-41d5-86fe-3ad726dbaa94)
605f9ad7-9a99-4661-95ea-8bbafa62781a	4255cd2a-3712-4e15-9f76-dd1700ccd6fb	("(""(""""(semantics)"""",column_purpose)"",id)",f32898b2-412a-41ce-a610-39e756db0321)
607330cd-2103-48d7-96cf-080cc5ba3f57	01a9fb18-b8a8-4091-8323-ecf12ed646e9	("(""(""""(semantics)"""",relation)"",id)",916d8772-e268-42c7-bcd4-8e796d007b96)
61e1dfd8-bb28-47ad-92a6-2fb1665aa1c1	8f74bf64-037d-4363-938d-2b522e53f67d	("(""(""""(widget)"""",widget)"",id)",8455594e-0a7c-497b-bdab-336f8cb56f51)
624b7d5e-ea9a-420a-b212-e5b8b99cd8b5	d7edc5b4-be19-4b94-b686-c051485c9f6d	("(""(""""(semantics)"""",type)"",id)",b4117506-4236-4f65-9a13-c7dca950ddf0)
62cdc593-967d-485c-aa4b-0d9193eea43e	01a9fb18-b8a8-4091-8323-ecf12ed646e9	("(""(""""(semantics)"""",relation_purpose)"",id)",f67acea7-d3d4-427b-8749-973c6664ce9a)
62f16ecc-ccf1-4edf-8a88-4676423f2177	8f74bf64-037d-4363-938d-2b522e53f67d	("(""(""""(widget)"""",widget)"",id)",9ab9441c-b4d5-4ad4-86eb-e0d4048b0195)
634d92ac-bd92-4e93-be64-aed9942024d0	2768eac2-a214-4e01-8ec3-3a3e3727fac8	("(""(""""(semantics)"""",type)"",id)",a38553f8-c86c-4318-a39c-0f0e1aee5954)
6448fec2-4a62-49b4-afc6-77d9b602e79d	ce6ec5db-ac9e-4605-aeae-cb5c2b5ec12b	("(""(""""(semantics)"""",column_purpose)"",id)",f071b1ed-df9d-4279-ae2d-218b2bfffc14)
64a1e7fc-45ea-4481-90d9-6c721685576c	d7edc5b4-be19-4b94-b686-c051485c9f6d	("(""(""""(semantics)"""",column)"",id)",27004682-519f-439e-83bc-97a9338cd454)
64a5b387-1303-4a55-98c0-71b97c09f8bc	2768eac2-a214-4e01-8ec3-3a3e3727fac8	("(""(""""(semantics)"""",column_purpose)"",id)",250ac742-3a66-47e2-a173-0ec9090061f5)
64d62696-a037-45cf-974f-474102d9b436	2768eac2-a214-4e01-8ec3-3a3e3727fac8	("(""(""""(semantics)"""",type)"",id)",8d127696-d3d7-4d7e-8336-0821da3c9a55)
654c3ceb-dee3-4cc1-a3d4-c60e7d05303b	130ab52f-b76a-4254-a244-a605dc6d6180	("(""(""""(semantics)"""",relation_purpose)"",id)",d97b737d-e9d3-4238-96f1-b952a1c37230)
656e1bb2-11dd-467e-a75e-22456eac0154	4255cd2a-3712-4e15-9f76-dd1700ccd6fb	("(""(""""(semantics)"""",column)"",id)",127fe8b9-7429-475f-a062-20bbe09b1280)
6571bee1-9a4f-4ee4-8372-439ff8f8c119	cbc57da4-857d-4411-9245-e19943c8c875	("(""(""""(semantics)"""",relation_purpose)"",id)",ef554d45-011b-4c93-9c8f-887d870dd0e6)
662407a7-2fbe-4cca-8719-447589d53def	4255cd2a-3712-4e15-9f76-dd1700ccd6fb	("(""(""""(semantics)"""",type)"",id)",132a51d6-2341-48e2-bcd9-9be794bd9942)
6638202c-0b26-43db-93d1-910a46f9b288	8f74bf64-037d-4363-938d-2b522e53f67d	("(""(""""(semantics)"""",column_purpose)"",id)",138b0f75-82c9-4eb5-afbf-c34bcbf0b008)
66e605c2-d354-409d-b66c-0f0689340c62	cbc57da4-857d-4411-9245-e19943c8c875	("(""(""""(semantics)"""",type)"",id)",a38553f8-c86c-4318-a39c-0f0e1aee5954)
673e0ef1-2011-45e6-8386-c9932e488476	130ab52f-b76a-4254-a244-a605dc6d6180	("(""(""""(semantics)"""",type)"",id)",30c85abd-fa53-4429-b088-5e78c7589568)
676756c2-1097-4f36-aae6-2d03e7427242	cbc57da4-857d-4411-9245-e19943c8c875	("(""(""""(semantics)"""",relation_purpose)"",id)",df6d1b09-280a-436e-8b89-8d41feb95173)
682ae867-12c0-43d4-b94f-4f854b667a9f	130ab52f-b76a-4254-a244-a605dc6d6180	("(""(""""(widget)"""",widget)"",id)",fbcd433f-4644-4cf6-8695-3057fd928db3)
6853a1d1-9500-4874-b5ab-458a0fe9dd40	d7edc5b4-be19-4b94-b686-c051485c9f6d	("(""(""""(semantics)"""",relation_purpose)"",id)",f67acea7-d3d4-427b-8749-973c6664ce9a)
689765f7-1e03-4f36-9e5b-6856384401c9	4255cd2a-3712-4e15-9f76-dd1700ccd6fb	("(""(""""(widget)"""",widget)"",id)",3da8b760-d32d-4472-bdc0-8e93ea8c53ac)
69a1392f-f38c-4ff4-8957-d3c028e8cc3f	8f74bf64-037d-4363-938d-2b522e53f67d	("(""(""""(semantics)"""",column_purpose)"",id)",250ac742-3a66-47e2-a173-0ec9090061f5)
69b6775e-0ba1-43ba-b20c-beb2fab1efe5	ce6ec5db-ac9e-4605-aeae-cb5c2b5ec12b	("(""(""""(semantics)"""",relation_purpose)"",id)",d1f29c6b-b861-40de-be53-a8ee785b1cfc)
6a0d1be0-0928-4939-999c-c9a7fa6f6d40	ce6ec5db-ac9e-4605-aeae-cb5c2b5ec12b	("(""(""""(semantics)"""",column_purpose)"",id)",191b0c4b-75a3-462c-bb97-89340a023afc)
6af174d1-925b-4404-86ed-5b44d8a1b221	07a9735d-7a5c-430b-b852-86d24ee515d2	("(""(""""(widget)"""",widget)"",id)",7e7fa68f-46e6-4d9f-bdb0-74449059ae7c)
6b7aa523-ed97-46e3-a7df-b60505b2a429	01a9fb18-b8a8-4091-8323-ecf12ed646e9	("(""(""""(widget)"""",widget)"",id)",fbcd433f-4644-4cf6-8695-3057fd928db3)
6b7e1a38-5955-4b18-a8fe-3eb96c529063	01a9fb18-b8a8-4091-8323-ecf12ed646e9	("(""(""""(semantics)"""",column_purpose)"",id)",2643fd82-2eba-4123-bf7a-b9c0daa1adcb)
6c03c858-f429-4a74-bd72-0a1213a1fa6b	2768eac2-a214-4e01-8ec3-3a3e3727fac8	("(""(""""(semantics)"""",type)"",id)",e55de128-dac3-4e87-be70-3665fb49a96e)
6cb12cac-3c09-4a4c-827e-0397d9217534	01a9fb18-b8a8-4091-8323-ecf12ed646e9	("(""(""""(semantics)"""",column_purpose)"",id)",250ac742-3a66-47e2-a173-0ec9090061f5)
6d9ab4ee-dc36-4aa9-a0ba-48648379c4b4	130ab52f-b76a-4254-a244-a605dc6d6180	("(""(""""(semantics)"""",relation_purpose)"",id)",ef554d45-011b-4c93-9c8f-887d870dd0e6)
6db60958-abfa-47c3-af27-f984d44bb07f	07a9735d-7a5c-430b-b852-86d24ee515d2	("(""(""""(semantics)"""",column)"",id)",8e90a3d1-a547-4e40-bcec-11359a7b0a94)
6eeb5266-5502-42ab-b730-5a51ae31d806	d7edc5b4-be19-4b94-b686-c051485c9f6d	("(""(""""(semantics)"""",column_purpose)"",id)",c174b1ce-fd10-477d-9ff6-d6c4b5cd2e23)
6f52693f-72c2-4323-9168-00062ab02908	01a9fb18-b8a8-4091-8323-ecf12ed646e9	("(""(""""(semantics)"""",type)"",id)",132a51d6-2341-48e2-bcd9-9be794bd9942)
6f6d820f-e27e-45dd-84e0-233404bb9ccd	d7edc5b4-be19-4b94-b686-c051485c9f6d	("(""(""""(semantics)"""",type)"",id)",122b29f3-4029-4065-a0b4-465bac4be286)
6f903ce6-aab4-41d3-bece-bb8baa99c2eb	2768eac2-a214-4e01-8ec3-3a3e3727fac8	("(""(""""(semantics)"""",relation_purpose)"",id)",f6c5abc9-3f72-42c6-ba43-10e51b46beaa)
70dfd759-2d47-4ce6-bed4-1bd8c72c745f	ce6ec5db-ac9e-4605-aeae-cb5c2b5ec12b	("(""(""""(semantics)"""",column_purpose)"",id)",f32898b2-412a-41ce-a610-39e756db0321)
712e31ed-b811-4fbe-bcf6-723233f558a9	ce6ec5db-ac9e-4605-aeae-cb5c2b5ec12b	("(""(""""(semantics)"""",column)"",id)",127fe8b9-7429-475f-a062-20bbe09b1280)
72891633-e73c-46db-b958-7e13108cef21	8f74bf64-037d-4363-938d-2b522e53f67d	("(""(""""(semantics)"""",type)"",id)",188d7c72-3d13-4508-b68a-b07733e48454)
7299a2db-6f12-4be2-b80e-b7307e38a74a	2768eac2-a214-4e01-8ec3-3a3e3727fac8	("(""(""""(semantics)"""",type)"",id)",30c85abd-fa53-4429-b088-5e78c7589568)
734f1af1-01c8-49d3-9acc-97183c97a474	130ab52f-b76a-4254-a244-a605dc6d6180	("(""(""""(widget)"""",widget)"",id)",3da8b760-d32d-4472-bdc0-8e93ea8c53ac)
73aa3ce7-cdfc-45d3-be13-280273dd278b	130ab52f-b76a-4254-a244-a605dc6d6180	("(""(""""(semantics)"""",relation_purpose)"",id)",df6d1b09-280a-436e-8b89-8d41feb95173)
73c2c2e0-256c-4a14-8566-20b4d155404a	cbc57da4-857d-4411-9245-e19943c8c875	("(""(""""(widget)"""",widget)"",id)",50697996-f20f-4e45-9c4c-f3041dee2629)
73ef916e-516f-4026-b526-8d5dcfa25157	8f74bf64-037d-4363-938d-2b522e53f67d	("(""(""""(widget)"""",widget)"",id)",50697996-f20f-4e45-9c4c-f3041dee2629)
747c464d-ef46-4b85-9302-05f40b73ed8e	ce6ec5db-ac9e-4605-aeae-cb5c2b5ec12b	("(""(""""(semantics)"""",relation_purpose)"",id)",f6c5abc9-3f72-42c6-ba43-10e51b46beaa)
759555a5-29c1-4705-a94d-42cb3467d95e	01a9fb18-b8a8-4091-8323-ecf12ed646e9	("(""(""""(semantics)"""",type)"",id)",8d127696-d3d7-4d7e-8336-0821da3c9a55)
76123365-9bf4-49e9-8dcb-2991f5edf10a	01a9fb18-b8a8-4091-8323-ecf12ed646e9	("(""(""""(widget)"""",widget)"",id)",3da8b760-d32d-4472-bdc0-8e93ea8c53ac)
761c9e45-8b42-47af-8549-0dbbe91aaa32	01a9fb18-b8a8-4091-8323-ecf12ed646e9	("(""(""""(widget)"""",widget)"",id)",faf836cf-b1eb-4173-b2f5-c14dfc79d3d3)
763cb5d2-01e2-445b-add2-2f0db688bc1e	8f74bf64-037d-4363-938d-2b522e53f67d	("(""(""""(semantics)"""",column_purpose)"",id)",6159ecb9-3821-4a57-8463-fab618da324b)
76a56480-1e2e-4639-affb-d9d69ec75842	2768eac2-a214-4e01-8ec3-3a3e3727fac8	("(""(""""(widget)"""",widget)"",id)",685b6e67-b3dc-4890-94c4-2b9b09e6e286)
77cedfea-1b8f-460d-9d46-17a1568378c4	130ab52f-b76a-4254-a244-a605dc6d6180	("(""(""""(widget)"""",widget)"",id)",b9251ff6-33e3-451d-a381-460cad737c71)
7872b34e-d85d-4b9c-8fc8-deb67730e2e6	cbc57da4-857d-4411-9245-e19943c8c875	("(""(""""(widget)"""",widget)"",id)",9ab9441c-b4d5-4ad4-86eb-e0d4048b0195)
78f07421-5af4-46f0-abd5-948122af5ff1	d7edc5b4-be19-4b94-b686-c051485c9f6d	("(""(""""(widget)"""",widget)"",id)",fbcd433f-4644-4cf6-8695-3057fd928db3)
795b5905-b740-4811-ae7b-c5f757e5cadb	07a9735d-7a5c-430b-b852-86d24ee515d2	("(""(""""(semantics)"""",type)"",id)",b4117506-4236-4f65-9a13-c7dca950ddf0)
7bcae74f-b1d1-4f51-9f62-11eae4790e6e	d7edc5b4-be19-4b94-b686-c051485c9f6d	("(""(""""(widget)"""",widget)"",id)",3da8b760-d32d-4472-bdc0-8e93ea8c53ac)
7c0d7dc4-0126-42d6-a558-b321ba41d948	07a9735d-7a5c-430b-b852-86d24ee515d2	("(""(""""(semantics)"""",column)"",id)",45bcce0e-96a8-4cb8-9d3f-4cf6b1555140)
7c43964b-b278-41ef-b662-263583c6d9a5	01a9fb18-b8a8-4091-8323-ecf12ed646e9	("(""(""""(semantics)"""",column_purpose)"",id)",191b0c4b-75a3-462c-bb97-89340a023afc)
7c601f53-cbdf-4be7-a943-86c2cd6fe879	130ab52f-b76a-4254-a244-a605dc6d6180	("(""(""""(widget)"""",widget)"",id)",685b6e67-b3dc-4890-94c4-2b9b09e6e286)
7c75ba5e-42a2-4ff1-8785-f93a1b81c463	4255cd2a-3712-4e15-9f76-dd1700ccd6fb	("(""(""""(semantics)"""",type)"",id)",b4117506-4236-4f65-9a13-c7dca950ddf0)
7cf3d9ab-4bce-43bc-94d4-6f77f3d42918	ce6ec5db-ac9e-4605-aeae-cb5c2b5ec12b	("(""(""""(semantics)"""",relation)"",id)",88d558bb-a389-4012-872e-665ec6b34982)
7e74a639-981d-44e7-833c-613a479ddf18	01a9fb18-b8a8-4091-8323-ecf12ed646e9	("(""(""""(semantics)"""",column_purpose)"",id)",501222cf-f62c-4cfb-b7bc-937dca0c7fca)
7fa51e2a-424a-43aa-84f8-ed9207dfd8da	cbc57da4-857d-4411-9245-e19943c8c875	("(""(""""(widget)"""",widget)"",id)",0b3b5614-8338-4d32-8290-fbb213d1b7c1)
803bc79c-b18a-4db8-9bd0-4bb43652270f	07a9735d-7a5c-430b-b852-86d24ee515d2	("(""(""""(semantics)"""",column)"",id)",5cc67297-5959-4bbd-b113-30ca581c6180)
80426308-1569-44f6-a5b4-bb4e3ee9a386	d7edc5b4-be19-4b94-b686-c051485c9f6d	("(""(""""(widget)"""",widget)"",id)",b9251ff6-33e3-451d-a381-460cad737c71)
80db2779-6963-48fe-ae3f-bcbc74e47074	2768eac2-a214-4e01-8ec3-3a3e3727fac8	("(""(""""(widget)"""",widget)"",id)",8455594e-0a7c-497b-bdab-336f8cb56f51)
811ab48e-92d7-4b4e-ada3-99d93db5d8ef	8f74bf64-037d-4363-938d-2b522e53f67d	("(""(""""(semantics)"""",relation_purpose)"",id)",ef554d45-011b-4c93-9c8f-887d870dd0e6)
81892dab-835a-42b5-ae21-ff76fed49c31	07a9735d-7a5c-430b-b852-86d24ee515d2	("(""(""""(semantics)"""",type)"",id)",a38553f8-c86c-4318-a39c-0f0e1aee5954)
824bc862-8a94-40ca-b07a-13ad7aba3756	ce6ec5db-ac9e-4605-aeae-cb5c2b5ec12b	("(""(""""(semantics)"""",column_purpose)"",id)",2643fd82-2eba-4123-bf7a-b9c0daa1adcb)
8295ac9b-61d2-4d08-9b22-2637dbc8c0b3	cbc57da4-857d-4411-9245-e19943c8c875	("(""(""""(semantics)"""",column)"",id)",3448afcd-f2d3-4c84-a8e6-73917266bbb6)
82a6ca5c-28e7-48b8-a174-d626f389f0da	ce6ec5db-ac9e-4605-aeae-cb5c2b5ec12b	("(""(""""(widget)"""",widget)"",id)",9ab9441c-b4d5-4ad4-86eb-e0d4048b0195)
837a8ace-4599-499c-aa5a-a02ed5a4c237	07a9735d-7a5c-430b-b852-86d24ee515d2	("(""(""""(semantics)"""",column_purpose)"",id)",6159ecb9-3821-4a57-8463-fab618da324b)
8432bcb1-7cd5-47fd-81c0-fe0bf08f4d77	2768eac2-a214-4e01-8ec3-3a3e3727fac8	("(""(""""(semantics)"""",relation)"",id)",88d558bb-a389-4012-872e-665ec6b34982)
84760e97-bbd3-4c80-b375-5b16de9bd75e	8f74bf64-037d-4363-938d-2b522e53f67d	("(""(""""(semantics)"""",relation_purpose)"",id)",df6d1b09-280a-436e-8b89-8d41feb95173)
85aab2ba-3c42-42aa-9812-d83b4ee4d98f	cbc57da4-857d-4411-9245-e19943c8c875	("(""(""""(semantics)"""",column_purpose)"",id)",250ac742-3a66-47e2-a173-0ec9090061f5)
862c4ac8-5789-4291-8034-9364eff7e421	01a9fb18-b8a8-4091-8323-ecf12ed646e9	("(""(""""(semantics)"""",column_purpose)"",id)",9a04641e-2348-41d5-86fe-3ad726dbaa94)
873b94e6-7615-4efb-836e-e46e00d65e87	130ab52f-b76a-4254-a244-a605dc6d6180	("(""(""""(widget)"""",widget)"",id)",8455594e-0a7c-497b-bdab-336f8cb56f51)
88041a4f-8425-4a78-a0d0-3354a9f6b5d0	d7edc5b4-be19-4b94-b686-c051485c9f6d	("(""(""""(semantics)"""",type)"",id)",a38553f8-c86c-4318-a39c-0f0e1aee5954)
882b4ff2-d75a-483f-a8bb-26d6b3e0b916	d7edc5b4-be19-4b94-b686-c051485c9f6d	("(""(""""(semantics)"""",column_purpose)"",id)",191b0c4b-75a3-462c-bb97-89340a023afc)
885e22cc-c60b-48bf-af4c-0428b885ba37	130ab52f-b76a-4254-a244-a605dc6d6180	("(""(""""(semantics)"""",column_purpose)"",id)",340ef112-9934-4c65-9027-37f9a5aea110)
89a2a12b-29b1-41df-94bc-cf02cc9599fa	d7edc5b4-be19-4b94-b686-c051485c9f6d	("(""(""""(widget)"""",widget)"",id)",9ab9441c-b4d5-4ad4-86eb-e0d4048b0195)
8a995373-7789-4113-83c6-b5f9fb6f2a45	2768eac2-a214-4e01-8ec3-3a3e3727fac8	("(""(""""(semantics)"""",relation)"",id)",916d8772-e268-42c7-bcd4-8e796d007b96)
8b190b29-be13-4342-bd77-76a4f097e30f	cbc57da4-857d-4411-9245-e19943c8c875	("(""(""""(semantics)"""",relation_purpose)"",id)",f67acea7-d3d4-427b-8749-973c6664ce9a)
8b276718-3300-48c3-ab8b-f03827f44671	8f74bf64-037d-4363-938d-2b522e53f67d	("(""(""""(semantics)"""",column)"",id)",127fe8b9-7429-475f-a062-20bbe09b1280)
8b4adb83-ffc3-4d10-890a-b76c5fb1a406	8f74bf64-037d-4363-938d-2b522e53f67d	("(""(""""(semantics)"""",relation)"",id)",d268c377-f258-412b-946f-671764b25913)
8b887d10-ff0b-498e-95a9-2ba21f8b4614	4255cd2a-3712-4e15-9f76-dd1700ccd6fb	("(""(""""(semantics)"""",column_purpose)"",id)",f69056cc-c718-4835-a091-d12380639e79)
8c78b220-a95a-47cf-9332-5ba36d20e862	07a9735d-7a5c-430b-b852-86d24ee515d2	("(""(""""(semantics)"""",type)"",id)",132a51d6-2341-48e2-bcd9-9be794bd9942)
8c7f08f7-0609-4754-af21-1d6319c3d875	130ab52f-b76a-4254-a244-a605dc6d6180	("(""(""""(semantics)"""",column)"",id)",13cb8ae2-453c-4f28-b54f-fab15e4029f3)
8d17876c-906f-4fb1-8191-c6d8351f8c6b	01a9fb18-b8a8-4091-8323-ecf12ed646e9	("(""(""""(semantics)"""",type)"",id)",e55de128-dac3-4e87-be70-3665fb49a96e)
8d453520-9054-4274-bf5c-b953920fae4f	ce6ec5db-ac9e-4605-aeae-cb5c2b5ec12b	("(""(""""(semantics)"""",column_purpose)"",id)",2e8ca7b6-777d-4c06-94b7-efdfa651f16a)
8de4271c-3378-4ae1-9c20-3d3b755440f1	01a9fb18-b8a8-4091-8323-ecf12ed646e9	("(""(""""(widget)"""",widget)"",id)",0b3b5614-8338-4d32-8290-fbb213d1b7c1)
8e2db5da-ecea-455a-8d32-53a54c3ac02a	07a9735d-7a5c-430b-b852-86d24ee515d2	("(""(""""(semantics)"""",relation)"",id)",619b182f-4a17-4111-905f-091cfe578842)
8e41a205-4880-430f-9330-d3ce71427838	01a9fb18-b8a8-4091-8323-ecf12ed646e9	("(""(""""(semantics)"""",type)"",id)",cafc69ba-e748-4695-a5be-b9dfe803aff5)
8e71ac8a-a1ad-42c0-8fc8-d4bd7c5e5e25	d7edc5b4-be19-4b94-b686-c051485c9f6d	("(""(""""(widget)"""",widget)"",id)",0b3b5614-8338-4d32-8290-fbb213d1b7c1)
8ec02834-2737-4e4b-bdea-087c9e3d98e3	130ab52f-b76a-4254-a244-a605dc6d6180	("(""(""""(semantics)"""",column)"",id)",8e90a3d1-a547-4e40-bcec-11359a7b0a94)
9008b033-a26b-4f1e-a3cd-38456017052a	cbc57da4-857d-4411-9245-e19943c8c875	("(""(""""(semantics)"""",type)"",id)",cafc69ba-e748-4695-a5be-b9dfe803aff5)
90a0cc8d-f14c-4cae-ba5d-e666e69968a7	4255cd2a-3712-4e15-9f76-dd1700ccd6fb	("(""(""""(semantics)"""",relation_purpose)"",id)",d1f29c6b-b861-40de-be53-a8ee785b1cfc)
913696b4-8d10-40b9-b20b-04217652203d	07a9735d-7a5c-430b-b852-86d24ee515d2	("(""(""""(semantics)"""",relation_purpose)"",id)",8e0a718c-420d-4d46-9239-bf213e433d17)
916438a0-c666-4ef2-a0d6-457294be495a	01a9fb18-b8a8-4091-8323-ecf12ed646e9	("(""(""""(semantics)"""",column_purpose)"",id)",2e8ca7b6-777d-4c06-94b7-efdfa651f16a)
91fccfbf-8dfe-4852-8293-7fa86b723c6d	d7edc5b4-be19-4b94-b686-c051485c9f6d	("(""(""""(widget)"""",widget)"",id)",7e7fa68f-46e6-4d9f-bdb0-74449059ae7c)
92ef6656-f912-4c0b-a722-77c06b4bb6f2	cbc57da4-857d-4411-9245-e19943c8c875	("(""(""""(semantics)"""",column)"",id)",45bcce0e-96a8-4cb8-9d3f-4cf6b1555140)
936dbb4d-e82b-4f6f-a602-d9a5a3685c74	cbc57da4-857d-4411-9245-e19943c8c875	("(""(""""(widget)"""",widget)"",id)",7e7fa68f-46e6-4d9f-bdb0-74449059ae7c)
93fcc80a-90a5-4399-bf60-9cab972bb12e	07a9735d-7a5c-430b-b852-86d24ee515d2	("(""(""""(semantics)"""",column_purpose)"",id)",f32898b2-412a-41ce-a610-39e756db0321)
943d74c2-0667-4460-b687-8588f6b89f33	4255cd2a-3712-4e15-9f76-dd1700ccd6fb	("(""(""""(widget)"""",widget)"",id)",9ab9441c-b4d5-4ad4-86eb-e0d4048b0195)
94c4f0d5-1388-41c7-836f-877b67cbec68	2768eac2-a214-4e01-8ec3-3a3e3727fac8	("(""(""""(semantics)"""",type)"",id)",b4117506-4236-4f65-9a13-c7dca950ddf0)
95460179-aae8-4ddf-ada0-50a812d6cbe0	4255cd2a-3712-4e15-9f76-dd1700ccd6fb	("(""(""""(widget)"""",widget)"",id)",8455594e-0a7c-497b-bdab-336f8cb56f51)
960397c7-5b31-441d-9165-b9a003c9bb35	2768eac2-a214-4e01-8ec3-3a3e3727fac8	("(""(""""(widget)"""",widget)"",id)",fbcd433f-4644-4cf6-8695-3057fd928db3)
97364bea-245b-4530-8714-ea66e3f35d92	d7edc5b4-be19-4b94-b686-c051485c9f6d	("(""(""""(semantics)"""",relation_purpose)"",id)",8e0a718c-420d-4d46-9239-bf213e433d17)
9779c224-95e7-44d7-8f83-9b4965f822c2	07a9735d-7a5c-430b-b852-86d24ee515d2	("(""(""""(semantics)"""",column)"",id)",2766f45b-c89f-45c5-bbb2-ea1106bc96d7)
97eb848b-6357-4ab7-bcc6-53fc7e284773	d7edc5b4-be19-4b94-b686-c051485c9f6d	("(""(""""(semantics)"""",column)"",id)",67f9ea1f-da5e-4bf7-ac01-59de72240047)
989f6b27-6d4d-4cac-b98c-1a0b9b852790	2768eac2-a214-4e01-8ec3-3a3e3727fac8	("(""(""""(semantics)"""",relation_purpose)"",id)",d97b737d-e9d3-4238-96f1-b952a1c37230)
993fbd2f-69ab-4c6e-9132-aa2152f0887b	cbc57da4-857d-4411-9245-e19943c8c875	("(""(""""(semantics)"""",relation)"",id)",916d8772-e268-42c7-bcd4-8e796d007b96)
995d4290-a012-43c5-8633-375c1bd14e18	4255cd2a-3712-4e15-9f76-dd1700ccd6fb	("(""(""""(semantics)"""",type)"",id)",188d7c72-3d13-4508-b68a-b07733e48454)
9962cd0e-c175-4796-8632-92f8579030c0	4255cd2a-3712-4e15-9f76-dd1700ccd6fb	("(""(""""(semantics)"""",relation)"",id)",88d558bb-a389-4012-872e-665ec6b34982)
9987a7fd-cb61-4999-a239-b29fb66db92b	2768eac2-a214-4e01-8ec3-3a3e3727fac8	("(""(""""(semantics)"""",column_purpose)"",id)",c174b1ce-fd10-477d-9ff6-d6c4b5cd2e23)
99e3ae9e-db37-4bec-9339-b6e096258fcc	8f74bf64-037d-4363-938d-2b522e53f67d	("(""(""""(semantics)"""",relation_purpose)"",id)",d1f29c6b-b861-40de-be53-a8ee785b1cfc)
9a57e760-817d-4bca-a747-2a2d574f4659	d7edc5b4-be19-4b94-b686-c051485c9f6d	("(""(""""(semantics)"""",relation)"",id)",916d8772-e268-42c7-bcd4-8e796d007b96)
9adbce85-1a89-4a0d-8ad6-3e8442e30e83	8f74bf64-037d-4363-938d-2b522e53f67d	("(""(""""(widget)"""",widget)"",id)",b9251ff6-33e3-451d-a381-460cad737c71)
9b2e50a8-c464-4f69-82e4-007e56b52cdb	cbc57da4-857d-4411-9245-e19943c8c875	("(""(""""(semantics)"""",type)"",id)",e55de128-dac3-4e87-be70-3665fb49a96e)
9bf34d06-257f-48a5-ae95-ecaa6ebc8849	cbc57da4-857d-4411-9245-e19943c8c875	("(""(""""(semantics)"""",column_purpose)"",id)",138b0f75-82c9-4eb5-afbf-c34bcbf0b008)
9c55672f-0c16-4b6c-91a9-9b62d92f6649	130ab52f-b76a-4254-a244-a605dc6d6180	("(""(""""(semantics)"""",type)"",id)",a38553f8-c86c-4318-a39c-0f0e1aee5954)
9d2b1e3c-c379-484d-8c07-e8d922157a14	4255cd2a-3712-4e15-9f76-dd1700ccd6fb	("(""(""""(widget)"""",widget)"",id)",faf836cf-b1eb-4173-b2f5-c14dfc79d3d3)
9d3179a7-43b4-41be-9f6f-268b69516244	d7edc5b4-be19-4b94-b686-c051485c9f6d	("(""(""""(semantics)"""",relation_purpose)"",id)",df6d1b09-280a-436e-8b89-8d41feb95173)
9d35bebd-ba25-4bc9-b787-a5da0727fe90	cbc57da4-857d-4411-9245-e19943c8c875	("(""(""""(widget)"""",widget)"",id)",685b6e67-b3dc-4890-94c4-2b9b09e6e286)
9d75ab75-9c4d-486b-932b-2b8d8caaa0f7	2768eac2-a214-4e01-8ec3-3a3e3727fac8	("(""(""""(semantics)"""",relation_purpose)"",id)",8e0a718c-420d-4d46-9239-bf213e433d17)
9d8c7ed4-261e-4638-9430-3a1514014100	07a9735d-7a5c-430b-b852-86d24ee515d2	("(""(""""(semantics)"""",column_purpose)"",id)",c174b1ce-fd10-477d-9ff6-d6c4b5cd2e23)
9e1ed35e-a5ad-4672-946f-71129d22372e	4255cd2a-3712-4e15-9f76-dd1700ccd6fb	("(""(""""(semantics)"""",relation)"",id)",d268c377-f258-412b-946f-671764b25913)
9e28c800-ffde-48e8-8a55-471e4003da7e	01a9fb18-b8a8-4091-8323-ecf12ed646e9	("(""(""""(semantics)"""",column_purpose)"",id)",f071b1ed-df9d-4279-ae2d-218b2bfffc14)
9ed2c095-d898-40f7-b618-4119ebd26392	d7edc5b4-be19-4b94-b686-c051485c9f6d	("(""(""""(widget)"""",widget)"",id)",8455594e-0a7c-497b-bdab-336f8cb56f51)
9fed2ffd-161d-4f35-afdc-f30f9c5a3159	8f74bf64-037d-4363-938d-2b522e53f67d	("(""(""""(semantics)"""",relation_purpose)"",id)",f6c5abc9-3f72-42c6-ba43-10e51b46beaa)
a0115140-4b39-493f-b0a2-6486a01e7e02	cbc57da4-857d-4411-9245-e19943c8c875	("(""(""""(semantics)"""",column_purpose)"",id)",9a04641e-2348-41d5-86fe-3ad726dbaa94)
a1fcb9f8-409e-41c8-a6b9-cf01512d2ff0	07a9735d-7a5c-430b-b852-86d24ee515d2	("(""(""""(semantics)"""",type)"",id)",122b29f3-4029-4065-a0b4-465bac4be286)
a2761633-db0c-4e50-9f07-e9fdf5ce2b6e	130ab52f-b76a-4254-a244-a605dc6d6180	("(""(""""(widget)"""",widget)"",id)",0b3b5614-8338-4d32-8290-fbb213d1b7c1)
a3ccbb6b-3a06-4b40-a0f1-d60d6910ffd4	ce6ec5db-ac9e-4605-aeae-cb5c2b5ec12b	("(""(""""(widget)"""",widget)"",id)",0b3b5614-8338-4d32-8290-fbb213d1b7c1)
a40fbdcf-082c-46a4-83b9-7ac063d099da	d7edc5b4-be19-4b94-b686-c051485c9f6d	("(""(""""(semantics)"""",column_purpose)"",id)",501222cf-f62c-4cfb-b7bc-937dca0c7fca)
a4ce5d95-7919-4bfb-9a68-4b0a713c29e8	8f74bf64-037d-4363-938d-2b522e53f67d	("(""(""""(semantics)"""",type)"",id)",e55de128-dac3-4e87-be70-3665fb49a96e)
a5cc2065-2eef-410b-8fd2-66c4e966f8d3	8f74bf64-037d-4363-938d-2b522e53f67d	("(""(""""(semantics)"""",column)"",id)",8e90a3d1-a547-4e40-bcec-11359a7b0a94)
a6a58c82-e49b-4020-9883-327e100dc2b9	01a9fb18-b8a8-4091-8323-ecf12ed646e9	("(""(""""(semantics)"""",relation)"",id)",619b182f-4a17-4111-905f-091cfe578842)
a6b1eb5b-77ee-49cb-9186-116b2cc13706	ce6ec5db-ac9e-4605-aeae-cb5c2b5ec12b	("(""(""""(semantics)"""",column_purpose)"",id)",340ef112-9934-4c65-9027-37f9a5aea110)
a702025b-3671-4f0b-8c8d-04fa0ec61d61	07a9735d-7a5c-430b-b852-86d24ee515d2	("(""(""""(semantics)"""",relation_purpose)"",id)",f6c5abc9-3f72-42c6-ba43-10e51b46beaa)
a713a08e-06ce-4f10-ae66-2381378e9cb9	130ab52f-b76a-4254-a244-a605dc6d6180	("(""(""""(semantics)"""",column_purpose)"",id)",501222cf-f62c-4cfb-b7bc-937dca0c7fca)
a7896451-f7f5-41bd-8e50-ec6ab460457c	07a9735d-7a5c-430b-b852-86d24ee515d2	("(""(""""(semantics)"""",type)"",id)",cafc69ba-e748-4695-a5be-b9dfe803aff5)
a7e8eda9-1d15-47c5-ba4d-91c325b073e9	d7edc5b4-be19-4b94-b686-c051485c9f6d	("(""(""""(semantics)"""",column_purpose)"",id)",2e8ca7b6-777d-4c06-94b7-efdfa651f16a)
a8d5aea2-9aa4-41f9-8b52-d7ef97ea823f	01a9fb18-b8a8-4091-8323-ecf12ed646e9	("(""(""""(semantics)"""",column)"",id)",5cc67297-5959-4bbd-b113-30ca581c6180)
a8ef44e8-0056-4e8a-a0f5-60775f197cbe	07a9735d-7a5c-430b-b852-86d24ee515d2	("(""(""""(widget)"""",widget)"",id)",685b6e67-b3dc-4890-94c4-2b9b09e6e286)
a90bfa99-9d74-43c4-aa4b-9a5f99068841	4255cd2a-3712-4e15-9f76-dd1700ccd6fb	("(""(""""(semantics)"""",relation)"",id)",916d8772-e268-42c7-bcd4-8e796d007b96)
aa61485a-ab07-462b-8758-7f7c0d27e4a4	ce6ec5db-ac9e-4605-aeae-cb5c2b5ec12b	("(""(""""(semantics)"""",column)"",id)",27004682-519f-439e-83bc-97a9338cd454)
abaab47b-997d-4b8b-8ce1-199820b5856d	cbc57da4-857d-4411-9245-e19943c8c875	("(""(""""(semantics)"""",column)"",id)",8e90a3d1-a547-4e40-bcec-11359a7b0a94)
abb943a8-ba02-4929-9956-a0871be03fc6	130ab52f-b76a-4254-a244-a605dc6d6180	("(""(""""(semantics)"""",relation_purpose)"",id)",d1f29c6b-b861-40de-be53-a8ee785b1cfc)
abd32798-6b40-46da-866f-88b827400f13	ce6ec5db-ac9e-4605-aeae-cb5c2b5ec12b	("(""(""""(semantics)"""",column_purpose)"",id)",c62d2ceb-6ed2-49ff-857a-f790d40111c8)
adc9195f-0bec-4fa1-89b8-63567d454a8d	07a9735d-7a5c-430b-b852-86d24ee515d2	("(""(""""(semantics)"""",column)"",id)",22d7e730-ce65-42d3-86b1-7c5b8aabbe23)
adf7e654-c677-4543-bed9-9e3c90967224	2768eac2-a214-4e01-8ec3-3a3e3727fac8	("(""(""""(semantics)"""",relation)"",id)",d268c377-f258-412b-946f-671764b25913)
b21e144a-3034-4850-901b-a38d97370e9a	cbc57da4-857d-4411-9245-e19943c8c875	("(""(""""(semantics)"""",column_purpose)"",id)",6159ecb9-3821-4a57-8463-fab618da324b)
b2979cfc-2bbc-430c-afd2-9e33442dc115	2768eac2-a214-4e01-8ec3-3a3e3727fac8	("(""(""""(semantics)"""",column_purpose)"",id)",191b0c4b-75a3-462c-bb97-89340a023afc)
b2ccba1f-fede-4c2f-ad5f-d498cc050ce4	130ab52f-b76a-4254-a244-a605dc6d6180	("(""(""""(widget)"""",widget)"",id)",7e7fa68f-46e6-4d9f-bdb0-74449059ae7c)
b3153815-5425-48a8-b1ac-29aeeaa6e499	cbc57da4-857d-4411-9245-e19943c8c875	("(""(""""(semantics)"""",relation_purpose)"",id)",f6c5abc9-3f72-42c6-ba43-10e51b46beaa)
b440dd1b-44d7-4018-8722-d75274dbd4d2	2768eac2-a214-4e01-8ec3-3a3e3727fac8	("(""(""""(semantics)"""",column)"",id)",27004682-519f-439e-83bc-97a9338cd454)
b48aa277-daa4-4cf4-a2d8-082c1b066c2e	ce6ec5db-ac9e-4605-aeae-cb5c2b5ec12b	("(""(""""(semantics)"""",column_purpose)"",id)",6159ecb9-3821-4a57-8463-fab618da324b)
b587e82a-3f89-42bf-85db-ebc9af148f38	ce6ec5db-ac9e-4605-aeae-cb5c2b5ec12b	("(""(""""(widget)"""",widget)"",id)",2c61d48d-8ade-4057-a506-62f5d2c47af7)
b5ba86e2-de95-4d46-9702-c894696f7112	8f74bf64-037d-4363-938d-2b522e53f67d	("(""(""""(widget)"""",widget)"",id)",685b6e67-b3dc-4890-94c4-2b9b09e6e286)
b7362c87-1c54-4f43-b93f-4d907851be8a	2768eac2-a214-4e01-8ec3-3a3e3727fac8	("(""(""""(semantics)"""",column_purpose)"",id)",340ef112-9934-4c65-9027-37f9a5aea110)
b74a6a9b-d6af-48af-aaec-89962441a5ba	130ab52f-b76a-4254-a244-a605dc6d6180	("(""(""""(semantics)"""",column_purpose)"",id)",c62d2ceb-6ed2-49ff-857a-f790d40111c8)
b7d60a23-429a-4d42-b022-2006c0a3a6bc	d7edc5b4-be19-4b94-b686-c051485c9f6d	("(""(""""(widget)"""",widget)"",id)",2c61d48d-8ade-4057-a506-62f5d2c47af7)
b7e42e95-591e-4289-bda1-f6c45af4ba05	4255cd2a-3712-4e15-9f76-dd1700ccd6fb	("(""(""""(semantics)"""",column_purpose)"",id)",191b0c4b-75a3-462c-bb97-89340a023afc)
b7f50ad4-b67e-487e-b58f-b960e2c2971e	130ab52f-b76a-4254-a244-a605dc6d6180	("(""(""""(semantics)"""",column)"",id)",45bcce0e-96a8-4cb8-9d3f-4cf6b1555140)
b8a86341-c791-44e9-a3f7-4e9407b16620	130ab52f-b76a-4254-a244-a605dc6d6180	("(""(""""(semantics)"""",type)"",id)",e55de128-dac3-4e87-be70-3665fb49a96e)
b9b82416-368c-40c7-8d49-dbf580575860	01a9fb18-b8a8-4091-8323-ecf12ed646e9	("(""(""""(semantics)"""",column)"",id)",127fe8b9-7429-475f-a062-20bbe09b1280)
b9d8d31f-d17f-4b67-a7c9-516c15fb9cfc	01a9fb18-b8a8-4091-8323-ecf12ed646e9	("(""(""""(widget)"""",widget)"",id)",2c61d48d-8ade-4057-a506-62f5d2c47af7)
ba45162b-05e9-401c-92f5-0d1b3d4f4d10	130ab52f-b76a-4254-a244-a605dc6d6180	("(""(""""(widget)"""",widget)"",id)",faf836cf-b1eb-4173-b2f5-c14dfc79d3d3)
bab084bd-a4b1-44bb-9985-2363201cd183	8f74bf64-037d-4363-938d-2b522e53f67d	("(""(""""(semantics)"""",type)"",id)",122b29f3-4029-4065-a0b4-465bac4be286)
bb1e7ff9-96c6-4fa8-98e9-4dd2a7c6899f	2768eac2-a214-4e01-8ec3-3a3e3727fac8	("(""(""""(widget)"""",widget)"",id)",9ab9441c-b4d5-4ad4-86eb-e0d4048b0195)
bb4bb0de-84d6-4e3f-bea0-31569a353a44	07a9735d-7a5c-430b-b852-86d24ee515d2	("(""(""""(widget)"""",widget)"",id)",50697996-f20f-4e45-9c4c-f3041dee2629)
bf34f665-0c5b-4173-aca1-120a08a5ea1b	01a9fb18-b8a8-4091-8323-ecf12ed646e9	("(""(""""(semantics)"""",column_purpose)"",id)",340ef112-9934-4c65-9027-37f9a5aea110)
bf428974-721b-416a-98a7-4f4e35b0b918	07a9735d-7a5c-430b-b852-86d24ee515d2	("(""(""""(widget)"""",widget)"",id)",fbcd433f-4644-4cf6-8695-3057fd928db3)
bf6ec10d-29bb-4449-850f-cf08f4eb7c29	01a9fb18-b8a8-4091-8323-ecf12ed646e9	("(""(""""(semantics)"""",relation_purpose)"",id)",ef554d45-011b-4c93-9c8f-887d870dd0e6)
bfe15449-20ef-445f-aa03-bc96450589a9	2768eac2-a214-4e01-8ec3-3a3e3727fac8	("(""(""""(semantics)"""",relation_purpose)"",id)",df6d1b09-280a-436e-8b89-8d41feb95173)
c039e06e-be01-4d9f-aafc-bb373bf8008f	2768eac2-a214-4e01-8ec3-3a3e3727fac8	("(""(""""(semantics)"""",column_purpose)"",id)",501222cf-f62c-4cfb-b7bc-937dca0c7fca)
c099bab0-f787-4a00-ab52-f7528a09a46f	2768eac2-a214-4e01-8ec3-3a3e3727fac8	("(""(""""(widget)"""",widget)"",id)",50697996-f20f-4e45-9c4c-f3041dee2629)
c0dd869a-41bc-4950-8010-f8dd11c757c8	8f74bf64-037d-4363-938d-2b522e53f67d	("(""(""""(semantics)"""",column_purpose)"",id)",2643fd82-2eba-4123-bf7a-b9c0daa1adcb)
c207ad24-3ad0-40ee-8c29-cda20642a6e1	cbc57da4-857d-4411-9245-e19943c8c875	("(""(""""(widget)"""",widget)"",id)",fbcd433f-4644-4cf6-8695-3057fd928db3)
c310829a-0249-4890-ae88-ad46f3912693	8f74bf64-037d-4363-938d-2b522e53f67d	("(""(""""(semantics)"""",column)"",id)",45bcce0e-96a8-4cb8-9d3f-4cf6b1555140)
c424a5cb-2095-456b-927a-853af301fb52	01a9fb18-b8a8-4091-8323-ecf12ed646e9	("(""(""""(semantics)"""",column)"",id)",2766f45b-c89f-45c5-bbb2-ea1106bc96d7)
c48953af-f4e0-466a-8d6b-64fdd1ce86bc	8f74bf64-037d-4363-938d-2b522e53f67d	("(""(""""(semantics)"""",relation_purpose)"",id)",f67acea7-d3d4-427b-8749-973c6664ce9a)
c4b93bd7-fa7f-4ef0-bac8-e76cb1dcf2d6	d7edc5b4-be19-4b94-b686-c051485c9f6d	("(""(""""(semantics)"""",column_purpose)"",id)",c62d2ceb-6ed2-49ff-857a-f790d40111c8)
c657723c-1d16-4862-af4c-3be33f6b7226	07a9735d-7a5c-430b-b852-86d24ee515d2	("(""(""""(semantics)"""",relation_purpose)"",id)",f67acea7-d3d4-427b-8749-973c6664ce9a)
c666a00c-68ef-475b-95e4-0a9b9b3a10c8	ce6ec5db-ac9e-4605-aeae-cb5c2b5ec12b	("(""(""""(semantics)"""",type)"",id)",122b29f3-4029-4065-a0b4-465bac4be286)
c71c1710-f75a-4d61-a92b-2c368c0e5934	07a9735d-7a5c-430b-b852-86d24ee515d2	("(""(""""(semantics)"""",type)"",id)",e55de128-dac3-4e87-be70-3665fb49a96e)
c7232767-aaae-4189-b2ee-da9a407a45be	8f74bf64-037d-4363-938d-2b522e53f67d	("(""(""""(semantics)"""",relation_purpose)"",id)",8e0a718c-420d-4d46-9239-bf213e433d17)
c8c8c440-fe42-4fdb-9b76-2b442b24df46	130ab52f-b76a-4254-a244-a605dc6d6180	("(""(""""(semantics)"""",type)"",id)",132a51d6-2341-48e2-bcd9-9be794bd9942)
c8d8d897-19f4-45a9-9efd-c015d519fb2a	07a9735d-7a5c-430b-b852-86d24ee515d2	("(""(""""(semantics)"""",column_purpose)"",id)",9a04641e-2348-41d5-86fe-3ad726dbaa94)
c95637f3-f8c0-4b53-b6a6-ebeb2628c6af	8f74bf64-037d-4363-938d-2b522e53f67d	("(""(""""(semantics)"""",type)"",id)",30c85abd-fa53-4429-b088-5e78c7589568)
c9f11879-d757-419b-8098-e39ea4099250	8f74bf64-037d-4363-938d-2b522e53f67d	("(""(""""(semantics)"""",column_purpose)"",id)",c62d2ceb-6ed2-49ff-857a-f790d40111c8)
cb472b41-fd4d-4701-b53a-b244798df222	ce6ec5db-ac9e-4605-aeae-cb5c2b5ec12b	("(""(""""(semantics)"""",column)"",id)",3448afcd-f2d3-4c84-a8e6-73917266bbb6)
cb8560fe-8191-47a0-aa30-ce949e2e6c85	8f74bf64-037d-4363-938d-2b522e53f67d	("(""(""""(widget)"""",widget)"",id)",2c61d48d-8ade-4057-a506-62f5d2c47af7)
cb8766c3-2a74-4cf4-a4a7-71d6f3d0c4aa	8f74bf64-037d-4363-938d-2b522e53f67d	("(""(""""(semantics)"""",type)"",id)",a38553f8-c86c-4318-a39c-0f0e1aee5954)
cc1bc5aa-18e8-4def-862c-14d5102fb8ff	07a9735d-7a5c-430b-b852-86d24ee515d2	("(""(""""(widget)"""",widget)"",id)",8455594e-0a7c-497b-bdab-336f8cb56f51)
cc485236-22d2-492c-a51f-383a47937f4b	01a9fb18-b8a8-4091-8323-ecf12ed646e9	("(""(""""(semantics)"""",column)"",id)",27004682-519f-439e-83bc-97a9338cd454)
cc8170f6-8dd0-4c2f-a2d0-a5df29664f80	130ab52f-b76a-4254-a244-a605dc6d6180	("(""(""""(semantics)"""",column_purpose)"",id)",6159ecb9-3821-4a57-8463-fab618da324b)
cdb4eb0a-76de-41b3-8fb6-0d91560d1693	4255cd2a-3712-4e15-9f76-dd1700ccd6fb	("(""(""""(semantics)"""",relation_purpose)"",id)",8e0a718c-420d-4d46-9239-bf213e433d17)
ce17599f-818d-46fe-bfaf-eaf08f564b78	ce6ec5db-ac9e-4605-aeae-cb5c2b5ec12b	("(""(""""(semantics)"""",type)"",id)",8d127696-d3d7-4d7e-8336-0821da3c9a55)
cf8c3902-e338-47e7-b452-7178f2e157e1	cbc57da4-857d-4411-9245-e19943c8c875	("(""(""""(semantics)"""",column_purpose)"",id)",2643fd82-2eba-4123-bf7a-b9c0daa1adcb)
d0300792-0a2e-4b1b-94f9-5b74b68ec33d	4255cd2a-3712-4e15-9f76-dd1700ccd6fb	("(""(""""(semantics)"""",type)"",id)",30c85abd-fa53-4429-b088-5e78c7589568)
d0880192-da95-4861-b6c8-31c5e8519dcc	8f74bf64-037d-4363-938d-2b522e53f67d	("(""(""""(semantics)"""",column_purpose)"",id)",191b0c4b-75a3-462c-bb97-89340a023afc)
d1b3f985-fe8c-4499-bcd1-e4da6200ce19	2768eac2-a214-4e01-8ec3-3a3e3727fac8	("(""(""""(widget)"""",widget)"",id)",faf836cf-b1eb-4173-b2f5-c14dfc79d3d3)
d2907914-d7b0-4dc6-8165-2c8b85e14a4b	130ab52f-b76a-4254-a244-a605dc6d6180	("(""(""""(semantics)"""",column_purpose)"",id)",c174b1ce-fd10-477d-9ff6-d6c4b5cd2e23)
d2c1133e-d0cc-4d30-9a13-a0b0f604a5e9	2768eac2-a214-4e01-8ec3-3a3e3727fac8	("(""(""""(widget)"""",widget)"",id)",0b3b5614-8338-4d32-8290-fbb213d1b7c1)
d3f23e66-7f64-42d2-aebb-6370474b1aa0	d7edc5b4-be19-4b94-b686-c051485c9f6d	("(""(""""(semantics)"""",column_purpose)"",id)",f69056cc-c718-4835-a091-d12380639e79)
d3fc0d34-9f51-446f-8aab-3b1f2102a655	01a9fb18-b8a8-4091-8323-ecf12ed646e9	("(""(""""(semantics)"""",column_purpose)"",id)",c174b1ce-fd10-477d-9ff6-d6c4b5cd2e23)
d46799b1-d313-4f9b-826b-dc929c5112c2	4255cd2a-3712-4e15-9f76-dd1700ccd6fb	("(""(""""(widget)"""",widget)"",id)",7e7fa68f-46e6-4d9f-bdb0-74449059ae7c)
d50ef392-5b0e-49e0-927c-4e02d33441db	07a9735d-7a5c-430b-b852-86d24ee515d2	("(""(""""(semantics)"""",column_purpose)"",id)",2e8ca7b6-777d-4c06-94b7-efdfa651f16a)
d664507b-03f8-44f3-b389-7b7a84863728	4255cd2a-3712-4e15-9f76-dd1700ccd6fb	("(""(""""(widget)"""",widget)"",id)",685b6e67-b3dc-4890-94c4-2b9b09e6e286)
d73fb13b-e850-41fc-a0cb-c83c307ec6b1	ce6ec5db-ac9e-4605-aeae-cb5c2b5ec12b	("(""(""""(semantics)"""",column)"",id)",45bcce0e-96a8-4cb8-9d3f-4cf6b1555140)
d75e1315-9a04-49c7-95fe-799e734b9a34	01a9fb18-b8a8-4091-8323-ecf12ed646e9	("(""(""""(semantics)"""",column)"",id)",22d7e730-ce65-42d3-86b1-7c5b8aabbe23)
d823b079-a0a2-4f74-9c21-e896cc7daa02	8f74bf64-037d-4363-938d-2b522e53f67d	("(""(""""(semantics)"""",type)"",id)",132a51d6-2341-48e2-bcd9-9be794bd9942)
d8c1bdc4-37ec-4c8a-b68b-3c3d0faf85d5	cbc57da4-857d-4411-9245-e19943c8c875	("(""(""""(widget)"""",widget)"",id)",8455594e-0a7c-497b-bdab-336f8cb56f51)
d98ff471-d6be-425a-98f2-3e9a54e22166	ce6ec5db-ac9e-4605-aeae-cb5c2b5ec12b	("(""(""""(widget)"""",widget)"",id)",3da8b760-d32d-4472-bdc0-8e93ea8c53ac)
d9e2c178-c46f-4314-bb68-45fc78c2232c	8f74bf64-037d-4363-938d-2b522e53f67d	("(""(""""(semantics)"""",column_purpose)"",id)",f32898b2-412a-41ce-a610-39e756db0321)
da05bab0-6c67-454b-9652-86b8386dd86b	07a9735d-7a5c-430b-b852-86d24ee515d2	("(""(""""(semantics)"""",column)"",id)",3448afcd-f2d3-4c84-a8e6-73917266bbb6)
dad1103e-9990-4d24-9d66-5b4243988d76	d7edc5b4-be19-4b94-b686-c051485c9f6d	("(""(""""(semantics)"""",column_purpose)"",id)",9a04641e-2348-41d5-86fe-3ad726dbaa94)
db468269-9e37-4638-a830-06bdf5338091	d7edc5b4-be19-4b94-b686-c051485c9f6d	("(""(""""(semantics)"""",relation)"",id)",619b182f-4a17-4111-905f-091cfe578842)
dbc50688-8e43-4b51-b0a8-a752ee50c211	4255cd2a-3712-4e15-9f76-dd1700ccd6fb	("(""(""""(semantics)"""",type)"",id)",122b29f3-4029-4065-a0b4-465bac4be286)
dcd888d8-d16d-479c-bc0d-52d2499e3a66	07a9735d-7a5c-430b-b852-86d24ee515d2	("(""(""""(semantics)"""",relation)"",id)",916d8772-e268-42c7-bcd4-8e796d007b96)
dd2a3317-e070-4614-8a5c-14cd5ef424fc	d7edc5b4-be19-4b94-b686-c051485c9f6d	("(""(""""(semantics)"""",column)"",id)",127fe8b9-7429-475f-a062-20bbe09b1280)
de2f0747-c16b-4768-92d7-5cc085a9828b	130ab52f-b76a-4254-a244-a605dc6d6180	("(""(""""(semantics)"""",column)"",id)",22d7e730-ce65-42d3-86b1-7c5b8aabbe23)
de4eed05-abe6-4a93-85a5-6da9f895a514	07a9735d-7a5c-430b-b852-86d24ee515d2	("(""(""""(semantics)"""",type)"",id)",30c85abd-fa53-4429-b088-5e78c7589568)
de85af28-5449-4502-8a51-32a92888cecb	cbc57da4-857d-4411-9245-e19943c8c875	("(""(""""(semantics)"""",relation_purpose)"",id)",8e0a718c-420d-4d46-9239-bf213e433d17)
dec179eb-45d8-4b90-9a1b-5698af3cceb6	d7edc5b4-be19-4b94-b686-c051485c9f6d	("(""(""""(semantics)"""",relation_purpose)"",id)",d97b737d-e9d3-4238-96f1-b952a1c37230)
dec7e508-9fdd-4c4c-8bb3-8ed7a27a891e	ce6ec5db-ac9e-4605-aeae-cb5c2b5ec12b	("(""(""""(semantics)"""",relation)"",id)",619b182f-4a17-4111-905f-091cfe578842)
dfa1ffc5-f3bc-4d6f-a5b7-1069fddc9837	ce6ec5db-ac9e-4605-aeae-cb5c2b5ec12b	("(""(""""(semantics)"""",type)"",id)",a38553f8-c86c-4318-a39c-0f0e1aee5954)
e0bce56e-4998-4f6b-a3bd-c3a9b2d5c7ab	ce6ec5db-ac9e-4605-aeae-cb5c2b5ec12b	("(""(""""(semantics)"""",relation_purpose)"",id)",df6d1b09-280a-436e-8b89-8d41feb95173)
e10708a7-6812-478f-b344-5d2b1dddaac9	cbc57da4-857d-4411-9245-e19943c8c875	("(""(""""(widget)"""",widget)"",id)",b9251ff6-33e3-451d-a381-460cad737c71)
e1288d15-4383-4f96-b294-05e520429294	4255cd2a-3712-4e15-9f76-dd1700ccd6fb	("(""(""""(semantics)"""",column)"",id)",22d7e730-ce65-42d3-86b1-7c5b8aabbe23)
e15ba340-cd6a-4943-b2b1-4292e8d6beb2	4255cd2a-3712-4e15-9f76-dd1700ccd6fb	("(""(""""(semantics)"""",relation_purpose)"",id)",f6c5abc9-3f72-42c6-ba43-10e51b46beaa)
e1d3daf4-5d60-4fab-a47a-e13b7896994d	4255cd2a-3712-4e15-9f76-dd1700ccd6fb	("(""(""""(semantics)"""",relation_purpose)"",id)",ef554d45-011b-4c93-9c8f-887d870dd0e6)
e2d3485b-9f35-4f32-bcca-a5ecab1d75a3	d7edc5b4-be19-4b94-b686-c051485c9f6d	("(""(""""(semantics)"""",column_purpose)"",id)",340ef112-9934-4c65-9027-37f9a5aea110)
e2e098c1-e793-40f7-a059-46fead3f4dc9	4255cd2a-3712-4e15-9f76-dd1700ccd6fb	("(""(""""(semantics)"""",column_purpose)"",id)",250ac742-3a66-47e2-a173-0ec9090061f5)
e420e6b4-cc4c-4295-a1fa-c26a29da0fdc	01a9fb18-b8a8-4091-8323-ecf12ed646e9	("(""(""""(semantics)"""",type)"",id)",a38553f8-c86c-4318-a39c-0f0e1aee5954)
e478543d-9046-4c8d-97b0-543c7ab50e08	cbc57da4-857d-4411-9245-e19943c8c875	("(""(""""(widget)"""",widget)"",id)",2c61d48d-8ade-4057-a506-62f5d2c47af7)
e4c6d9bf-c9a3-4e59-84b0-28779d80c4e6	8f74bf64-037d-4363-938d-2b522e53f67d	("(""(""""(semantics)"""",column_purpose)"",id)",501222cf-f62c-4cfb-b7bc-937dca0c7fca)
e4d0fab8-b44d-454e-89a2-5466832fd26e	07a9735d-7a5c-430b-b852-86d24ee515d2	("(""(""""(semantics)"""",type)"",id)",8d127696-d3d7-4d7e-8336-0821da3c9a55)
e5271537-2e83-4de4-9652-7cc1e4ad3c68	8f74bf64-037d-4363-938d-2b522e53f67d	("(""(""""(semantics)"""",column)"",id)",27004682-519f-439e-83bc-97a9338cd454)
e5646d59-8da0-4e60-9468-e344e1c07f8c	2768eac2-a214-4e01-8ec3-3a3e3727fac8	("(""(""""(semantics)"""",column)"",id)",2766f45b-c89f-45c5-bbb2-ea1106bc96d7)
e60b93ef-4719-45f1-901c-368812555428	2768eac2-a214-4e01-8ec3-3a3e3727fac8	("(""(""""(widget)"""",widget)"",id)",2c61d48d-8ade-4057-a506-62f5d2c47af7)
e6446f00-8c90-425a-bba1-d087062ef040	01a9fb18-b8a8-4091-8323-ecf12ed646e9	("(""(""""(semantics)"""",relation_purpose)"",id)",d97b737d-e9d3-4238-96f1-b952a1c37230)
e6a19919-6e00-4c3e-a3a7-226ebf8b6a72	ce6ec5db-ac9e-4605-aeae-cb5c2b5ec12b	("(""(""""(semantics)"""",type)"",id)",e55de128-dac3-4e87-be70-3665fb49a96e)
e6b172e0-fa92-4daf-93e9-eef4361d5ba3	2768eac2-a214-4e01-8ec3-3a3e3727fac8	("(""(""""(semantics)"""",type)"",id)",132a51d6-2341-48e2-bcd9-9be794bd9942)
e71f9208-abbf-4e90-81a0-fcffd0ed16bb	4255cd2a-3712-4e15-9f76-dd1700ccd6fb	("(""(""""(semantics)"""",column_purpose)"",id)",9a04641e-2348-41d5-86fe-3ad726dbaa94)
e8854eb4-f419-465e-b6bd-f025f5609256	ce6ec5db-ac9e-4605-aeae-cb5c2b5ec12b	("(""(""""(widget)"""",widget)"",id)",fbcd433f-4644-4cf6-8695-3057fd928db3)
e931d052-b60d-487a-8b3e-3e9d1956f53b	130ab52f-b76a-4254-a244-a605dc6d6180	("(""(""""(semantics)"""",column_purpose)"",id)",9a04641e-2348-41d5-86fe-3ad726dbaa94)
e94bcd68-d341-4973-b4b3-09ba530201c4	130ab52f-b76a-4254-a244-a605dc6d6180	("(""(""""(semantics)"""",column_purpose)"",id)",138b0f75-82c9-4eb5-afbf-c34bcbf0b008)
e9802743-8763-4718-8284-167538b3d0a7	01a9fb18-b8a8-4091-8323-ecf12ed646e9	("(""(""""(semantics)"""",column_purpose)"",id)",6159ecb9-3821-4a57-8463-fab618da324b)
e9a68d1b-c550-4ec7-ae5f-3c0483ad9bcd	cbc57da4-857d-4411-9245-e19943c8c875	("(""(""""(widget)"""",widget)"",id)",47bb232f-c358-465e-999f-c5fae1d1ee45)
ec42ed0f-a087-4a50-bfc1-6cd992f3b398	d7edc5b4-be19-4b94-b686-c051485c9f6d	("(""(""""(semantics)"""",relation_purpose)"",id)",ef554d45-011b-4c93-9c8f-887d870dd0e6)
ed27db1d-50cd-4ca3-8cee-a0dcb5939aa2	4255cd2a-3712-4e15-9f76-dd1700ccd6fb	("(""(""""(widget)"""",widget)"",id)",b9251ff6-33e3-451d-a381-460cad737c71)
edcf2a4e-85b0-418a-bb12-084f50b2a96a	4255cd2a-3712-4e15-9f76-dd1700ccd6fb	("(""(""""(semantics)"""",column_purpose)"",id)",6159ecb9-3821-4a57-8463-fab618da324b)
edeaee52-8813-404b-a219-a17e364ed971	07a9735d-7a5c-430b-b852-86d24ee515d2	("(""(""""(widget)"""",widget)"",id)",faf836cf-b1eb-4173-b2f5-c14dfc79d3d3)
ee9d5ace-9a1c-4bd2-bb92-ae054957efa5	8f74bf64-037d-4363-938d-2b522e53f67d	("(""(""""(semantics)"""",column_purpose)"",id)",c174b1ce-fd10-477d-9ff6-d6c4b5cd2e23)
ef6721cc-9aea-40f7-9e94-a21583d828a5	8f74bf64-037d-4363-938d-2b522e53f67d	("(""(""""(semantics)"""",column)"",id)",3448afcd-f2d3-4c84-a8e6-73917266bbb6)
efb721a7-99fa-49f9-bfa3-9e55b2befaf3	130ab52f-b76a-4254-a244-a605dc6d6180	("(""(""""(semantics)"""",type)"",id)",8d127696-d3d7-4d7e-8336-0821da3c9a55)
efd5bc82-e6bb-4a80-b884-f79629977213	2768eac2-a214-4e01-8ec3-3a3e3727fac8	("(""(""""(semantics)"""",column_purpose)"",id)",f69056cc-c718-4835-a091-d12380639e79)
f057db27-0924-4cc3-80f6-470880240728	8f74bf64-037d-4363-938d-2b522e53f67d	("(""(""""(semantics)"""",column_purpose)"",id)",f69056cc-c718-4835-a091-d12380639e79)
f08cd199-6ca1-45e4-a50d-f36bfe80ffc2	4255cd2a-3712-4e15-9f76-dd1700ccd6fb	("(""(""""(semantics)"""",column)"",id)",27004682-519f-439e-83bc-97a9338cd454)
f134e9b7-5156-4d3b-9bfc-a6999a8c62a7	01a9fb18-b8a8-4091-8323-ecf12ed646e9	("(""(""""(semantics)"""",column)"",id)",45bcce0e-96a8-4cb8-9d3f-4cf6b1555140)
f34db5c5-92a8-4080-850b-ec515d9b5144	4255cd2a-3712-4e15-9f76-dd1700ccd6fb	("(""(""""(semantics)"""",column)"",id)",45bcce0e-96a8-4cb8-9d3f-4cf6b1555140)
f3a4d7fc-c5f3-4d90-addc-0bf852ca6289	2768eac2-a214-4e01-8ec3-3a3e3727fac8	("(""(""""(semantics)"""",column_purpose)"",id)",6159ecb9-3821-4a57-8463-fab618da324b)
f3abe5a3-9a54-43e3-ad89-4ad0af097636	cbc57da4-857d-4411-9245-e19943c8c875	("(""(""""(semantics)"""",type)"",id)",188d7c72-3d13-4508-b68a-b07733e48454)
f3c66d4d-8805-4a6b-bd56-a04fba96c3ed	4255cd2a-3712-4e15-9f76-dd1700ccd6fb	("(""(""""(semantics)"""",column_purpose)"",id)",138b0f75-82c9-4eb5-afbf-c34bcbf0b008)
f4ad8abb-ebd3-4e54-9d40-eb3c38ef1a66	ce6ec5db-ac9e-4605-aeae-cb5c2b5ec12b	("(""(""""(semantics)"""",column)"",id)",22d7e730-ce65-42d3-86b1-7c5b8aabbe23)
f4c48a8a-6977-427d-ae42-cfef71018702	cbc57da4-857d-4411-9245-e19943c8c875	("(""(""""(semantics)"""",type)"",id)",8d127696-d3d7-4d7e-8336-0821da3c9a55)
f4d0935b-0350-4176-b398-285a384c7ed7	130ab52f-b76a-4254-a244-a605dc6d6180	("(""(""""(semantics)"""",column_purpose)"",id)",191b0c4b-75a3-462c-bb97-89340a023afc)
f4d392e3-cbf0-486e-ae13-057fa4664c07	8f74bf64-037d-4363-938d-2b522e53f67d	("(""(""""(semantics)"""",column_purpose)"",id)",f071b1ed-df9d-4279-ae2d-218b2bfffc14)
f517b0b7-cfd5-40b6-8889-2eece304cbc6	d7edc5b4-be19-4b94-b686-c051485c9f6d	("(""(""""(semantics)"""",column)"",id)",22d7e730-ce65-42d3-86b1-7c5b8aabbe23)
f6140078-ab68-496e-a881-d8877298cc60	d7edc5b4-be19-4b94-b686-c051485c9f6d	("(""(""""(semantics)"""",type)"",id)",cafc69ba-e748-4695-a5be-b9dfe803aff5)
f84c26a3-4e0c-434f-8f3b-f729a195260a	cbc57da4-857d-4411-9245-e19943c8c875	("(""(""""(semantics)"""",relation)"",id)",619b182f-4a17-4111-905f-091cfe578842)
f99bc71f-deb4-4cc8-a212-d52ee914af61	8f74bf64-037d-4363-938d-2b522e53f67d	("(""(""""(semantics)"""",column)"",id)",22d7e730-ce65-42d3-86b1-7c5b8aabbe23)
f9daf2c4-b3a5-4b8a-b0be-6a860bd86187	4255cd2a-3712-4e15-9f76-dd1700ccd6fb	("(""(""""(semantics)"""",type)"",id)",e55de128-dac3-4e87-be70-3665fb49a96e)
fa8fe789-92ce-48b5-8b61-2af3692f6e03	d7edc5b4-be19-4b94-b686-c051485c9f6d	("(""(""""(semantics)"""",relation_purpose)"",id)",d1f29c6b-b861-40de-be53-a8ee785b1cfc)
facf0058-f153-4df4-b4fe-d5bdac861d85	130ab52f-b76a-4254-a244-a605dc6d6180	("(""(""""(semantics)"""",type)"",id)",122b29f3-4029-4065-a0b4-465bac4be286)
fad8ccb7-935e-4404-8bb1-af64a87cbe10	130ab52f-b76a-4254-a244-a605dc6d6180	("(""(""""(semantics)"""",relation)"",id)",d268c377-f258-412b-946f-671764b25913)
fb1ff1e7-b730-4dff-a2ff-6d101af3c9c3	4255cd2a-3712-4e15-9f76-dd1700ccd6fb	("(""(""""(semantics)"""",type)"",id)",cafc69ba-e748-4695-a5be-b9dfe803aff5)
fd06f219-f8e6-4574-b92f-eef05bfe1468	cbc57da4-857d-4411-9245-e19943c8c875	("(""(""""(semantics)"""",column_purpose)"",id)",501222cf-f62c-4cfb-b7bc-937dca0c7fca)
fd55d0f2-1212-4bae-b900-d87d0a839db6	07a9735d-7a5c-430b-b852-86d24ee515d2	("(""(""""(semantics)"""",column_purpose)"",id)",340ef112-9934-4c65-9027-37f9a5aea110)
fde9e06a-f9d7-4c5a-862a-1e9284438518	01a9fb18-b8a8-4091-8323-ecf12ed646e9	("(""(""""(semantics)"""",column)"",id)",67f9ea1f-da5e-4bf7-ac01-59de72240047)
fdefee38-fe5a-4991-b88d-3b316c469f1e	ce6ec5db-ac9e-4605-aeae-cb5c2b5ec12b	("(""(""""(widget)"""",widget)"",id)",7e7fa68f-46e6-4d9f-bdb0-74449059ae7c)
fdf8c968-796e-4a80-a45f-acb7b0ce43b8	2768eac2-a214-4e01-8ec3-3a3e3727fac8	("(""(""""(semantics)"""",column_purpose)"",id)",f071b1ed-df9d-4279-ae2d-218b2bfffc14)
fe7ac1f7-b60d-42c6-8dd1-1a6f95915b4c	07a9735d-7a5c-430b-b852-86d24ee515d2	("(""(""""(semantics)"""",column)"",id)",67f9ea1f-da5e-4bf7-ac01-59de72240047)
ff2c695d-f558-4922-9b37-1025cf1b3693	01a9fb18-b8a8-4091-8323-ecf12ed646e9	("(""(""""(semantics)"""",type)"",id)",b4117506-4236-4f65-9a13-c7dca950ddf0)
ff3c80e8-eb7d-4dc3-8f08-732c48107421	8f74bf64-037d-4363-938d-2b522e53f67d	("(""(""""(widget)"""",widget)"",id)",fbcd433f-4644-4cf6-8695-3057fd928db3)
